{"NUM_UE":8,"NUM_RUE":2,"connected":1,"NUM_DUE":6,"MAX_LEN":2,"SEED":16,"sys_energy":1021.8288964598553,"direct_energy":1378.1517675549715,"avg_energy":60.099409654385447,"direct_avg_energy":143.93818348169637,"EE":2731.2403925466378,"direct_EE":1978.5639532954492,"model_sys_energy":6170.5932142693491,"direct_model_sys_energy":8593.9465232831917,"model_avg_energy":338.00050040168753,"direct_model_avg_energy":879.23677178801154,"sum_rate":null,"direct_sum_rate":2.7267614094546754E+6,"direct_avg_rate_DUE":46330.196700683628,"DUE_power_limit":2,"Mslot":2,"method":"exhaustive-2","time":31467.304839}