{"NUM_UE":7,"NUM_RUE":2,"connected":2,"NUM_DUE":5,"MAX_LEN":2,"SEED":15,"sys_energy":753.62399405839653,"direct_energy":1256.0314913236746,"avg_energy":182.30398791683382,"direct_avg_energy":192.86692245315544,"EE":4208.4578455093088,"direct_EE":2431.7900544110717,"model_sys_energy":4273.1667621313691,"direct_model_sys_energy":7889.9805350393826,"model_avg_energy":1004.1603429063578,"direct_model_avg_energy":1211.5415011071668,"sum_rate":4.6795257657813216E+6,"direct_sum_rate":3.0544048886280181E+6,"direct_avg_rate_DUE":115685.27588264264,"DUE_power_limit":2,"Mslot":2,"method":"exhaustive-2","time":35286.096342}