{"NUM_UE":5,"NUM_RUE":2,"connected":2,"NUM_DUE":3,"MAX_LEN":2,"SEED":22,"sys_energy":371.3978993054115,"direct_energy":803.57609393956079,"avg_energy":163.62679266617391,"direct_avg_energy":192.10844092628651,"EE":32631.448747560182,"direct_EE":14196.83354689895,"model_sys_energy":2076.0401180261156,"direct_model_sys_energy":4897.5369112462686,"model_avg_energy":970.92076934271824,"direct_model_avg_energy":1207.21329088724,"sum_rate":1.8265113213216912E+7,"direct_sum_rate":1.1408236047927178E+7,"direct_avg_rate_DUE":235763.21746561874,"DUE_power_limit":2,"Mslot":2,"method":"exhaustive-2","time":9749.095501}