{"NUM_UE":4,"NUM_RUE":1,"connected":0,"NUM_DUE":3,"MAX_LEN":2,"SEED":35,"sys_energy":758.1826471475506,"direct_energy":758.1826471475506,"avg_energy":0,"direct_avg_energy":158.35292515951261,"EE":305.43830430404893,"direct_EE":305.43830430404893,"model_sys_energy":4708.9993554600769,"direct_model_sys_energy":4708.9993554600769,"model_avg_energy":0,"direct_model_avg_energy":989.72573554092128,"sum_rate":null,"direct_sum_rate":231578.02209750292,"direct_avg_rate_DUE":30511.928595813693,"DUE_power_limit":2,"Mslot":2,"method":"exhaustive-2","time":311.016998}