{"NUM_UE":4,"NUM_RUE":1,"connected":0,"NUM_DUE":3,"MAX_LEN":2,"SEED":33,"sys_energy":762.02281059724555,"direct_energy":762.02281059724555,"avg_energy":154.43936746914008,"direct_avg_energy":154.43936746914008,"EE":1008.3532824718746,"direct_EE":1008.3532824718746,"model_sys_energy":4722.6588113309881,"direct_model_sys_energy":4722.6588113309881,"model_avg_energy":960.836897871155,"direct_model_avg_energy":960.836897871155,"sum_rate":768388.20238417585,"direct_sum_rate":768388.2023841762,"direct_avg_rate_DUE":123762.65075355362,"DUE_power_limit":2,"Mslot":2,"method":"exhaustive-2","time":313.514126}