{"NUM_UE":8,"NUM_RUE":2,"connected":0,"NUM_DUE":6,"MAX_LEN":2,"SEED":35,"sys_energy":1264.5411161549332,"direct_energy":1264.5411161549332,"avg_energy":179.63980016713271,"direct_avg_energy":179.63980016713271,"EE":438.26443563319697,"direct_EE":438.26443563319697,"model_sys_energy":7837.2379040969136,"direct_model_sys_energy":7837.2379040969136,"model_avg_energy":1132.8724599244697,"direct_model_avg_energy":1132.872459924469,"sum_rate":554203.39860661468,"direct_sum_rate":554203.39860661479,"direct_avg_rate_DUE":31051.019341113817,"DUE_power_limit":2,"Mslot":2,"method":"exhaustive-2","time":17840.566736}