{"NUM_UE":8,"NUM_RUE":2,"connected":1,"NUM_DUE":6,"MAX_LEN":2,"SEED":10,"sys_energy":1153.5844792413739,"direct_energy":1376.1822590471029,"avg_energy":109.2546954563734,"direct_avg_energy":135.59963531935895,"EE":531.27984661583866,"direct_EE":431.23135744131844,"model_sys_energy":7033.1947209047239,"direct_model_sys_energy":8563.3384614234128,"model_avg_energy":608.35104925174312,"direct_model_avg_energy":804.667719388294,"sum_rate":877884.52434728038,"direct_sum_rate":593452.94365554233,"direct_avg_rate_DUE":81048.360029929419,"DUE_power_limit":2,"Mslot":2,"method":"exhaustive-2","time":14552.685024}