{"NUM_UE":5,"NUM_RUE":2,"connected":1,"NUM_DUE":3,"MAX_LEN":2,"SEED":33,"sys_energy":715.17049984634059,"direct_energy":874.96690030693208,"avg_energy":177.57203929941329,"direct_avg_energy":178.93878211764934,"EE":1714.7498160732414,"direct_EE":1373.9602868067684,"model_sys_energy":4353.7690826754588,"direct_model_sys_energy":5485.6206101313437,"model_avg_energy":1083.6369485437422,"direct_model_avg_energy":1123.5792998426518,"sum_rate":1.4686269925811922E+6,"direct_sum_rate":1.2021697732921415E+6,"direct_avg_rate_DUE":37292.448119753761,"DUE_power_limit":2,"Mslot":2,"method":"exhaustive-2","time":2703.627381}