{"NUM_UE":5,"NUM_RUE":2,"connected":1,"NUM_DUE":3,"MAX_LEN":2,"SEED":15,"sys_energy":424.41714296938642,"direct_energy":729.02807157885809,"avg_energy":121.4214649711156,"direct_avg_energy":134.293564268248,"EE":3339.4237800807668,"direct_EE":1891.5370101645026,"model_sys_energy":2361.8797995440518,"direct_model_sys_energy":4462.3117451491835,"model_avg_energy":678.717323536565,"direct_model_avg_energy":800.71370234782648,"sum_rate":2.231903824263114E+6,"direct_sum_rate":1.3789835788402662E+6,"direct_avg_rate_DUE":113478.16187499858,"DUE_power_limit":2,"Mslot":2,"method":"exhaustive-2","time":4743.528608}