{"NUM_UE":8,"NUM_RUE":2,"connected":1,"NUM_DUE":6,"MAX_LEN":2,"SEED":30,"sys_energy":1126.0969597362621,"direct_energy":1536.9383808608848,"avg_energy":139.95908689275348,"direct_avg_energy":154.10288686242654,"EE":2114.3599830828362,"direct_EE":1512.7048066323516,"model_sys_energy":6893.4607724870066,"direct_model_sys_energy":9546.1471673703163,"model_avg_energy":875.51312225007518,"direct_model_avg_energy":958.313514125065,"sum_rate":3.0909898262069738E+6,"direct_sum_rate":2.3249340762260044E+6,"direct_avg_rate_DUE":60643.862634860205,"DUE_power_limit":2,"Mslot":2,"method":"exhaustive-2","time":39451.451228}