{"NUM_UE":4,"NUM_RUE":1,"connected":1,"NUM_DUE":3,"MAX_LEN":2,"SEED":32,"sys_energy":462.34492423939315,"direct_energy":594.299503939854,"avg_energy":161.68754846020164,"direct_avg_energy":162.25459291758762,"EE":1117.9145381290391,"direct_EE":851.34140822276208,"model_sys_energy":2687.4300938369961,"direct_model_sys_energy":3604.3727416159013,"model_avg_energy":947.59769682991111,"direct_model_avg_energy":1017.6906275641697,"sum_rate":660156.06136994029,"direct_sum_rate":505951.77659024432,"direct_avg_rate_DUE":16034.844555559806,"DUE_power_limit":2,"Mslot":2,"method":"exhaustive-2","time":854.566631}