{"NUM_UE":8,"NUM_RUE":2,"connected":1,"NUM_DUE":6,"MAX_LEN":2,"SEED":6,"sys_energy":898.46719548099429,"direct_energy":1178.211284286594,"avg_energy":69.419839295670045,"direct_avg_energy":168.30766399986197,"EE":1015.9031846540537,"direct_EE":755.88147217614835,"model_sys_energy":5257.4238532439786,"direct_model_sys_energy":7162.4299030439324,"model_avg_energy":399.920244307319,"direct_model_avg_energy":1059.4776927527887,"sum_rate":null,"direct_sum_rate":890588.08010110119,"direct_avg_rate_DUE":32465.954681177642,"DUE_power_limit":2,"Mslot":2,"method":"exhaustive-2","time":39693.195682}