{"NUM_UE":8,"NUM_RUE":2,"connected":1,"NUM_DUE":6,"MAX_LEN":2,"SEED":3,"sys_energy":964.61308690535668,"direct_energy":1294.7694197180895,"avg_energy":60.085335105987419,"direct_avg_energy":147.33397724462139,"EE":4017.1665354727752,"direct_EE":2969.3138899171845,"model_sys_energy":5799.7043171717123,"direct_model_sys_energy":8059.3709681431992,"model_avg_energy":343.47998342758592,"direct_model_avg_energy":906.24139700222713,"sum_rate":null,"direct_sum_rate":3.8445768222089359E+6,"direct_avg_rate_DUE":51842.027019653826,"DUE_power_limit":2,"Mslot":2,"method":"exhaustive-2","time":35905.574002}