{"NUM_UE":8,"NUM_RUE":2,"connected":0,"NUM_DUE":6,"MAX_LEN":2,"SEED":9,"sys_energy":1360.0670746962155,"direct_energy":1360.0670746962155,"avg_energy":172.33013132581226,"direct_avg_energy":172.33013132581226,"EE":468.62012887285044,"direct_EE":468.62012887285044,"model_sys_energy":8529.77614494962,"direct_model_sys_energy":8529.77614494962,"model_avg_energy":1075.7646318626298,"direct_model_avg_energy":1075.7646318626284,"sum_rate":637354.80781986122,"direct_sum_rate":637354.80781986122,"direct_avg_rate_DUE":57239.136686425576,"DUE_power_limit":2,"Mslot":2,"method":"exhaustive-2","time":21339.756692}