{"NUM_UE":4,"NUM_RUE":1,"connected":0,"NUM_DUE":3,"MAX_LEN":2,"SEED":13,"sys_energy":607.82226103406367,"direct_energy":607.82226103406367,"avg_energy":154.44863534387429,"direct_avg_energy":154.44863534387437,"EE":528.77523723055913,"direct_EE":528.77523723055913,"model_sys_energy":3724.6102131855587,"direct_model_sys_energy":3724.6102131855587,"model_avg_energy":936.26687188697679,"direct_model_avg_energy":936.26687188697679,"sum_rate":321401.36027230142,"direct_sum_rate":321401.36027230188,"direct_avg_rate_DUE":53566.789116880333,"DUE_power_limit":2,"Mslot":2,"method":"exhaustive-2","time":485.692715}