{"NUM_UE":6,"NUM_RUE":2,"connected":2,"NUM_DUE":4,"MAX_LEN":2,"SEED":31,"sys_energy":405.94766348087035,"direct_energy":875.50736197368428,"avg_energy":168.04367394770958,"direct_avg_energy":171.39945090232368,"EE":13486.487175201535,"direct_EE":6158.32337278648,"model_sys_energy":2017.042266961538,"direct_model_sys_energy":5290.2766756967667,"model_avg_energy":964.39756233817377,"direct_model_avg_energy":1074.8547938739916,"sum_rate":6.9217866379417144E+6,"direct_sum_rate":5.3916574502891731E+6,"direct_avg_rate_DUE":19186.491964205161,"DUE_power_limit":2,"Mslot":2,"method":"exhaustive-2","time":14356.789324}