{"NUM_UE":5,"NUM_RUE":2,"connected":1,"NUM_DUE":3,"MAX_LEN":2,"SEED":27,"sys_energy":574.78652280458209,"direct_energy":984.72208385999147,"avg_energy":78.325236573640609,"direct_avg_energy":182.54914384399575,"EE":11258.77322832937,"direct_EE":6490.211141041601,"model_sys_energy":3396.8352112004618,"direct_model_sys_energy":6125.0202632549144,"model_avg_energy":456.6372881421878,"direct_model_avg_energy":1141.1883813038664,"sum_rate":null,"direct_sum_rate":6.3910542394978181E+6,"direct_avg_rate_DUE":41654.371098320604,"DUE_power_limit":2,"Mslot":2,"method":"exhaustive-2","time":3374.356118}