{"NUM_UE":4,"NUM_RUE":1,"connected":0,"NUM_DUE":3,"MAX_LEN":2,"SEED":21,"sys_energy":605.91895904946182,"direct_energy":605.91895904946182,"avg_energy":0,"direct_avg_energy":194.66729592518959,"EE":3521.6336731790852,"direct_EE":3521.6336731790852,"model_sys_energy":3651.9710405653591,"direct_model_sys_energy":3651.9710405653591,"model_avg_energy":0,"direct_model_avg_energy":1221.7319437590706,"sum_rate":null,"direct_sum_rate":2.133824609406204E+6,"direct_avg_rate_DUE":21892.634809170864,"DUE_power_limit":2,"Mslot":2,"method":"exhaustive-2","time":574.700595}