{"NUM_UE":4,"NUM_RUE":1,"connected":1,"NUM_DUE":3,"MAX_LEN":2,"SEED":29,"sys_energy":568.57166173194855,"direct_energy":761.20555456335012,"avg_energy":143.72000774238404,"direct_avg_energy":143.21422474512076,"EE":7182.6326564078117,"direct_EE":5314.7422911806007,"model_sys_energy":3389.1095025751838,"direct_model_sys_energy":4691.3114879955419,"model_avg_energy":817.22675689836433,"direct_model_avg_energy":873.41358562465291,"sum_rate":4.7364683940970507E+6,"direct_sum_rate":4.0456113531194194E+6,"direct_avg_rate_DUE":461439.05984395789,"DUE_power_limit":2,"Mslot":2,"method":"exhaustive-2","time":1017.632625}