{"NUM_UE":4,"NUM_RUE":1,"connected":0,"NUM_DUE":3,"MAX_LEN":2,"SEED":12,"sys_energy":561.23247707267785,"direct_energy":561.23247707267785,"avg_energy":0,"direct_avg_energy":132.61606862052759,"EE":242.61470866598773,"direct_EE":242.61470866598773,"model_sys_energy":3372.6400554635516,"direct_model_sys_energy":3372.6400554635516,"model_avg_energy":0,"direct_model_avg_energy":787.18755111857013,"sum_rate":null,"direct_sum_rate":136163.25391887838,"direct_avg_rate_DUE":24183.483449753563,"DUE_power_limit":2,"Mslot":2,"method":"exhaustive-2","time":575.88248}