{"NUM_UE":6,"NUM_RUE":2,"connected":0,"NUM_DUE":4,"MAX_LEN":2,"SEED":5,"sys_energy":986.02505718286352,"direct_energy":986.02505718286352,"avg_energy":0,"direct_avg_energy":165.57829160265419,"EE":2712.6709998540646,"direct_EE":2712.6709998540646,"model_sys_energy":6148.4860703242657,"direct_model_sys_energy":6148.4860703242657,"model_avg_energy":0,"direct_model_avg_energy":1040.8706877824807,"sum_rate":null,"direct_sum_rate":2.6747615777493995E+6,"direct_avg_rate_DUE":101069.97265039524,"DUE_power_limit":2,"Mslot":2,"method":"exhaustive-2","time":5686.36197}