{"NUM_UE":6,"NUM_RUE":2,"connected":1,"NUM_DUE":4,"MAX_LEN":2,"SEED":20,"sys_energy":714.27881306133418,"direct_energy":987.8625346314484,"avg_energy":95.831201458540107,"direct_avg_energy":202.8410056492942,"EE":2363.03785940086,"direct_EE":1685.1197230154312,"model_sys_energy":4184.2812974753961,"direct_model_sys_energy":6072.1071869508,"model_avg_energy":557.00790958315179,"direct_model_avg_energy":1258.3997525179727,"sum_rate":null,"direct_sum_rate":1.6646666407354681E+6,"direct_avg_rate_DUE":105648.16367737326,"DUE_power_limit":2,"Mslot":2,"method":"exhaustive-2","time":10256.468128}