{"NUM_UE":6,"NUM_RUE":2,"connected":1,"NUM_DUE":4,"MAX_LEN":2,"SEED":23,"sys_energy":760.37768725607384,"direct_energy":879.32354149668572,"avg_energy":171.48957552816921,"direct_avg_energy":171.6073365421322,"EE":606.11796757210209,"direct_EE":519.14557315442835,"model_sys_energy":4474.6250817724886,"direct_model_sys_energy":5317.6126988288233,"model_avg_energy":1045.2088246871906,"direct_model_avg_energy":1081.474736034374,"sum_rate":520758.96750924503,"direct_sum_rate":456496.92393847869,"direct_avg_rate_DUE":28142.849707441241,"DUE_power_limit":2,"Mslot":2,"method":"exhaustive-2","time":7123.747019}