{"NUM_UE":5,"NUM_RUE":2,"connected":2,"NUM_DUE":3,"MAX_LEN":2,"SEED":30,"sys_energy":260.22621660733142,"direct_energy":746.86629516161088,"avg_energy":102.06918944162388,"direct_avg_energy":135.1991493365316,"EE":4760.0403228682371,"direct_EE":1572.6453295602887,"model_sys_energy":1201.936677505488,"direct_model_sys_energy":4568.9939588719681,"model_avg_energy":551.07905316050881,"direct_model_avg_energy":794.79230985851325,"sum_rate":2.3101586416697432E+6,"direct_sum_rate":1.1745557908919035E+6,"direct_avg_rate_DUE":20007.972248156188,"DUE_power_limit":2,"Mslot":2,"method":"exhaustive-2","time":7088.234227}