{"NUM_UE":8,"NUM_RUE":2,"connected":2,"NUM_DUE":6,"MAX_LEN":2,"SEED":22,"sys_energy":525.72218542332871,"direct_energy":1123.9593986264954,"avg_energy":77.676362774474228,"direct_avg_energy":130.91870870217096,"EE":10640.740368084906,"direct_EE":4703.2547024948981,"model_sys_energy":2693.9448372497409,"direct_model_sys_energy":6771.2719365719577,"model_avg_energy":410.7117939434313,"direct_model_avg_energy":773.76316630251131,"sum_rate":1.4429416563078517E+7,"direct_sum_rate":5.2862673270034017E+6,"direct_avg_rate_DUE":182699.52825822061,"DUE_power_limit":2,"Mslot":2,"method":"exhaustive-2","time":82138.674047}