{"NUM_UE":7,"NUM_RUE":2,"connected":0,"NUM_DUE":5,"MAX_LEN":2,"SEED":4,"sys_energy":1351.8703830536656,"direct_energy":1351.8703830536656,"avg_energy":161.47669767229414,"direct_avg_energy":161.47669767229411,"EE":2013.948050557254,"direct_EE":2013.948050557254,"model_sys_energy":8403.3676945830248,"direct_model_sys_energy":8403.3676945830248,"model_avg_energy":1012.1808640302934,"direct_model_avg_energy":1012.1808640302934,"sum_rate":2.722596722557018E+6,"direct_sum_rate":2.722596722557018E+6,"direct_avg_rate_DUE":117602.24914911254,"DUE_power_limit":2,"Mslot":2,"method":"exhaustive-2","time":10190.925994}