{"NUM_UE":4,"NUM_RUE":1,"connected":0,"NUM_DUE":3,"MAX_LEN":2,"SEED":10,"sys_energy":633.72215266113517,"direct_energy":633.72215266113517,"avg_energy":0,"direct_avg_energy":160.47099994570567,"EE":202.0701934088826,"direct_EE":202.0701934088826,"model_sys_energy":3913.3501094149851,"direct_model_sys_energy":3913.3501094149851,"model_avg_energy":0,"direct_model_avg_energy":1005.0093225539169,"sum_rate":null,"direct_sum_rate":128056.357955729,"direct_avg_rate_DUE":24720.439251898122,"DUE_power_limit":2,"Mslot":2,"method":"exhaustive-2","time":379.807753}