{"NUM_UE":6,"NUM_RUE":2,"connected":1,"NUM_DUE":4,"MAX_LEN":2,"SEED":7,"sys_energy":699.52041100455108,"direct_energy":1018.4295767751505,"avg_energy":179.48360988319476,"direct_avg_energy":196.50055389445825,"EE":8257.4744114893056,"direct_EE":5512.3007754819891,"model_sys_energy":4228.4896167719344,"direct_model_sys_energy":6328.3703141757305,"model_avg_energy":1115.2128272364303,"direct_model_avg_energy":1231.9904772691984,"sum_rate":6.9129406458265875E+6,"direct_sum_rate":5.6138901458314564E+6,"direct_avg_rate_DUE":72776.845824301316,"DUE_power_limit":2,"Mslot":2,"method":"exhaustive-2","time":16194.32582}