{"NUM_UE":8,"NUM_RUE":2,"connected":1,"NUM_DUE":6,"MAX_LEN":2,"SEED":21,"sys_energy":879.329968039182,"direct_energy":1121.1490527898902,"avg_energy":60.399779296269223,"direct_avg_energy":137.4852544260003,"EE":1243.0895917149248,"direct_EE":903.74819306728432,"model_sys_energy":4938.3851540127071,"direct_model_sys_energy":6761.2061499286629,"model_avg_energy":311.59172103489146,"direct_model_avg_energy":826.77162332099181,"sum_rate":null,"direct_sum_rate":1.0132364306179606E+6,"direct_avg_rate_DUE":25700.822485970686,"DUE_power_limit":2,"Mslot":2,"method":"exhaustive-2","time":29635.173494}