{"NUM_UE":7,"NUM_RUE":2,"connected":0,"NUM_DUE":5,"MAX_LEN":2,"SEED":19,"sys_energy":1056.7532565134366,"direct_energy":1056.7532565134366,"avg_energy":0,"direct_avg_energy":169.92069034233253,"EE":798.71237921293653,"direct_EE":798.71237921293653,"model_sys_energy":6474.7835148534205,"direct_model_sys_energy":6474.7835148534205,"model_avg_energy":0,"direct_model_avg_energy":1070.297747709777,"sum_rate":null,"direct_sum_rate":844041.90775086556,"direct_avg_rate_DUE":24031.72215908533,"DUE_power_limit":2,"Mslot":2,"method":"exhaustive-2","time":11056.071556}