{"NUM_UE":5,"NUM_RUE":2,"connected":0,"NUM_DUE":3,"MAX_LEN":2,"SEED":13,"sys_energy":752.594516192324,"direct_energy":752.594516192324,"avg_energy":141.05158950025572,"direct_avg_energy":141.05158950025569,"EE":1478.2974385794978,"direct_EE":1478.2974385794978,"model_sys_energy":4614.8789269993586,"direct_model_sys_energy":4614.8789269993586,"model_avg_energy":842.53197080183691,"direct_model_avg_energy":842.53197080183691,"sum_rate":1.1125585455760902E+6,"direct_sum_rate":1.1125585455760891E+6,"direct_avg_rate_DUE":71703.50274453497,"DUE_power_limit":2,"Mslot":2,"method":"exhaustive-2","time":1757.826123}