{"NUM_UE":6,"NUM_RUE":2,"connected":1,"NUM_DUE":4,"MAX_LEN":2,"SEED":8,"sys_energy":674.54236924886766,"direct_energy":973.44797836227508,"avg_energy":168.32885140385463,"direct_avg_energy":175.33829389305259,"EE":3005.8283927003131,"direct_EE":1970.8072883349846,"model_sys_energy":4023.9834834123403,"direct_model_sys_energy":6057.9155148784039,"model_avg_energy":1019.3552247962789,"direct_model_avg_energy":1100.64063642664,"sum_rate":3.1346522770943749E+6,"direct_sum_rate":1.9184783705713281E+6,"direct_avg_rate_DUE":101159.46676574461,"DUE_power_limit":2,"Mslot":2,"method":"exhaustive-2","time":7956.86117}