{"NUM_UE":5,"NUM_RUE":2,"connected":1,"NUM_DUE":3,"MAX_LEN":2,"SEED":7,"sys_energy":525.57567944661423,"direct_energy":818.03175534033687,"avg_energy":171.65945734420058,"direct_avg_energy":176.23691766237454,"EE":11410.521592859905,"direct_EE":7168.9843978558292,"model_sys_energy":3144.9547792692206,"direct_model_sys_energy":5077.6983430990949,"model_avg_energy":1065.0935404804916,"direct_model_avg_energy":1101.344264642481,"sum_rate":6.9255422859091749E+6,"direct_sum_rate":5.8644568909854917E+6,"direct_avg_rate_DUE":78484.807737606519,"DUE_power_limit":2,"Mslot":2,"method":"exhaustive-2","time":2378.092117}