{"NUM_UE":4,"NUM_RUE":1,"connected":0,"NUM_DUE":3,"MAX_LEN":2,"SEED":34,"sys_energy":644.93503210073993,"direct_energy":644.93503210073993,"avg_energy":179.09694297821255,"direct_avg_energy":179.0969429782125,"EE":3060.6441739030274,"direct_EE":3060.6441739030274,"model_sys_energy":3998.8423126472944,"direct_model_sys_energy":3998.8423126472944,"model_avg_energy":1109.5890010101753,"direct_model_avg_energy":1109.5890010101734,"sum_rate":1.9739166485450915E+6,"direct_sum_rate":1.9739166485450915E+6,"direct_avg_rate_DUE":227017.19811325529,"DUE_power_limit":2,"Mslot":2,"method":"exhaustive-2","time":547.762118}