{"NUM_UE":7,"NUM_RUE":2,"connected":1,"NUM_DUE":5,"MAX_LEN":2,"SEED":31,"sys_energy":872.59772023909431,"direct_energy":1274.4821573121367,"avg_energy":53.772197285746444,"direct_avg_energy":154.22662234802027,"EE":5422.6523346779595,"direct_EE":3667.2361524882126,"model_sys_energy":5243.114531600987,"direct_model_sys_energy":7950.6377099260217,"model_avg_energy":304.0308679395506,"direct_model_avg_energy":959.242177640321,"sum_rate":null,"direct_sum_rate":4.6738270429962371E+6,"direct_avg_rate_DUE":138365.43875741854,"DUE_power_limit":2,"Mslot":2,"method":"exhaustive-2","time":21188.999725}