{"NUM_UE":6,"NUM_RUE":2,"connected":0,"NUM_DUE":4,"MAX_LEN":2,"SEED":18,"sys_energy":1000.7532898450024,"direct_energy":1000.7532898450024,"avg_energy":153.52575270043749,"direct_avg_energy":153.52575270043749,"EE":361.17474035230987,"direct_EE":361.17474035230987,"model_sys_energy":6241.3203236895224,"direct_model_sys_energy":6241.3203236895224,"model_avg_energy":941.65196853272346,"direct_model_avg_energy":941.65196853272346,"sum_rate":361446.80961648875,"direct_sum_rate":361446.80961648864,"direct_avg_rate_DUE":44909.860296677522,"DUE_power_limit":2,"Mslot":2,"method":"exhaustive-2","time":5539.737326}