{"NUM_UE":8,"NUM_RUE":2,"connected":1,"NUM_DUE":6,"MAX_LEN":2,"SEED":7,"sys_energy":1052.261632408477,"direct_energy":1415.6299205812352,"avg_energy":67.1975624277192,"direct_avg_energy":156.61069172800234,"EE":4397.70899075978,"direct_EE":3148.0045027878409,"model_sys_energy":6432.9608899319564,"direct_model_sys_energy":8882.904313568748,"model_avg_energy":385.73905041957767,"direct_model_avg_energy":976.969610955397,"sum_rate":null,"direct_sum_rate":4.4564093642709218E+6,"direct_avg_rate_DUE":117457.05666386888,"DUE_power_limit":2,"Mslot":2,"method":"exhaustive-2","time":50762.347738}