{"NUM_UE":5,"NUM_RUE":2,"connected":1,"NUM_DUE":3,"MAX_LEN":2,"SEED":9,"sys_energy":588.22111930183291,"direct_energy":822.24264656704736,"avg_energy":100.17151933053484,"direct_avg_energy":131.75786599387027,"EE":788.56996641573721,"direct_EE":540.49877380674889,"model_sys_energy":3481.4512547390714,"direct_model_sys_energy":5042.0602794769156,"model_avg_energy":558.83787821981844,"direct_model_avg_energy":770.80151430225771,"sum_rate":886182.04494650732,"direct_sum_rate":444421.14224110509,"direct_avg_rate_DUE":114693.8462497564,"DUE_power_limit":2,"Mslot":2,"method":"exhaustive-2","time":1610.735578}