{"NUM_UE":6,"NUM_RUE":2,"connected":0,"NUM_DUE":4,"MAX_LEN":2,"SEED":9,"sys_energy":858.58430768825667,"direct_energy":858.58430768825667,"avg_energy":0,"direct_avg_energy":160.62743618248561,"EE":418.76780670789833,"direct_EE":418.76780670789833,"model_sys_energy":5163.6075633047012,"direct_model_sys_energy":5163.6075633047012,"model_avg_energy":0,"direct_model_avg_energy":1006.1284462589119,"sum_rate":null,"direct_sum_rate":359547.46740443056,"direct_avg_rate_DUE":27471.078726011896,"DUE_power_limit":2,"Mslot":2,"method":"exhaustive-2","time":5512.478376}