{"NUM_UE":5,"NUM_RUE":2,"connected":0,"NUM_DUE":3,"MAX_LEN":2,"SEED":6,"sys_energy":840.388002787543,"direct_energy":840.388002787543,"avg_energy":0,"direct_avg_energy":146.67989325042666,"EE":702.95713643186343,"direct_EE":702.95713643186343,"model_sys_energy":5212.1951909115605,"direct_model_sys_energy":5212.1951909115605,"model_avg_energy":0,"direct_model_avg_energy":901.08228080842673,"sum_rate":null,"direct_sum_rate":590756.7439312241,"direct_avg_rate_DUE":38890.610003951813,"DUE_power_limit":2,"Mslot":2,"method":"exhaustive-2","time":1648.979222}