{"NUM_UE":5,"NUM_RUE":2,"connected":0,"NUM_DUE":3,"MAX_LEN":2,"SEED":28,"sys_energy":896.55180177650186,"direct_energy":896.55180177650186,"avg_energy":150.76889828546848,"direct_avg_energy":150.76889828546845,"EE":999.61071817732852,"direct_EE":999.61071817732852,"model_sys_energy":5550.3167781985067,"direct_model_sys_energy":5550.3167781985067,"model_avg_energy":920.37552196892557,"direct_model_avg_energy":920.37552196892557,"sum_rate":896202.79045698675,"direct_sum_rate":896202.79045698687,"direct_avg_rate_DUE":38207.800989040486,"DUE_power_limit":2,"Mslot":2,"method":"exhaustive-2","time":1680.649651}