{"NUM_UE":5,"NUM_RUE":2,"connected":1,"NUM_DUE":3,"MAX_LEN":2,"SEED":19,"sys_energy":630.83184113225468,"direct_energy":772.23147157129654,"avg_energy":73.413040619578965,"direct_avg_energy":171.78943003609288,"EE":1251.4591659575397,"direct_EE":1003.2301027587752,"model_sys_energy":3726.0502419473059,"direct_model_sys_energy":4743.35460303731,"model_avg_energy":444.77635437409378,"direct_model_avg_energy":1072.1664289880571,"sum_rate":null,"direct_sum_rate":774725.858578032,"direct_avg_rate_DUE":10701.745595646134,"DUE_power_limit":2,"Mslot":2,"method":"exhaustive-2","time":4187.597903}