{"NUM_UE":7,"NUM_RUE":2,"connected":2,"NUM_DUE":5,"MAX_LEN":2,"SEED":26,"sys_energy":626.95766242895991,"direct_energy":1083.5795717146025,"avg_energy":159.72244599037779,"direct_avg_energy":206.88506812779184,"EE":1821.64381518709,"direct_EE":988.77117261791113,"model_sys_energy":3348.2342099558373,"direct_model_sys_energy":6526.5058734807562,"model_avg_energy":852.94425927969689,"direct_model_avg_energy":1287.9839650617118,"sum_rate":2.626682390830521E+6,"direct_sum_rate":1.0714122437490614E+6,"direct_avg_rate_DUE":23526.480592947431,"DUE_power_limit":2,"Mslot":2,"method":"exhaustive-2","time":35833.55362}