{"NUM_UE":5,"NUM_RUE":2,"connected":1,"NUM_DUE":3,"MAX_LEN":2,"SEED":26,"sys_energy":615.99028438897233,"direct_energy":767.33182177982292,"avg_energy":133.5347614543486,"direct_avg_energy":143.18804203198505,"EE":825.05313904660466,"direct_EE":597.45225410544276,"model_sys_energy":3541.1277496028247,"direct_model_sys_energy":4720.0932617128319,"model_avg_energy":753.90219883602208,"direct_model_avg_energy":859.94767721342907,"sum_rate":843847.34003573342,"direct_sum_rate":458444.12656919111,"direct_avg_rate_DUE":39399.472487840794,"DUE_power_limit":2,"Mslot":2,"method":"exhaustive-2","time":2921.377602}