{"NUM_UE":7,"NUM_RUE":2,"connected":1,"NUM_DUE":5,"MAX_LEN":2,"SEED":16,"sys_energy":871.73552142508493,"direct_energy":1284.7086507247561,"avg_energy":121.91441676344058,"direct_avg_energy":142.26163120082535,"EE":3285.5286838117681,"direct_EE":2151.0877504556083,"model_sys_energy":5233.8578512128952,"direct_model_sys_energy":7955.3044128922547,"model_avg_energy":718.2539061048501,"direct_model_avg_energy":865.7204494101386,"sum_rate":5.6551288002577079E+6,"direct_sum_rate":2.7635210414783754E+6,"direct_avg_rate_DUE":60247.170367363353,"DUE_power_limit":2,"Mslot":2,"method":"exhaustive-2","time":16064.441962}