{"NUM_UE":7,"NUM_RUE":2,"connected":0,"NUM_DUE":5,"MAX_LEN":2,"SEED":7,"sys_energy":1108.2900308458497,"direct_energy":1108.2900308458497,"avg_energy":167.48396824389411,"direct_avg_energy":167.48396824389414,"EE":4898.8532793942059,"direct_EE":4898.8532793942059,"model_sys_energy":6871.6811103384925,"direct_model_sys_energy":6871.6811103384925,"model_avg_energy":1053.902211823116,"direct_model_avg_energy":1053.9022118231151,"sum_rate":5.4293502521290956E+6,"direct_sum_rate":5.4293502521290965E+6,"direct_avg_rate_DUE":83462.545956388582,"DUE_power_limit":2,"Mslot":2,"method":"exhaustive-2","time":10283.285327}