{"NUM_UE":4,"NUM_RUE":1,"connected":0,"NUM_DUE":3,"MAX_LEN":2,"SEED":31,"sys_energy":648.90302094131857,"direct_energy":648.90302094131857,"avg_energy":0,"direct_avg_energy":162.99151150456848,"EE":3805.974840089194,"direct_EE":3805.974840089194,"model_sys_energy":4024.2028567737766,"direct_model_sys_energy":4024.2028567737766,"model_avg_energy":0,"direct_model_avg_energy":999.99523297323958,"sum_rate":null,"direct_sum_rate":2.46970857136053E+6,"direct_avg_rate_DUE":27790.903928619704,"DUE_power_limit":2,"Mslot":2,"method":"exhaustive-2","time":612.796245}