{"NUM_UE":6,"NUM_RUE":2,"connected":0,"NUM_DUE":4,"MAX_LEN":2,"SEED":4,"sys_energy":861.29952642328635,"direct_energy":861.29952642328635,"avg_energy":158.53130447020584,"direct_avg_energy":158.53130447020584,"EE":2652.6278686439719,"direct_EE":2652.6278686439719,"model_sys_energy":5222.36635964087,"direct_model_sys_energy":5222.36635964087,"model_avg_energy":991.02234554633787,"direct_model_avg_energy":991.02234554633787,"sum_rate":2.2847071270402642E+6,"direct_sum_rate":2.2847071270402642E+6,"direct_avg_rate_DUE":35595.300879239483,"DUE_power_limit":2,"Mslot":2,"method":"exhaustive-2","time":4769.086556}