{"NUM_UE":5,"NUM_RUE":2,"connected":1,"NUM_DUE":3,"MAX_LEN":2,"SEED":2,"sys_energy":496.48602633997342,"direct_energy":780.39285406256079,"avg_energy":165.32093326500723,"direct_avg_energy":181.28639011830268,"EE":5989.7433916387,"direct_EE":3764.3610634770025,"model_sys_energy":2858.9672375796467,"direct_model_sys_energy":4764.0888553280111,"model_avg_energy":997.09806585567094,"direct_model_avg_energy":1133.3587173009189,"sum_rate":4.1660171747109485E+6,"direct_sum_rate":2.9376804740487947E+6,"direct_avg_rate_DUE":21513.829009035002,"DUE_power_limit":2,"Mslot":2,"method":"exhaustive-2","time":6258.295675}