{"NUM_UE":7,"NUM_RUE":2,"connected":2,"NUM_DUE":5,"MAX_LEN":2,"SEED":34,"sys_energy":545.82940937437752,"direct_energy":1057.1055139295804,"avg_energy":88.345434751660918,"direct_avg_energy":139.72910825122682,"EE":2552.4540023149962,"direct_EE":1251.6979569976402,"model_sys_energy":3050.6495259718913,"direct_model_sys_energy":6510.9877203898614,"model_avg_energy":517.40319235561287,"direct_model_avg_energy":845.12592949392388,"sum_rate":3.0084089556989647E+6,"direct_sum_rate":1.3231768121165961E+6,"direct_avg_rate_DUE":107315.39880307208,"DUE_power_limit":2,"Mslot":2,"method":"exhaustive-2","time":22195.257291}