{"NUM_UE":6,"NUM_RUE":2,"connected":0,"NUM_DUE":4,"MAX_LEN":2,"SEED":10,"sys_energy":838.52845969173859,"direct_energy":838.52845969173859,"avg_energy":139.7122339830718,"direct_avg_energy":139.7122339830718,"EE":302.24150037253082,"direct_EE":302.24150037253082,"model_sys_energy":5018.3771006025254,"direct_model_sys_energy":5018.3771006025254,"model_avg_energy":831.573361781117,"direct_model_avg_energy":831.573361781117,"sum_rate":253438.09976229828,"direct_sum_rate":253438.09976229828,"direct_avg_rate_DUE":33060.357179126069,"DUE_power_limit":2,"Mslot":2,"method":"exhaustive-2","time":5281.6597}