{"NUM_UE":8,"NUM_RUE":2,"connected":2,"NUM_DUE":6,"MAX_LEN":2,"SEED":4,"sys_energy":738.59309925192338,"direct_energy":1306.1173872348977,"avg_energy":192.52549697525814,"direct_avg_energy":209.29645317895944,"EE":5646.4949790621849,"direct_EE":3080.7358613029132,"model_sys_energy":4266.9759186837882,"direct_model_sys_energy":8027.6255515057355,"model_avg_energy":1185.3758423312074,"direct_model_avg_energy":1300.5028109040431,"sum_rate":5.1970776973207751E+6,"direct_sum_rate":4.0238026739258133E+6,"direct_avg_rate_DUE":115691.64418115163,"DUE_power_limit":2,"Mslot":2,"method":"exhaustive-2","time":41612.02014}