{"NUM_UE":5,"NUM_RUE":2,"connected":0,"NUM_DUE":3,"MAX_LEN":2,"SEED":20,"sys_energy":761.61498206020929,"direct_energy":761.61498206020929,"avg_energy":154.3237626595797,"direct_avg_energy":154.3237626595797,"EE":1496.2439572692936,"direct_EE":1496.2439572692936,"model_sys_energy":4686.9535252542591,"direct_model_sys_energy":4686.9535252542591,"model_avg_energy":947.73395078290673,"direct_model_avg_energy":947.73395078290673,"sum_rate":1.1395618146733497E+6,"direct_sum_rate":1.1395618146733495E+6,"direct_avg_rate_DUE":164829.25072902502,"DUE_power_limit":2,"Mslot":2,"method":"exhaustive-2","time":1708.300206}