{"NUM_UE":8,"NUM_RUE":2,"connected":1,"NUM_DUE":6,"MAX_LEN":2,"SEED":5,"sys_energy":1024.3021398908777,"direct_energy":1332.0445839008626,"avg_energy":161.70404908153466,"direct_avg_energy":162.14012902554663,"EE":2961.89608787584,"direct_EE":2209.9545801209533,"model_sys_energy":6281.1179194721226,"direct_model_sys_energy":8349.5366287089782,"model_avg_energy":1005.9336069148123,"direct_model_avg_energy":1016.8819242005932,"sum_rate":3.6647056433847677E+6,"direct_sum_rate":2.9437580291170208E+6,"direct_avg_rate_DUE":163398.06721589441,"DUE_power_limit":2,"Mslot":2,"method":"exhaustive-2","time":15627.537585}