{"NUM_UE":6,"NUM_RUE":2,"connected":0,"NUM_DUE":4,"MAX_LEN":2,"SEED":6,"sys_energy":911.66917819042624,"direct_energy":911.66917819042624,"avg_energy":172.87132574070077,"direct_avg_energy":172.8713257407008,"EE":938.70915025115448,"direct_EE":938.70915025115448,"model_sys_energy":5590.4522613743775,"direct_model_sys_energy":5590.4522613743775,"model_avg_energy":1089.7608443745817,"direct_model_avg_energy":1089.7608443745803,"sum_rate":855792.19956930308,"direct_sum_rate":855792.19956930331,"direct_avg_rate_DUE":18821.201229578019,"DUE_power_limit":2,"Mslot":2,"method":"exhaustive-2","time":4201.604883}