{"NUM_UE":5,"NUM_RUE":2,"connected":1,"NUM_DUE":3,"MAX_LEN":2,"SEED":31,"sys_energy":389.5357414812986,"direct_energy":665.92450202267275,"avg_energy":46.334489240639023,"direct_avg_energy":132.16021492670046,"EE":6410.2061379178049,"direct_EE":3723.382947537988,"model_sys_energy":2115.6769768498743,"direct_model_sys_energy":3926.0202808951713,"model_avg_energy":254.81552502161978,"direct_model_avg_energy":783.55047033455776,"sum_rate":null,"direct_sum_rate":2.4794919351789462E+6,"direct_avg_rate_DUE":21636.33415402468,"DUE_power_limit":2,"Mslot":2,"method":"exhaustive-2","time":4839.43884}