{"NUM_UE":5,"NUM_RUE":2,"connected":0,"NUM_DUE":3,"MAX_LEN":2,"SEED":17,"sys_energy":974.42974439465524,"direct_energy":974.42974439465524,"avg_energy":0,"direct_avg_energy":182.4841850250458,"EE":756.552229326893,"direct_EE":756.552229326893,"model_sys_energy":6081.0462188183128,"direct_model_sys_energy":6081.0462188183128,"model_avg_energy":0,"direct_model_avg_energy":1150.3859467867424,"sum_rate":null,"direct_sum_rate":737206.995444211,"direct_avg_rate_DUE":96666.11057745073,"DUE_power_limit":2,"Mslot":2,"method":"exhaustive-2","time":1910.420744}