{"NUM_UE":7,"NUM_RUE":2,"connected":1,"NUM_DUE":5,"MAX_LEN":2,"SEED":10,"sys_energy":680.48404104721874,"direct_energy":958.2358921793932,"avg_energy":51.356363073256105,"direct_avg_energy":135.40473682336761,"EE":455.71047437138174,"direct_EE":279.77424627353491,"model_sys_energy":3946.8369004695232,"direct_model_sys_energy":5713.0944687232795,"model_avg_energy":323.02636235790294,"direct_model_avg_energy":809.75725061678645,"sum_rate":null,"direct_sum_rate":268089.724486738,"direct_avg_rate_DUE":31449.670794916259,"DUE_power_limit":2,"Mslot":2,"method":"exhaustive-2","time":16039.733564}