{"NUM_UE":4,"NUM_RUE":1,"connected":0,"NUM_DUE":3,"MAX_LEN":2,"SEED":25,"sys_energy":725.56876108419283,"direct_energy":725.56876108419283,"avg_energy":173.51571630805628,"direct_avg_energy":173.51571630805626,"EE":573.91309193803363,"direct_EE":573.91309193803363,"model_sys_energy":4535.0049275027723,"direct_model_sys_energy":4535.0049275027723,"model_avg_energy":1093.9559192466422,"direct_model_avg_energy":1093.9559192466413,"sum_rate":416413.41108747746,"direct_sum_rate":416413.41108747752,"direct_avg_rate_DUE":73588.192802108,"DUE_power_limit":2,"Mslot":2,"method":"exhaustive-2","time":422.170267}