{"NUM_UE":4,"NUM_RUE":1,"connected":0,"NUM_DUE":3,"MAX_LEN":2,"SEED":14,"sys_energy":576.96721065355177,"direct_energy":576.96721065355177,"avg_energy":0,"direct_avg_energy":176.84967792086235,"EE":313.17142588446927,"direct_EE":313.17142588446927,"model_sys_energy":3443.2307107373094,"direct_model_sys_energy":3443.2307107373094,"model_avg_energy":0,"direct_model_avg_energy":1115.3521142627897,"sum_rate":null,"direct_sum_rate":180689.64404895777,"direct_avg_rate_DUE":15180.546767987506,"DUE_power_limit":2,"Mslot":2,"method":"exhaustive-2","time":415.245456}