{"NUM_UE":6,"NUM_RUE":2,"connected":2,"NUM_DUE":4,"MAX_LEN":2,"SEED":3,"sys_energy":400.74175728016723,"direct_energy":1091.0553822468887,"avg_energy":171.75133790970077,"direct_avg_energy":180.77213318948554,"EE":15169.10856039274,"direct_EE":5325.6964027992617,"model_sys_energy":2244.2297193022819,"direct_model_sys_energy":6840.2910332885067,"model_avg_energy":1063.7672238830019,"direct_model_avg_energy":1139.8857861929187,"sum_rate":7.9567513484437224E+6,"direct_sum_rate":5.810629724487029E+6,"direct_avg_rate_DUE":66325.086761944345,"DUE_power_limit":2,"Mslot":2,"method":"exhaustive-2","time":17281.917782}