{"NUM_UE":4,"NUM_RUE":1,"connected":1,"NUM_DUE":3,"MAX_LEN":2,"SEED":15,"sys_energy":303.80805590807915,"direct_energy":560.34929894429388,"avg_energy":135.543112904663,"direct_avg_energy":135.29208393064769,"EE":3873.0989134774809,"direct_EE":2020.2727350109528,"model_sys_energy":1639.8553738734643,"direct_model_sys_energy":3352.0499368780838,"model_avg_energy":751.831336561616,"direct_model_avg_energy":795.541430268282,"sum_rate":1.620149398096747E+6,"direct_sum_rate":1.1320584107396586E+6,"direct_avg_rate_DUE":85349.217057487011,"DUE_power_limit":2,"Mslot":2,"method":"exhaustive-2","time":1399.290948}