{"NUM_UE":7,"NUM_RUE":2,"connected":0,"NUM_DUE":5,"MAX_LEN":2,"SEED":18,"sys_energy":1009.4801330763283,"direct_energy":1009.4801330763283,"avg_energy":0,"direct_avg_energy":159.36929545021269,"EE":308.62815746158907,"direct_EE":308.62815746158907,"model_sys_energy":6101.4622230950044,"direct_model_sys_energy":6101.4622230950044,"model_avg_energy":0,"direct_model_avg_energy":997.09022226122875,"sum_rate":null,"direct_sum_rate":311553.99346542696,"direct_avg_rate_DUE":19346.60903815645,"DUE_power_limit":2,"Mslot":2,"method":"exhaustive-2","time":10868.825386}