{"NUM_UE":8,"NUM_RUE":2,"connected":2,"NUM_DUE":6,"MAX_LEN":2,"SEED":24,"sys_energy":624.01792695223241,"direct_energy":1254.3186773322973,"avg_energy":121.43721377770774,"direct_avg_energy":136.74543014348086,"EE":1130.2407804943623,"direct_EE":458.08886382904251,"model_sys_energy":3406.2092852004862,"direct_model_sys_energy":7732.6910721712957,"model_avg_energy":632.617687318897,"direct_model_avg_energy":807.32232542668794,"sum_rate":1.8491302488280581E+6,"direct_sum_rate":574589.41777869943,"direct_avg_rate_DUE":60064.509478974964,"DUE_power_limit":2,"Mslot":2,"method":"exhaustive-2","time":53746.830186}