{"NUM_UE":4,"NUM_RUE":1,"connected":0,"NUM_DUE":3,"MAX_LEN":2,"SEED":24,"sys_energy":720.00372214009644,"direct_energy":720.00372214009644,"avg_energy":0,"direct_avg_energy":211.98708339155343,"EE":1217.4628800526323,"direct_EE":1217.4628800526323,"model_sys_energy":4498.0564121582756,"direct_model_sys_energy":4498.0564121582756,"model_avg_energy":0,"direct_model_avg_energy":1298.8267094343967,"sum_rate":null,"direct_sum_rate":876577.805205297,"direct_avg_rate_DUE":92559.269609926487,"DUE_power_limit":2,"Mslot":2,"method":"exhaustive-2","time":564.796069}