{"NUM_UE":5,"NUM_RUE":2,"connected":0,"NUM_DUE":3,"MAX_LEN":2,"SEED":29,"sys_energy":738.41919961597182,"direct_energy":738.41919961597182,"avg_energy":162.02257242678712,"direct_avg_energy":162.02257242678712,"EE":6285.9553377279626,"direct_EE":6285.9553377279626,"model_sys_energy":4478.369032850137,"direct_model_sys_energy":4478.369032850137,"model_avg_energy":1004.6049539750501,"direct_model_avg_energy":1004.6049539750501,"sum_rate":4.6416701093068281E+6,"direct_sum_rate":4.6416701093068281E+6,"direct_avg_rate_DUE":190491.49879627369,"DUE_power_limit":2,"Mslot":2,"method":"exhaustive-2","time":2388.838509}