{"NUM_UE":7,"NUM_RUE":2,"connected":1,"NUM_DUE":5,"MAX_LEN":2,"SEED":27,"sys_energy":764.02422360945866,"direct_energy":1106.9900645372991,"avg_energy":138.90418783327047,"direct_avg_energy":170.97955087035925,"EE":6110.3575180986436,"direct_EE":4182.1537562267795,"model_sys_energy":4545.7548977921506,"direct_model_sys_energy":6855.4773258510277,"model_avg_energy":840.50333479325309,"direct_model_avg_energy":1077.3307294575707,"sum_rate":9.0438482692357954E+6,"direct_sum_rate":4.62960265651039E+6,"direct_avg_rate_DUE":45101.59043298872,"DUE_power_limit":2,"Mslot":2,"method":"exhaustive-2","time":30208.027249}