{"NUM_UE":6,"NUM_RUE":2,"connected":2,"NUM_DUE":4,"MAX_LEN":2,"SEED":25,"sys_energy":668.53520346221126,"direct_energy":1079.338613524566,"avg_energy":119.04581284073853,"direct_avg_energy":135.3286573763138,"EE":640.80386033288619,"direct_EE":328.50542054703,"model_sys_energy":4045.0228824074252,"direct_model_sys_energy":6627.2398727232812,"model_avg_energy":742.56414278602165,"direct_model_avg_energy":795.83640290710946,"sum_rate":1.0131708483378207E+6,"direct_sum_rate":354568.58514853579,"direct_avg_rate_DUE":54968.842695206346,"DUE_power_limit":2,"Mslot":2,"method":"exhaustive-2","time":9462.695227}