{"NUM_UE":6,"NUM_RUE":2,"connected":0,"NUM_DUE":4,"MAX_LEN":2,"SEED":11,"sys_energy":1014.134439380719,"direct_energy":1014.134439380719,"avg_energy":185.02564171034481,"direct_avg_energy":185.02564171034479,"EE":880.28052335896109,"direct_EE":880.28052335896109,"model_sys_energy":6321.054211001333,"direct_model_sys_energy":6321.054211001333,"model_avg_energy":1165.7480797704534,"direct_model_avg_energy":1165.7480797704534,"sum_rate":892722.79505440593,"direct_sum_rate":892722.79505440593,"direct_avg_rate_DUE":75151.963534679991,"DUE_power_limit":2,"Mslot":2,"method":"exhaustive-2","time":3990.321572}