{"NUM_UE":4,"NUM_RUE":1,"connected":1,"NUM_DUE":3,"MAX_LEN":2,"SEED":19,"sys_energy":439.33373129006884,"direct_energy":597.81512820948251,"avg_energy":129.80292179168384,"direct_avg_energy":156.16774177602952,"EE":747.78483483229684,"direct_EE":537.16329469446441,"model_sys_energy":2558.7794644552159,"direct_model_sys_energy":3663.8143078707876,"model_avg_energy":747.62559661963576,"direct_model_avg_energy":973.69973621718077,"sum_rate":505200.25867199432,"direct_sum_rate":321124.3438871993,"direct_avg_rate_DUE":40101.374006226462,"DUE_power_limit":2,"Mslot":2,"method":"exhaustive-2","time":708.792006}