{"NUM_UE":7,"NUM_RUE":2,"connected":2,"NUM_DUE":5,"MAX_LEN":2,"SEED":22,"sys_energy":371.97501104088911,"direct_energy":974.41162280994763,"avg_energy":73.476497480944346,"direct_avg_energy":132.42201000486003,"EE":15173.312669216513,"direct_EE":5702.285900828645,"model_sys_energy":1675.8977487937179,"direct_model_sys_energy":5872.4892067393648,"model_avg_energy":352.48368815613344,"direct_model_avg_energy":785.63678845508753,"sum_rate":2.0535915498279411E+7,"direct_sum_rate":5.5563736583527243E+6,"direct_avg_rate_DUE":163608.45199568511,"DUE_power_limit":2,"Mslot":2,"method":"exhaustive-2","time":33330.149585}