{"NUM_UE":6,"NUM_RUE":2,"connected":2,"NUM_DUE":4,"MAX_LEN":2,"SEED":32,"sys_energy":356.9278014867341,"direct_energy":768.1727212757653,"avg_energy":91.803547830281488,"direct_avg_energy":137.21278446487128,"EE":1149.0898128412991,"direct_EE":495.39265312806077,"model_sys_energy":1901.1147561640321,"direct_model_sys_energy":4545.8778320005,"model_avg_energy":534.02193852992764,"direct_model_avg_energy":811.13081485980229,"sum_rate":971284.0877773416,"direct_sum_rate":382917.7790096954,"direct_avg_rate_DUE":13623.547737966699,"DUE_power_limit":2,"Mslot":2,"method":"exhaustive-2","time":14979.003727}