{"NUM_UE":5,"NUM_RUE":2,"connected":1,"NUM_DUE":3,"MAX_LEN":2,"SEED":21,"sys_energy":692.04759088563151,"direct_energy":909.96129317736268,"avg_energy":52.0565072064293,"direct_avg_energy":151.45377469882646,"EE":2674.0385193318853,"direct_EE":1835.2199676472048,"model_sys_energy":4174.35718024962,"direct_model_sys_energy":5635.1111799813025,"model_avg_energy":324.62857568716424,"direct_model_avg_energy":925.69907158548244,"sum_rate":null,"direct_sum_rate":1.6699791350251683E+6,"direct_avg_rate_DUE":129648.9360431196,"DUE_power_limit":2,"Mslot":2,"method":"exhaustive-2","time":2498.237386}