{"NUM_UE":7,"NUM_RUE":2,"connected":1,"NUM_DUE":5,"MAX_LEN":2,"SEED":25,"sys_energy":931.56991640609306,"direct_energy":1078.5843320546044,"avg_energy":60.039561844918936,"direct_avg_energy":133.77433876618798,"EE":355.79883309041674,"direct_EE":272.94306470161627,"model_sys_energy":5489.4342025784317,"direct_model_sys_energy":6645.62308346499,"model_avg_energy":308.185448257574,"direct_model_avg_energy":796.50723800373635,"sum_rate":null,"direct_sum_rate":294392.11313012947,"direct_avg_rate_DUE":31634.517442128523,"DUE_power_limit":2,"Mslot":2,"method":"exhaustive-2","time":14009.730374}