{"NUM_UE":8,"NUM_RUE":2,"connected":2,"NUM_DUE":6,"MAX_LEN":2,"SEED":11,"sys_energy":663.12837715820046,"direct_energy":1121.7080909141175,"avg_energy":97.312564875295351,"direct_avg_energy":135.32259632373638,"EE":867.95734657919479,"direct_EE":480.1433575183695,"model_sys_energy":3761.9639085712111,"direct_model_sys_energy":6758.9270260244657,"model_avg_energy":568.41017348340665,"direct_model_avg_energy":809.08720733491214,"sum_rate":1.0698313291000878E+6,"direct_sum_rate":538580.68892702484,"direct_avg_rate_DUE":55049.9125119107,"DUE_power_limit":2,"Mslot":2,"method":"exhaustive-2","time":49587.819776}