{"NUM_UE":6,"NUM_RUE":2,"connected":1,"NUM_DUE":4,"MAX_LEN":2,"SEED":22,"sys_energy":642.68018064628518,"direct_energy":1056.5063342095605,"avg_energy":42.473318382300079,"direct_avg_energy":136.43123335149025,"EE":15442.009832429669,"direct_EE":9293.3119239491825,"model_sys_energy":3792.4650085102667,"direct_model_sys_energy":6525.2666278538736,"model_avg_energy":232.52915636956726,"direct_model_avg_energy":818.14441964229513,"sum_rate":null,"direct_sum_rate":9.818442913437549E+6,"direct_avg_rate_DUE":446664.7293784825,"DUE_power_limit":2,"Mslot":2,"method":"exhaustive-2","time":9745.854914}