{"NUM_UE":8,"NUM_RUE":2,"connected":1,"NUM_DUE":6,"MAX_LEN":2,"SEED":33,"sys_energy":1061.9495991655128,"direct_energy":1368.62795875324,"avg_energy":195.63843509699888,"direct_avg_energy":202.24420099208334,"EE":1662.0243652336092,"direct_EE":1251.4245426666798,"model_sys_energy":6381.2103793654,"direct_model_sys_energy":8531.6322403342147,"model_avg_energy":1167.1044177793972,"direct_model_avg_energy":1263.3904930632361,"sum_rate":2.3570449155046106E+6,"direct_sum_rate":1.7127346173636049E+6,"direct_avg_rate_DUE":49733.706326577762,"DUE_power_limit":2,"Mslot":2,"method":"exhaustive-2","time":37525.388306}