{"NUM_UE":4,"NUM_RUE":1,"connected":0,"NUM_DUE":3,"MAX_LEN":2,"SEED":11,"sys_energy":669.95750057020564,"direct_energy":669.95750057020564,"avg_energy":185.02562920898578,"direct_avg_energy":185.02562920898583,"EE":165.19272522383818,"direct_EE":165.19272522383818,"model_sys_energy":4159.7907476533746,"direct_model_sys_energy":4159.7907476533746,"model_avg_energy":1165.7480048528453,"direct_model_avg_energy":1165.7480048528453,"sum_rate":110672.10530334336,"direct_sum_rate":110672.10530334339,"direct_avg_rate_DUE":14343.777220687174,"DUE_power_limit":2,"Mslot":2,"method":"exhaustive-2","time":416.416531}