{"NUM_UE":6,"NUM_RUE":2,"connected":1,"NUM_DUE":4,"MAX_LEN":2,"SEED":13,"sys_energy":838.49902967503488,"direct_energy":1076.6605211757173,"avg_energy":41.510695923162608,"direct_avg_energy":135.65092287198087,"EE":1474.1548795942622,"direct_EE":1109.491633884471,"model_sys_energy":5122.1554631760437,"direct_model_sys_energy":6632.7996358525552,"model_avg_energy":258.92782173240039,"direct_model_avg_energy":811.76660030024425,"sum_rate":null,"direct_sum_rate":1.1945458407781527E+6,"direct_avg_rate_DUE":113992.75155954596,"DUE_power_limit":2,"Mslot":2,"method":"exhaustive-2","time":7012.411233}