{"NUM_UE":6,"NUM_RUE":2,"connected":1,"NUM_DUE":4,"MAX_LEN":2,"SEED":34,"sys_energy":792.64422262403821,"direct_energy":959.6694980754927,"avg_energy":132.80013114897588,"direct_avg_energy":139.01235612341611,"EE":1877.888048186222,"direct_EE":1536.0708488329055,"model_sys_energy":4763.6718556605829,"direct_model_sys_energy":5930.2565125505971,"model_avg_energy":776.0151478317332,"direct_model_avg_energy":839.26944871302692,"sum_rate":1.7823149292886856E+6,"direct_sum_rate":1.4741203405078705E+6,"direct_avg_rate_DUE":166961.21360040363,"DUE_power_limit":2,"Mslot":2,"method":"exhaustive-2","time":7094.077439}