{"NUM_UE":5,"NUM_RUE":2,"connected":1,"NUM_DUE":3,"MAX_LEN":2,"SEED":10,"sys_energy":576.14971745083551,"direct_energy":692.97020122846129,"avg_energy":75.32612792331939,"direct_avg_energy":148.98711972678336,"EE":465.32623666579065,"direct_EE":346.62173847932394,"model_sys_energy":3409.5223474731265,"direct_model_sys_energy":4126.2240105426208,"model_avg_energy":472.92251904204619,"direct_model_avg_energy":906.41187626002284,"sum_rate":null,"direct_sum_rate":240198.5358641762,"direct_avg_rate_DUE":26031.330976822777,"DUE_power_limit":2,"Mslot":2,"method":"exhaustive-2","time":2808.184785}