{"NUM_UE":4,"NUM_RUE":1,"connected":0,"NUM_DUE":3,"MAX_LEN":2,"SEED":5,"sys_energy":600.34176893076585,"direct_energy":600.34176893076585,"avg_energy":0,"direct_avg_energy":196.4546919673852,"EE":5640.8465703466572,"direct_EE":5640.8465703466572,"model_sys_energy":3611.4441938828127,"direct_model_sys_energy":3611.4441938828127,"model_avg_energy":0,"direct_model_avg_energy":1214.4262379516563,"sum_rate":null,"direct_sum_rate":3.3864358083089562E+6,"direct_avg_rate_DUE":120297.72219520481,"DUE_power_limit":2,"Mslot":2,"method":"exhaustive-2","time":522.486433}