{"NUM_UE":7,"NUM_RUE":2,"connected":1,"NUM_DUE":5,"MAX_LEN":2,"SEED":8,"sys_energy":733.3849946278483,"direct_energy":1065.5619741026433,"avg_energy":113.42284713849014,"direct_avg_energy":136.25556479192602,"EE":1675.4263324928697,"direct_EE":1070.6631350474202,"model_sys_energy":4328.6682534787751,"direct_model_sys_energy":6556.1247882065791,"model_avg_energy":656.77466802116646,"direct_model_avg_energy":816.70763630910687,"sum_rate":2.3744362226450262E+6,"direct_sum_rate":1.1408579237800539E+6,"direct_avg_rate_DUE":92828.819975580642,"DUE_power_limit":2,"Mslot":2,"method":"exhaustive-2","time":10175.406948}