{"NUM_UE":7,"NUM_RUE":2,"connected":2,"NUM_DUE":5,"MAX_LEN":2,"SEED":3,"sys_energy":650.28973751141871,"direct_energy":1194.4310109289147,"avg_energy":122.22114308780071,"direct_avg_energy":144.35007795245218,"EE":5164.3064842621789,"direct_EE":2678.5860708171685,"model_sys_energy":3528.3790351066514,"direct_model_sys_energy":7437.2711962564827,"model_avg_energy":584.62323835305688,"direct_model_avg_energy":882.54019186263645,"sum_rate":5.7968835936807692E+6,"direct_sum_rate":3.19938626842626E+6,"direct_avg_rate_DUE":72189.2929414107,"DUE_power_limit":2,"Mslot":2,"method":"exhaustive-2","time":13476.229961}