{"NUM_UE":8,"NUM_RUE":2,"connected":1,"NUM_DUE":6,"MAX_LEN":2,"SEED":8,"sys_energy":1340.9885591058348,"direct_energy":1565.7674000401723,"avg_energy":138.29477852001207,"direct_avg_energy":162.39069928398268,"EE":1739.5539372865835,"direct_EE":1400.6809003987473,"model_sys_energy":8206.8412461508269,"direct_model_sys_energy":9735.7393327227837,"model_avg_energy":858.72879629841407,"direct_model_avg_energy":1018.6513268112462,"sum_rate":3.6311375696020685E+6,"direct_sum_rate":2.1931404917032742E+6,"direct_avg_rate_DUE":162721.33100547438,"DUE_power_limit":2,"Mslot":2,"method":"exhaustive-2","time":9934.032125}