{"NUM_UE":7,"NUM_RUE":2,"connected":1,"NUM_DUE":5,"MAX_LEN":2,"SEED":30,"sys_energy":805.6757794683017,"direct_energy":1160.8960922808433,"avg_energy":54.941879668648625,"direct_avg_energy":152.27729859531934,"EE":2557.3234366655379,"direct_EE":1751.5957652300353,"model_sys_energy":4822.806442041564,"direct_model_sys_energy":7258.9443602812153,"model_avg_energy":310.4134139717047,"direct_model_avg_energy":944.5137845530603,"sum_rate":null,"direct_sum_rate":2.0334206791112213E+6,"direct_avg_rate_DUE":44197.231114431386,"DUE_power_limit":2,"Mslot":2,"method":"exhaustive-2","time":16128.220228}