{"NUM_UE":4,"NUM_RUE":1,"connected":0,"NUM_DUE":3,"MAX_LEN":2,"SEED":9,"sys_energy":592.161964673647,"direct_energy":592.161964673647,"avg_energy":0,"direct_avg_energy":181.48392574017788,"EE":199.66975736620623,"direct_EE":199.66975736620623,"model_sys_energy":3556.4991764338265,"direct_model_sys_energy":3556.4991764338265,"model_avg_energy":0,"direct_model_avg_energy":1144.2663165957611,"sum_rate":null,"direct_sum_rate":118236.83580788309,"direct_avg_rate_DUE":10658.294043418624,"DUE_power_limit":2,"Mslot":2,"method":"exhaustive-2","time":410.512325}