{"NUM_UE":4,"NUM_RUE":1,"connected":0,"NUM_DUE":3,"MAX_LEN":2,"SEED":7,"sys_energy":751.09209577338811,"direct_energy":751.09209577338811,"avg_energy":0,"direct_avg_energy":156.52541496996741,"EE":1474.7431776732133,"direct_EE":1474.7431776732133,"model_sys_energy":4659.2144409300818,"direct_model_sys_energy":4659.2144409300818,"model_avg_energy":0,"direct_model_avg_energy":952.12956682413028,"sum_rate":null,"direct_sum_rate":1.1076679440460799E+6,"direct_avg_rate_DUE":108225.62182145652,"DUE_power_limit":2,"Mslot":2,"method":"exhaustive-2","time":561.815121}