{"NUM_UE":7,"NUM_RUE":2,"connected":1,"NUM_DUE":5,"MAX_LEN":2,"SEED":11,"sys_energy":933.13976505909386,"direct_energy":1082.9863692588183,"avg_energy":84.172016623795244,"direct_avg_energy":190.48009405605882,"EE":1014.5699002402476,"direct_EE":864.60867028376526,"model_sys_energy":5606.0572894247362,"direct_model_sys_energy":6604.1531764460069,"model_avg_energy":510.55366639445919,"direct_model_avg_energy":1188.8499093347816,"sum_rate":null,"direct_sum_rate":936359.40466030966,"direct_avg_rate_DUE":60908.6188714094,"DUE_power_limit":2,"Mslot":2,"method":"exhaustive-2","time":15279.445104}