{"NUM_UE":7,"NUM_RUE":2,"connected":0,"NUM_DUE":5,"MAX_LEN":2,"SEED":12,"sys_energy":987.05687978472838,"direct_energy":987.05687978472838,"avg_energy":156.28929284264427,"direct_avg_energy":156.28929284264422,"EE":366.74592145292308,"direct_EE":366.74592145292308,"model_sys_energy":5924.120458142831,"direct_model_sys_energy":5924.120458142831,"model_avg_energy":974.598111978311,"direct_model_avg_energy":974.598111978311,"sum_rate":361999.08490309736,"direct_sum_rate":361999.08490309736,"direct_avg_rate_DUE":9400.8534143995385,"DUE_power_limit":2,"Mslot":2,"method":"exhaustive-2","time":10673.314844}