{"NUM_UE":7,"NUM_RUE":2,"connected":0,"NUM_DUE":5,"MAX_LEN":2,"SEED":24,"sys_energy":1050.7802588540394,"direct_energy":1050.7802588540394,"avg_energy":174.48315955614828,"direct_avg_energy":174.48315955614831,"EE":701.35402395290293,"direct_EE":701.35402395290293,"model_sys_energy":6425.1551300563906,"direct_model_sys_energy":6425.1551300563906,"model_avg_energy":1100.2174873255942,"direct_model_avg_energy":1100.2174873255935,"sum_rate":736968.96283755347,"direct_sum_rate":736968.96283755347,"direct_avg_rate_DUE":38415.273264716059,"DUE_power_limit":2,"Mslot":2,"method":"exhaustive-2","time":8888.100941}