{"NUM_UE":6,"NUM_RUE":2,"connected":2,"NUM_DUE":4,"MAX_LEN":2,"SEED":16,"sys_energy":525.358641183951,"direct_energy":914.60547471947473,"avg_energy":161.78936237051695,"direct_avg_energy":163.84080492050123,"EE":7708.5717176065127,"direct_EE":4346.8169784636139,"model_sys_energy":2810.5752528376293,"direct_model_sys_energy":5637.717327406679,"model_avg_energy":910.961719946858,"direct_model_avg_energy":1028.8256726040086,"sum_rate":5.1387902209610259E+6,"direct_sum_rate":3.9756226061063861E+6,"direct_avg_rate_DUE":23911.719259938956,"DUE_power_limit":2,"Mslot":2,"method":"exhaustive-2","time":12848.554955}