{"NUM_UE":8,"NUM_RUE":2,"connected":1,"NUM_DUE":6,"MAX_LEN":2,"SEED":6,"sys_energy":908.4177413571482,"direct_energy":1178.211284286594,"avg_energy":160.32084062538121,"direct_avg_energy":168.30766399986197,"EE":1006.3930410550129,"direct_EE":755.88147217614835,"model_sys_energy":5353.48574813028,"direct_model_sys_energy":7162.4299030439324,"model_avg_energy":974.75978205536649,"direct_model_avg_energy":1059.4776927527887,"sum_rate":1.2851805816957108E+6,"direct_sum_rate":890588.08010110119,"direct_avg_rate_DUE":32465.954681177642,"DUE_power_limit":2,"Mslot":2,"method":"exhaustive-2","time":17193.591153}