{"NUM_UE":6,"NUM_RUE":2,"connected":0,"NUM_DUE":4,"MAX_LEN":2,"SEED":12,"sys_energy":997.98723792772989,"direct_energy":997.98723792772989,"avg_energy":0,"direct_avg_energy":196.30943258210485,"EE":631.70603240884418,"direct_EE":631.70603240884418,"model_sys_energy":6173.7947447245424,"direct_model_sys_energy":6173.7947447245424,"model_avg_energy":0,"direct_model_avg_energy":1230.9264793422381,"sum_rate":null,"direct_sum_rate":630434.55846598744,"direct_avg_rate_DUE":13276.936653318426,"DUE_power_limit":2,"Mslot":2,"method":"exhaustive-2","time":3933.102876}