{"NUM_UE":8,"NUM_RUE":2,"connected":2,"NUM_DUE":6,"MAX_LEN":2,"SEED":15,"sys_energy":601.61340977842042,"direct_energy":1199.4806974654157,"avg_energy":112.99027202673791,"direct_avg_energy":144.84244944654696,"EE":3673.6693511858011,"direct_EE":1513.0169422473653,"model_sys_energy":3351.4309803368951,"direct_model_sys_energy":7426.39835080134,"model_avg_energy":602.08510304620563,"direct_model_avg_energy":873.343061456839,"sum_rate":6.3024929274949813E+6,"direct_sum_rate":1.821460952506949E+6,"direct_avg_rate_DUE":78127.439972006454,"DUE_power_limit":2,"Mslot":2,"method":"exhaustive-2","time":50776.184229}