{"NUM_UE":5,"NUM_RUE":2,"connected":0,"NUM_DUE":3,"MAX_LEN":2,"SEED":32,"sys_energy":833.91717350214083,"direct_energy":833.91717350214083,"avg_energy":0,"direct_avg_energy":153.42801085814637,"EE":817.721768841564,"direct_EE":817.721768841564,"model_sys_energy":5189.5609013406356,"direct_model_sys_energy":5189.5609013406356,"model_avg_energy":0,"direct_model_avg_energy":953.23350875776759,"sum_rate":null,"direct_sum_rate":681912.226183528,"direct_avg_rate_DUE":46340.657521558634,"DUE_power_limit":2,"Mslot":2,"method":"exhaustive-2","time":2156.077007}