{"NUM_UE":5,"NUM_RUE":2,"connected":0,"NUM_DUE":3,"MAX_LEN":2,"SEED":18,"sys_energy":736.95338312819786,"direct_energy":736.95338312819786,"avg_energy":167.2114612168011,"direct_avg_energy":167.21146121680107,"EE":392.70509865479352,"direct_EE":392.70509865479352,"model_sys_energy":4455.1022535423072,"direct_model_sys_energy":4455.1022535423072,"model_avg_energy":1041.1155070508516,"direct_model_avg_energy":1041.1155070508503,"sum_rate":289405.35102534277,"direct_sum_rate":289405.35102534277,"direct_avg_rate_DUE":16513.698725708658,"DUE_power_limit":2,"Mslot":2,"method":"exhaustive-2","time":1924.297887}