{"NUM_UE":8,"NUM_RUE":2,"connected":1,"NUM_DUE":6,"MAX_LEN":2,"SEED":20,"sys_energy":1017.9948144856801,"direct_energy":1286.9632799249002,"avg_energy":101.40863839293318,"direct_avg_energy":207.86140077685712,"EE":1847.4188142728588,"direct_EE":1443.7736697304222,"model_sys_energy":6098.732748550553,"direct_model_sys_energy":7870.1376312007233,"model_avg_energy":625.5422247149022,"direct_model_avg_energy":1293.0735625326884,"sum_rate":null,"direct_sum_rate":1.8580836974654738E+6,"direct_avg_rate_DUE":81800.420203028843,"DUE_power_limit":2,"Mslot":2,"method":"exhaustive-2","time":39257.289713}