{"NUM_UE":4,"NUM_RUE":1,"connected":1,"NUM_DUE":3,"MAX_LEN":2,"SEED":6,"sys_energy":466.57188221587353,"direct_energy":596.51162069806378,"avg_energy":163.83537457763779,"direct_avg_energy":163.19978812172397,"EE":1671.48078165771,"direct_EE":1279.2998935319936,"model_sys_energy":2782.0137178648506,"direct_model_sys_energy":3634.5558968839323,"model_avg_energy":1025.3142195290882,"direct_model_avg_energy":1024.341866734532,"sum_rate":897106.64755090571,"direct_sum_rate":763117.25284963,"direct_avg_rate_DUE":58289.199308283576,"DUE_power_limit":2,"Mslot":2,"method":"exhaustive-2","time":776.828528}