{"NUM_UE":4,"NUM_RUE":1,"connected":0,"NUM_DUE":3,"MAX_LEN":2,"SEED":30,"sys_energy":654.64966019447,"direct_energy":654.64966019447,"avg_energy":160.31614475042562,"direct_avg_energy":160.31614475042568,"EE":1845.4481574995873,"direct_EE":1845.4481574995873,"model_sys_energy":4070.7709559331288,"direct_model_sys_energy":4070.7709559331288,"model_avg_energy":1003.9002027547106,"direct_model_avg_energy":1003.9002027547106,"sum_rate":1.2081220092136168E+6,"direct_sum_rate":1.2081220092136157E+6,"direct_avg_rate_DUE":19235.664600615113,"DUE_power_limit":2,"Mslot":2,"method":"exhaustive-2","time":391.241987}