{"NUM_UE":6,"NUM_RUE":2,"connected":2,"NUM_DUE":4,"MAX_LEN":2,"SEED":35,"sys_energy":631.73715613937975,"direct_energy":1031.5490716490604,"avg_energy":104.5152944457044,"direct_avg_energy":133.70279525837341,"EE":576.96591752829386,"direct_EE":264.31305343175137,"model_sys_energy":3516.4201988105729,"direct_model_sys_energy":6360.9752083802441,"model_avg_energy":535.09325663749587,"direct_model_avg_energy":782.829867726585,"sum_rate":1.1058892519155543E+6,"direct_sum_rate":272651.88489225163,"direct_avg_rate_DUE":38915.217564813145,"DUE_power_limit":2,"Mslot":2,"method":"exhaustive-2","time":11115.82179}