{"NUM_UE":5,"NUM_RUE":2,"connected":2,"NUM_DUE":3,"MAX_LEN":2,"SEED":3,"sys_energy":426.02348554668367,"direct_energy":675.2343183993313,"avg_energy":131.99530557983567,"direct_avg_energy":137.96126251369907,"EE":6911.1619312890789,"direct_EE":4344.4368990434459,"model_sys_energy":2349.409026829906,"direct_model_sys_energy":3982.9511712099911,"model_avg_energy":770.74731412539154,"direct_model_avg_energy":830.668852130105,"sum_rate":3.4317118068596967E+6,"direct_sum_rate":2.9335128883545054E+6,"direct_avg_rate_DUE":20472.875546434039,"DUE_power_limit":2,"Mslot":2,"method":"exhaustive-2","time":2835.411059}