{"NUM_UE":4,"NUM_RUE":1,"connected":0,"NUM_DUE":3,"MAX_LEN":2,"SEED":26,"sys_energy":649.4028492543182,"direct_energy":649.4028492543182,"avg_energy":0,"direct_avg_energy":203.90120355711051,"EE":1030.6166633253047,"direct_EE":1030.6166633253047,"model_sys_energy":3967.0275567466333,"direct_model_sys_energy":3967.0275567466333,"model_avg_energy":0,"direct_model_avg_energy":1272.2487748182502,"sum_rate":null,"direct_sum_rate":669285.39765243127,"direct_avg_rate_DUE":25073.430868041865,"DUE_power_limit":2,"Mslot":2,"method":"exhaustive-2","time":440.040081}