{"NUM_UE":6,"NUM_RUE":2,"connected":1,"NUM_DUE":4,"MAX_LEN":2,"SEED":2,"sys_energy":867.705372159146,"direct_energy":1057.8491383021467,"avg_energy":70.665757184706933,"direct_avg_energy":159.83909470006398,"EE":3403.4866369723086,"direct_EE":2777.867804395958,"model_sys_energy":5288.8303274843011,"direct_model_sys_energy":6610.2083832662493,"model_avg_energy":405.0606102631703,"direct_model_avg_energy":988.80767456453077,"sum_rate":null,"direct_sum_rate":2.9385650631975406E+6,"direct_avg_rate_DUE":45884.522527235233,"DUE_power_limit":2,"Mslot":2,"method":"exhaustive-2","time":5604.560079}