{"NUM_UE":7,"NUM_RUE":2,"connected":2,"NUM_DUE":5,"MAX_LEN":2,"SEED":28,"sys_energy":482.3832326568463,"direct_energy":957.39949508762788,"avg_energy":80.944533170516465,"direct_avg_energy":132.1092891194678,"EE":1087.2802271593348,"direct_EE":509.65905622748085,"model_sys_energy":2653.6624338400752,"direct_model_sys_energy":5706.970229598498,"model_avg_energy":469.37213109642539,"direct_model_avg_energy":783.145434726775,"sum_rate":1.5066990477818372E+6,"direct_sum_rate":487947.3230990271,"direct_avg_rate_DUE":10842.586193737239,"DUE_power_limit":2,"Mslot":2,"method":"exhaustive-2","time":29336.50015}