{"NUM_UE":6,"NUM_RUE":2,"connected":1,"NUM_DUE":4,"MAX_LEN":2,"SEED":14,"sys_energy":605.9507341135909,"direct_energy":851.87793598470182,"avg_energy":75.4539285344719,"direct_avg_energy":159.10255956354138,"EE":400.75522367798948,"direct_EE":221.24395553145644,"model_sys_energy":3469.3124432276077,"direct_model_sys_energy":5145.1244677487457,"model_avg_energy":431.20253214501014,"direct_model_avg_energy":995.16296302653313,"sum_rate":null,"direct_sum_rate":188472.84418722827,"direct_avg_rate_DUE":15547.886306949091,"DUE_power_limit":2,"Mslot":2,"method":"exhaustive-2","time":7393.536291}