{"NUM_UE":5,"NUM_RUE":2,"connected":0,"NUM_DUE":3,"MAX_LEN":2,"SEED":11,"sys_energy":747.95903729789279,"direct_energy":747.95903729789279,"avg_energy":0,"direct_avg_energy":166.41674922984524,"EE":820.01342886057557,"direct_EE":820.01342886057557,"model_sys_energy":4546.542745057247,"direct_model_sys_energy":4546.542745057247,"model_avg_energy":0,"direct_model_avg_energy":1035.6160304732209,"sum_rate":null,"direct_sum_rate":613336.45482190023,"direct_avg_rate_DUE":53835.760320554466,"DUE_power_limit":2,"Mslot":2,"method":"exhaustive-2","time":2156.246487}