{"NUM_UE":5,"NUM_RUE":2,"connected":0,"NUM_DUE":3,"MAX_LEN":2,"SEED":35,"sys_energy":702.02963080515224,"direct_energy":702.02963080515224,"avg_energy":0,"direct_avg_energy":147.82131432419163,"EE":332.88131932400273,"direct_EE":332.88131932400273,"model_sys_energy":4198.3822219030335,"direct_model_sys_energy":4198.3822219030335,"model_avg_energy":0,"direct_model_avg_energy":897.189665359419,"sum_rate":null,"direct_sum_rate":233692.54970696161,"direct_avg_rate_DUE":13434.462662280086,"DUE_power_limit":2,"Mslot":2,"method":"exhaustive-2","time":1895.134373}