{"NUM_UE":5,"NUM_RUE":2,"connected":0,"NUM_DUE":3,"MAX_LEN":2,"SEED":14,"sys_energy":911.17577127608706,"direct_energy":911.17577127608706,"avg_energy":164.28834747023882,"direct_avg_energy":164.28834747023876,"EE":233.30711083454929,"direct_EE":233.30711083454929,"model_sys_energy":5686.9385165713293,"direct_model_sys_energy":5686.9385165713293,"model_avg_energy":1023.5461215578599,"direct_model_avg_energy":1023.5461215578598,"sum_rate":212583.786658866,"direct_sum_rate":212583.78665886598,"direct_avg_rate_DUE":25362.9341365611,"DUE_power_limit":2,"Mslot":2,"method":"exhaustive-2","time":1521.976772}