{"NUM_UE":6,"NUM_RUE":2,"connected":0,"NUM_DUE":4,"MAX_LEN":2,"SEED":21,"sys_energy":933.7151986334859,"direct_energy":933.7151986334859,"avg_energy":0,"direct_avg_energy":167.14925875950041,"EE":2120.657839671585,"direct_EE":2120.657839671585,"model_sys_energy":5756.16219235136,"direct_model_sys_energy":5756.16219235136,"model_avg_energy":0,"direct_model_avg_energy":1051.6268089185364,"sum_rate":null,"direct_sum_rate":1.9800904560026128E+6,"direct_avg_rate_DUE":43050.559349373762,"DUE_power_limit":2,"Mslot":2,"method":"exhaustive-2","time":5116.079735}