{"NUM_UE":7,"NUM_RUE":2,"connected":0,"NUM_DUE":5,"MAX_LEN":2,"SEED":35,"sys_energy":1074.6176253999624,"direct_energy":1074.6176253999624,"avg_energy":0,"direct_avg_energy":153.92555733802544,"EE":386.64927162221159,"direct_EE":386.64927162221159,"model_sys_energy":6652.7523269842768,"direct_model_sys_energy":6652.7523269842768,"model_avg_energy":0,"direct_model_avg_energy":956.98113786141857,"sum_rate":null,"direct_sum_rate":415500.12213328609,"direct_avg_rate_DUE":36010.022217531514,"DUE_power_limit":2,"Mslot":2,"method":"exhaustive-2","time":10739.897022}