{"NUM_UE":6,"NUM_RUE":2,"connected":1,"NUM_DUE":4,"MAX_LEN":2,"SEED":19,"sys_energy":641.50666538767825,"direct_energy":884.85040843664444,"avg_energy":86.138152348779428,"direct_avg_energy":170.78937791329236,"EE":1216.6335464013064,"direct_EE":862.62426502280277,"model_sys_energy":3733.2586563400923,"direct_model_sys_energy":5370.0821245104216,"model_avg_energy":507.99505078632927,"direct_model_avg_energy":1065.4734001752149,"sum_rate":null,"direct_sum_rate":763293.4332327873,"direct_avg_rate_DUE":8793.79363993624,"DUE_power_limit":2,"Mslot":2,"method":"exhaustive-2","time":12391.27016}