{"NUM_UE":6,"NUM_RUE":2,"connected":1,"NUM_DUE":4,"MAX_LEN":2,"SEED":15,"sys_energy":742.02177351137539,"direct_energy":1063.8169921537879,"avg_energy":90.911303240036489,"direct_avg_energy":190.16023898504363,"EE":4581.5253745466889,"direct_EE":3147.0775054734095,"model_sys_energy":4522.3638017036465,"direct_model_sys_energy":6656.167811085048,"model_avg_energy":568.73972586360412,"direct_model_avg_energy":1195.9988402573822,"sum_rate":null,"direct_sum_rate":3.3479145259475685E+6,"direct_avg_rate_DUE":128183.74660226874,"DUE_power_limit":2,"Mslot":2,"method":"exhaustive-2","time":7439.031901}