{"NUM_UE":5,"NUM_RUE":2,"connected":2,"NUM_DUE":3,"MAX_LEN":2,"SEED":25,"sys_energy":439.97996005928832,"direct_energy":692.1207240428721,"avg_energy":128.72139575351142,"direct_avg_energy":138.35675460895595,"EE":523.33666242862535,"direct_EE":289.50152598951541,"model_sys_energy":2324.9542879184264,"direct_model_sys_energy":4131.999129435103,"model_avg_energy":723.50556858721961,"direct_model_avg_energy":827.19120807495869,"sum_rate":457096.26189455722,"direct_sum_rate":200370.00577937975,"direct_avg_rate_DUE":14230.381757421344,"DUE_power_limit":2,"Mslot":2,"method":"exhaustive-2","time":3342.44976}