{"NUM_UE":7,"NUM_RUE":2,"connected":1,"NUM_DUE":5,"MAX_LEN":2,"SEED":2,"sys_energy":795.01522105422544,"direct_energy":1065.9711623344683,"avg_energy":180.46011450586843,"direct_avg_energy":192.58253133855459,"EE":4070.1978148572966,"direct_EE":2978.2196492077856,"model_sys_energy":4718.2275738616308,"direct_model_sys_energy":6472.7324142878579,"model_avg_energy":1124.66683273237,"direct_model_avg_energy":1209.9211060196149,"sum_rate":3.6640774884515717E+6,"direct_sum_rate":3.1746962611533757E+6,"direct_avg_rate_DUE":22701.727616019405,"DUE_power_limit":2,"Mslot":2,"method":"exhaustive-2","time":21409.469017}