{"NUM_UE":4,"NUM_RUE":1,"connected":0,"NUM_DUE":3,"MAX_LEN":2,"SEED":20,"sys_energy":807.33378272599862,"direct_energy":807.33378272599862,"avg_energy":0,"direct_avg_energy":172.71907712140597,"EE":2338.9129505848978,"direct_EE":2338.9129505848978,"model_sys_energy":4998.9511996328038,"direct_model_sys_energy":4998.9511996328038,"model_avg_energy":0,"direct_model_avg_energy":1078.3441037797832,"sum_rate":null,"direct_sum_rate":1.8882834398625321E+6,"direct_avg_rate_DUE":366881.55311837589,"DUE_power_limit":2,"Mslot":2,"method":"exhaustive-2","time":529.067823}