{"NUM_UE":5,"NUM_RUE":2,"connected":0,"NUM_DUE":3,"MAX_LEN":2,"SEED":5,"sys_energy":778.19711230763482,"direct_energy":778.19711230763482,"avg_energy":168.20769063851913,"direct_avg_energy":168.20769063851913,"EE":3139.4172048082492,"direct_EE":3139.4172048082492,"model_sys_energy":4787.1073768694205,"direct_model_sys_energy":4787.1073768694205,"model_avg_energy":1047.963270021537,"direct_model_avg_energy":1047.9632700215357,"sum_rate":2.443085403110683E+6,"direct_sum_rate":2.4430854031106862E+6,"direct_avg_rate_DUE":35632.208872428513,"DUE_power_limit":2,"Mslot":2,"method":"exhaustive-2","time":1513.46321}