{"NUM_UE":7,"NUM_RUE":2,"connected":2,"NUM_DUE":5,"MAX_LEN":2,"SEED":3,"sys_energy":468.64344142950642,"direct_energy":1194.4310109289147,"avg_energy":102.43010319625925,"direct_avg_energy":144.35007795245218,"EE":7240.9902375104348,"direct_EE":2678.5860708171685,"model_sys_energy":2364.3466144094527,"direct_model_sys_energy":7437.2711962564827,"model_avg_energy":541.32510881795758,"direct_model_avg_energy":882.54019186263645,"sum_rate":8.04313776551743E+6,"direct_sum_rate":3.19938626842626E+6,"direct_avg_rate_DUE":72189.2929414107,"DUE_power_limit":2,"Mslot":2,"method":"exhaustive-2","time":29303.554008}