{"NUM_UE":7,"NUM_RUE":2,"connected":0,"NUM_DUE":5,"MAX_LEN":2,"SEED":32,"sys_energy":1047.1315451453777,"direct_energy":1047.1315451453777,"avg_energy":0,"direct_avg_energy":144.29463718104148,"EE":535.50131834074386,"direct_EE":535.50131834074386,"model_sys_energy":6440.1791827018733,"direct_model_sys_energy":6440.1791827018733,"model_avg_energy":0,"direct_model_avg_energy":882.09597371281438,"sum_rate":null,"direct_sum_rate":560740.32290153,"direct_avg_rate_DUE":25467.405045191816,"DUE_power_limit":2,"Mslot":2,"method":"exhaustive-2","time":7114.73345}