{"NUM_UE":8,"NUM_RUE":2,"connected":0,"NUM_DUE":6,"MAX_LEN":2,"SEED":18,"sys_energy":1221.9724343229534,"direct_energy":1221.9724343229534,"avg_energy":198.03164987438083,"direct_avg_energy":198.03164987438083,"EE":422.49252986648418,"direct_EE":422.49252986648418,"model_sys_energy":7489.6345503092807,"direct_model_sys_energy":7489.6345503092807,"model_avg_energy":1240.4689467744279,"direct_model_avg_energy":1240.4689467744279,"sum_rate":521914.67249719746,"direct_sum_rate":521914.67249719769,"direct_avg_rate_DUE":24025.777319688645,"DUE_power_limit":2,"Mslot":2,"method":"exhaustive-2","time":18120.083145}