{"NUM_UE":4,"NUM_RUE":1,"connected":1,"NUM_DUE":3,"MAX_LEN":2,"SEED":27,"sys_energy":303.31649806769531,"direct_energy":555.02031650240212,"avg_energy":138.70880365071372,"direct_avg_energy":146.42270288167106,"EE":13678.201977974337,"direct_EE":7414.7497702388555,"model_sys_energy":1622.1571653436954,"direct_model_sys_energy":3321.0194503497969,"model_avg_energy":777.59938425632686,"direct_model_avg_energy":899.04792273356168,"sum_rate":4.969781294200914E+6,"direct_sum_rate":4.115336764264083E+6,"direct_avg_rate_DUE":13575.039098007028,"DUE_power_limit":2,"Mslot":2,"method":"proposed-2","time":1230.156115}