{"NUM_UE":4,"NUM_RUE":1,"connected":0,"NUM_DUE":3,"MAX_LEN":2,"SEED":22,"sys_energy":547.7217812171391,"direct_energy":547.7217812171391,"avg_energy":146.86373130504253,"direct_avg_energy":146.86373130504251,"EE":4655.0523521190353,"direct_EE":4655.0523521190353,"model_sys_energy":3236.1994704113567,"direct_model_sys_energy":3236.1994704113567,"model_avg_energy":902.53444735245171,"direct_model_avg_energy":902.53444735245171,"sum_rate":2.5496735659616725E+6,"direct_sum_rate":2.5496735659616711E+6,"direct_avg_rate_DUE":62810.737949754694,"DUE_power_limit":2,"Mslot":2,"method":"proposed-2","time":143.407867}