{"NUM_UE":5,"NUM_RUE":2,"connected":2,"NUM_DUE":3,"MAX_LEN":2,"SEED":30,"sys_energy":247.34425792930591,"direct_energy":746.86629516161088,"avg_energy":102.58355787865817,"direct_avg_energy":135.1991493365316,"EE":5007.108431803279,"direct_EE":1572.6453295602887,"model_sys_energy":1190.8550042136765,"direct_model_sys_energy":4568.9939588719681,"model_avg_energy":558.4133752476564,"direct_model_avg_energy":794.79230985851325,"sum_rate":2.7925601440542084E+6,"direct_sum_rate":1.1745557908919035E+6,"direct_avg_rate_DUE":20007.972248156188,"DUE_power_limit":2,"Mslot":2,"method":"proposed-2","time":2805.861636}