{"NUM_UE":6,"NUM_RUE":2,"connected":1,"NUM_DUE":4,"MAX_LEN":2,"SEED":16,"sys_energy":637.62295084221,"direct_energy":914.60547471947473,"avg_energy":157.13079213570958,"direct_avg_energy":163.84080492050123,"EE":6300.7896803275835,"direct_EE":4346.8169784636139,"model_sys_energy":3744.723796989635,"direct_model_sys_energy":5637.717327406679,"model_avg_energy":953.72799598890526,"direct_model_avg_energy":1028.8256726040086,"sum_rate":4.5734096162656881E+6,"direct_sum_rate":3.9756226061063861E+6,"direct_avg_rate_DUE":23911.719259938956,"DUE_power_limit":2,"Mslot":2,"method":"proposed-2","time":2717.530224}