{"NUM_UE":5,"NUM_RUE":2,"connected":1,"NUM_DUE":3,"MAX_LEN":2,"SEED":34,"sys_energy":556.3184289339049,"direct_energy":779.437476284369,"avg_energy":100.5814923323244,"direct_avg_energy":134.01395480207211,"EE":2407.3541282660635,"direct_EE":1667.9928760193211,"model_sys_energy":3316.4974234424872,"direct_model_sys_energy":4792.4561040750577,"model_avg_energy":568.92602558571627,"direct_model_avg_energy":785.29981007384367,"sum_rate":2.2931747361178007E+6,"direct_sum_rate":1.300096157744806E+6,"direct_avg_rate_DUE":224335.01279752507,"DUE_power_limit":2,"Mslot":2,"method":"proposed-2","time":597.300579}