{"NUM_UE":7,"NUM_RUE":2,"connected":2,"NUM_DUE":5,"MAX_LEN":2,"SEED":29,"sys_energy":424.05984673871836,"direct_energy":916.3421480019706,"avg_energy":110.0446382403088,"direct_avg_energy":136.01656047141546,"EE":5961.3608606331127,"direct_EE":2554.5296439048871,"model_sys_energy":2055.2344511522683,"direct_model_sys_energy":5431.7730253414629,"model_avg_energy":573.01572920981948,"direct_model_avg_energy":814.75364817442733,"sum_rate":4.37671523714267E+6,"direct_sum_rate":2.3449407857363811E+6,"direct_avg_rate_DUE":107301.81056580515,"DUE_power_limit":2,"Mslot":2,"method":"proposed-2","time":3016.049721}