{"NUM_UE":6,"NUM_RUE":2,"connected":1,"NUM_DUE":4,"MAX_LEN":2,"SEED":29,"sys_energy":644.99511508772162,"direct_energy":985.59225031969561,"avg_energy":133.24262411307552,"direct_avg_energy":144.3698810591064,"EE":6776.328826367524,"direct_EE":4255.779402991966,"model_sys_energy":3860.3129590286512,"direct_model_sys_energy":6112.4525539802671,"model_avg_energy":807.94340174036188,"direct_model_avg_energy":869.52653727308484,"sum_rate":5.8649150250607692E+6,"direct_sum_rate":4.1944631986590624E+6,"direct_avg_rate_DUE":329389.2646693784,"DUE_power_limit":2,"Mslot":2,"method":"proposed-2","time":563.234828}