{"NUM_UE":5,"NUM_RUE":2,"connected":1,"NUM_DUE":3,"MAX_LEN":2,"SEED":7,"sys_energy":524.886384194018,"direct_energy":818.03175534033687,"avg_energy":171.31480828594715,"direct_avg_energy":176.23691766237454,"EE":11425.507164431809,"direct_EE":7168.9843978558292,"model_sys_energy":3146.3492155963754,"direct_model_sys_energy":5077.6983430990949,"model_avg_energy":1065.7907115410087,"direct_model_avg_energy":1101.344264642481,"sum_rate":6.9255461281498233E+6,"direct_sum_rate":5.8644568909854917E+6,"direct_avg_rate_DUE":78484.807737606519,"DUE_power_limit":2,"Mslot":2,"method":"proposed-2","time":1290.155033}