{"NUM_UE":6,"NUM_RUE":2,"connected":1,"NUM_DUE":4,"MAX_LEN":2,"SEED":27,"sys_energy":678.15039542668239,"direct_energy":1017.0549217801295,"avg_energy":155.48584343637174,"direct_avg_energy":169.41694438274078,"EE":8684.2255998101464,"direct_EE":5742.0070522494452,"model_sys_energy":4054.3756558072346,"direct_model_sys_energy":6362.4454558391863,"model_avg_energy":944.68560313677813,"direct_model_avg_energy":1066.9325269524866,"sum_rate":8.0410642513254229E+6,"direct_sum_rate":5.8399365333865108E+6,"direct_avg_rate_DUE":34364.467659892282,"DUE_power_limit":2,"Mslot":2,"method":"proposed-2","time":1070.424636}