{"NUM_UE":7,"NUM_RUE":2,"connected":2,"NUM_DUE":5,"MAX_LEN":2,"SEED":21,"sys_energy":514.25879978642035,"direct_energy":1100.6666709836036,"avg_energy":153.41117149138961,"direct_avg_energy":167.82848988339387,"EE":3833.620170284295,"direct_EE":1671.5523177761543,"model_sys_energy":2852.2814357026764,"direct_model_sys_energy":6813.1298964759308,"model_avg_energy":915.57276411114856,"direct_model_avg_energy":1056.2383927626188,"sum_rate":3.1545416672617351E+6,"direct_sum_rate":1.8398219249816064E+6,"direct_avg_rate_DUE":39194.254860082976,"DUE_power_limit":2,"Mslot":2,"method":"proposed-2","time":3884.834059}