{"NUM_UE":6,"NUM_RUE":2,"connected":1,"NUM_DUE":4,"MAX_LEN":2,"SEED":17,"sys_energy":756.1700140138978,"direct_energy":930.09491618402785,"avg_energy":117.52838696207917,"direct_avg_energy":136.67474135358685,"EE":479.56882393209287,"direct_EE":367.3069172082034,"model_sys_energy":4544.087393181142,"direct_model_sys_energy":5716.0625300204483,"model_avg_energy":717.19815090089787,"direct_model_avg_energy":806.746962550694,"sum_rate":469497.2658466344,"direct_sum_rate":341630.29637457762,"direct_avg_rate_DUE":46762.701987448447,"DUE_power_limit":2,"Mslot":2,"method":"proposed-2","time":813.424962}