{"NUM_UE":4,"NUM_RUE":1,"connected":0,"NUM_DUE":3,"MAX_LEN":2,"SEED":8,"sys_energy":726.9050536402508,"direct_energy":726.9050536402508,"avg_energy":153.72945223172212,"direct_avg_energy":153.72945223172209,"EE":1562.8320823884821,"direct_EE":1562.8320823884821,"model_sys_energy":4523.14324973355,"direct_model_sys_energy":4523.14324973355,"model_avg_energy":955.50566488689242,"direct_model_avg_energy":955.50566488689242,"sum_rate":1.1360305386793041E+6,"direct_sum_rate":1.1360305386793045E+6,"direct_avg_rate_DUE":139318.34648348892,"DUE_power_limit":2,"Mslot":2,"method":"proposed-2","time":110.138321}