{"NUM_UE":7,"NUM_RUE":2,"connected":0,"NUM_DUE":5,"MAX_LEN":2,"SEED":13,"sys_energy":1226.0809957267873,"direct_energy":1226.0809957267873,"avg_energy":180.68476407584564,"direct_avg_energy":180.68476407584561,"EE":1890.1422870159472,"direct_EE":1890.1422870159472,"model_sys_energy":7714.2960698451989,"direct_model_sys_energy":7714.2960698451989,"model_avg_energy":1139.3466096634729,"direct_model_avg_energy":1139.3466096634729,"sum_rate":2.3174675373298181E+6,"direct_sum_rate":2.3174675373298195E+6,"direct_avg_rate_DUE":72813.237640613544,"DUE_power_limit":2,"Mslot":2,"method":"proposed-2","time":242.994392}