{"NUM_UE":8,"NUM_RUE":2,"connected":1,"NUM_DUE":6,"MAX_LEN":2,"SEED":5,"sys_energy":1009.3306298438524,"direct_energy":1332.0445839008626,"avg_energy":153.87258586419188,"direct_avg_energy":162.14012902554663,"EE":3009.8824667966414,"direct_EE":2209.9545801209533,"model_sys_energy":6125.4747515625877,"direct_model_sys_energy":8349.5366287089782,"model_avg_energy":929.20587062698178,"direct_model_avg_energy":1016.8819242005932,"sum_rate":4.2746076336367326E+6,"direct_sum_rate":2.9437580291170208E+6,"direct_avg_rate_DUE":163398.06721589441,"DUE_power_limit":2,"Mslot":2,"method":"proposed-2","time":1147.128749}