{"NUM_UE":4,"NUM_RUE":1,"connected":1,"NUM_DUE":3,"MAX_LEN":2,"SEED":3,"sys_energy":349.16341474258707,"direct_energy":675.69390169231951,"avg_energy":161.67685679676296,"direct_avg_energy":190.25447712668043,"EE":9108.695809011846,"direct_EE":4589.398368771931,"model_sys_energy":1982.7703292384576,"direct_model_sys_energy":4194.2545261881442,"model_avg_energy":931.83750063017555,"direct_model_avg_energy":1196.5445623262533,"sum_rate":4.7290585069840755E+6,"direct_sum_rate":3.1010284902158729E+6,"direct_avg_rate_DUE":60234.394700450175,"DUE_power_limit":2,"Mslot":2,"method":"proposed-2","time":1172.812278}