{"NUM_UE":5,"NUM_RUE":2,"connected":1,"NUM_DUE":3,"MAX_LEN":2,"SEED":4,"sys_energy":529.07024839342728,"direct_energy":811.03492511800937,"avg_energy":173.11280066331847,"direct_avg_energy":175.26701458887237,"EE":5629.6684868239236,"direct_EE":3584.1814761534674,"model_sys_energy":3171.1261911044826,"direct_model_sys_energy":5022.4411300539214,"model_avg_energy":1091.0024249042312,"direct_model_avg_energy":1105.2589087543865,"sum_rate":3.4796462913595727E+6,"direct_sum_rate":2.9068963551214836E+6,"direct_avg_rate_DUE":59322.841002140056,"DUE_power_limit":2,"Mslot":2,"method":"proposed-2","time":1133.506522}