{"NUM_UE":4,"NUM_RUE":1,"connected":0,"NUM_DUE":3,"MAX_LEN":2,"SEED":16,"sys_energy":764.34154758769728,"direct_energy":764.34154758769728,"avg_energy":140.69404361617123,"direct_avg_energy":140.69404361617123,"EE":3123.9537730309021,"direct_EE":3123.9537730309021,"model_sys_energy":4700.8843662765912,"direct_model_sys_energy":4700.8843662765912,"model_avg_energy":852.99366963585533,"direct_model_avg_energy":852.99366963585533,"sum_rate":2.3877676614708686E+6,"direct_sum_rate":2.3877676614708658E+6,"direct_avg_rate_DUE":66655.814238485516,"DUE_power_limit":2,"Mslot":2,"method":"proposed-2","time":112.87903}