{"NUM_UE":7,"NUM_RUE":2,"connected":1,"NUM_DUE":5,"MAX_LEN":2,"SEED":27,"sys_energy":805.8299080072029,"direct_energy":1106.9900645372991,"avg_energy":159.59605964635443,"direct_avg_energy":170.97955087035925,"EE":5870.559473994881,"direct_EE":4182.1537562267795,"model_sys_energy":4728.7345274367435,"direct_model_sys_energy":6855.4773258510277,"model_avg_energy":924.73678082547315,"direct_model_avg_energy":1077.3307294575707,"sum_rate":6.81548637405925E+6,"direct_sum_rate":4.62960265651039E+6,"direct_avg_rate_DUE":45101.59043298872,"DUE_power_limit":2,"Mslot":2,"method":"proposed-2","time":1160.825255}