{"NUM_UE":8,"NUM_RUE":2,"connected":1,"NUM_DUE":6,"MAX_LEN":2,"SEED":27,"sys_energy":1023.6010618197676,"direct_energy":1391.7855294325943,"avg_energy":138.35147598727113,"direct_avg_energy":156.3778231823253,"EE":4784.5323130054949,"direct_EE":3476.8801441600353,"model_sys_energy":6231.0708092582008,"direct_model_sys_energy":8720.9111721678128,"model_avg_energy":831.95919624273733,"direct_model_avg_energy":975.25191913987919,"sum_rate":7.8619053973669214E+6,"direct_sum_rate":4.83907147221345E+6,"direct_avg_rate_DUE":63362.267656373551,"DUE_power_limit":2,"Mslot":2,"method":"proposed-2","time":1398.848123}