{"NUM_UE":8,"NUM_RUE":2,"connected":1,"NUM_DUE":6,"MAX_LEN":2,"SEED":30,"sys_energy":1153.1463082298885,"direct_energy":1536.9383808608848,"avg_energy":153.59764126967073,"direct_avg_energy":154.10288686242654,"EE":2056.7743592745692,"direct_EE":1512.7048066323516,"model_sys_energy":7041.864641040268,"direct_model_sys_energy":9546.1471673703163,"model_avg_energy":953.792889957544,"direct_model_avg_energy":958.313514125065,"sum_rate":2.6995554718513335E+6,"direct_sum_rate":2.3249340762260044E+6,"direct_avg_rate_DUE":60643.862634860205,"DUE_power_limit":2,"Mslot":2,"method":"proposed-2","time":1209.526345}