{"NUM_UE":8,"NUM_RUE":2,"connected":2,"NUM_DUE":6,"MAX_LEN":2,"SEED":14,"sys_energy":1052.5450711102164,"direct_energy":1393.0744063446543,"avg_energy":120.54230400782652,"direct_avg_energy":134.93813346323569,"EE":350.94526221526593,"direct_EE":242.07090313877865,"model_sys_energy":6346.7310908544487,"direct_model_sys_energy":8623.96254433361,"model_avg_energy":713.00623994830494,"direct_model_avg_energy":805.95392292728889,"sum_rate":627592.17765800119,"direct_sum_rate":340452.83972661739,"direct_avg_rate_DUE":46092.051488669262,"DUE_power_limit":2,"Mslot":2,"method":"proposed-2","time":944.46802}