{"NUM_UE":8,"NUM_RUE":2,"connected":1,"NUM_DUE":6,"MAX_LEN":2,"SEED":13,"sys_energy":1045.4484922014772,"direct_energy":1359.7720345269065,"avg_energy":167.47970988492628,"direct_avg_energy":167.84004004960579,"EE":1967.1091441672984,"direct_EE":1436.861649230698,"model_sys_energy":6422.3681616656459,"direct_model_sys_energy":8527.789689519559,"model_avg_energy":1042.9146101481515,"direct_model_avg_energy":1056.3166098784341,"sum_rate":2.7754596797434129E+6,"direct_sum_rate":1.9538042881081125E+6,"direct_avg_rate_DUE":80878.98502118433,"DUE_power_limit":2,"Mslot":2,"method":"proposed-2","time":950.254901}