{"NUM_UE":8,"NUM_RUE":2,"connected":2,"NUM_DUE":6,"MAX_LEN":2,"SEED":11,"sys_energy":809.67220155457812,"direct_energy":1121.7080909141175,"avg_energy":106.49890215940235,"direct_avg_energy":135.32259632373638,"EE":702.9076523063668,"direct_EE":480.1433575183695,"model_sys_energy":4651.4446748703067,"direct_model_sys_energy":6758.9270260244657,"model_avg_energy":594.818766322518,"direct_model_avg_energy":809.08720733491214,"sum_rate":929697.52624553232,"direct_sum_rate":538580.68892702484,"direct_avg_rate_DUE":55049.9125119107,"DUE_power_limit":2,"Mslot":2,"method":"proposed-2","time":1894.533465}