{"NUM_UE":5,"NUM_RUE":2,"connected":1,"NUM_DUE":3,"MAX_LEN":2,"SEED":8,"sys_energy":583.38378946769217,"direct_energy":721.02976727141026,"avg_energy":143.22553089430426,"direct_avg_energy":149.57415091310224,"EE":2159.3249869600954,"direct_EE":1686.225105974896,"model_sys_energy":3425.5160349237181,"direct_model_sys_energy":4371.3827916946475,"model_avg_energy":856.48790361974966,"direct_model_avg_energy":923.74599307549693,"sum_rate":1.7860465534788766E+6,"direct_sum_rate":1.2158184957282883E+6,"direct_avg_rate_DUE":79009.4514386924,"DUE_power_limit":2,"Mslot":2,"method":"proposed-2","time":669.707028}