{"NUM_UE":8,"NUM_RUE":2,"connected":2,"NUM_DUE":6,"MAX_LEN":2,"SEED":28,"sys_energy":831.3409492550204,"direct_energy":1342.5557446566738,"avg_energy":122.34237375831651,"direct_avg_energy":141.15270718144382,"EE":995.801060837667,"direct_EE":567.69609671068577,"model_sys_energy":4740.55834217704,"direct_model_sys_energy":8363.4440389575757,"model_avg_energy":664.41276561453424,"direct_model_avg_energy":843.35843706214519,"sum_rate":1.7825484084148691E+6,"direct_sum_rate":762163.65585810191,"direct_avg_rate_DUE":26514.095510254057,"DUE_power_limit":2,"Mslot":2,"method":"proposed-2","time":1023.295731}