{"NUM_UE":4,"NUM_RUE":1,"connected":1,"NUM_DUE":3,"MAX_LEN":2,"SEED":2,"sys_energy":285.53754387709574,"direct_energy":542.67041512983656,"avg_energy":122.21410675159771,"direct_avg_energy":139.31831922744144,"EE":283.33219303153186,"direct_EE":99.532746168756745,"model_sys_energy":1579.5930018881772,"direct_model_sys_energy":3207.6190086488205,"model_avg_energy":748.80146117522008,"direct_model_avg_energy":814.93175474536156,"sum_rate":284661.53933444241,"direct_sum_rate":54013.476682411871,"direct_avg_rate_DUE":7313.1481972835036,"DUE_power_limit":2,"Mslot":2,"method":"proposed-2","time":925.804944}