{"NUM_UE":7,"NUM_RUE":2,"connected":1,"NUM_DUE":5,"MAX_LEN":2,"SEED":33,"sys_energy":727.371512774527,"direct_energy":990.09505614981538,"avg_energy":139.99991893911982,"direct_avg_energy":145.24463369724293,"EE":1048.0409649167461,"direct_EE":735.594379238715,"model_sys_energy":4206.8546078432792,"direct_model_sys_energy":5965.9352819393253,"model_avg_energy":830.8253716414124,"direct_model_avg_energy":889.689156313724,"sum_rate":1.0975940864900344E+6,"direct_sum_rate":728308.358215844,"direct_avg_rate_DUE":32311.607597080794,"DUE_power_limit":2,"Mslot":2,"method":"proposed-2","time":1338.515315}