{"NUM_UE":7,"NUM_RUE":2,"connected":1,"NUM_DUE":5,"MAX_LEN":2,"SEED":9,"sys_energy":930.96749935835089,"direct_energy":1081.3060228499098,"avg_energy":177.77811847743217,"direct_avg_energy":190.6226112121754,"EE":580.98774356471745,"direct_EE":493.21894175028825,"model_sys_energy":5479.8411347191377,"direct_model_sys_energy":6580.9154890015016,"model_avg_energy":1057.4493449610914,"direct_model_avg_energy":1198.6731883326634,"sum_rate":772673.52746800438,"direct_sum_rate":533320.61229824554,"direct_avg_rate_DUE":29207.9081919144,"DUE_power_limit":2,"Mslot":2,"method":"proposed-2","time":481.289726}