{"NUM_UE":6,"NUM_RUE":2,"connected":1,"NUM_DUE":4,"MAX_LEN":2,"SEED":24,"sys_energy":740.76923621891217,"direct_energy":946.19717651762971,"avg_energy":108.5294737205753,"direct_avg_energy":133.83380744212803,"EE":767.81612445545318,"direct_EE":572.94442345746643,"model_sys_energy":4435.2603600361035,"direct_model_sys_energy":5819.9066481318187,"model_avg_energy":614.27360643410827,"direct_model_avg_energy":783.86853762038982,"sum_rate":1.0225104915544274E+6,"direct_sum_rate":542118.3957769759,"direct_avg_rate_DUE":88156.4512587489,"DUE_power_limit":2,"Mslot":2,"method":"proposed-2","time":946.374467}