{"NUM_UE":7,"NUM_RUE":2,"connected":1,"NUM_DUE":5,"MAX_LEN":2,"SEED":3,"sys_energy":800.43663447178471,"direct_energy":1194.4310109289147,"avg_energy":114.89693041421245,"direct_avg_energy":144.35007795245218,"EE":4043.25473609697,"direct_EE":2678.5860708171685,"model_sys_energy":4799.147889385491,"direct_model_sys_energy":7437.2711962564827,"model_avg_energy":675.514206706565,"direct_model_avg_energy":882.54019186263645,"sum_rate":5.7268000350832986E+6,"direct_sum_rate":3.19938626842626E+6,"direct_avg_rate_DUE":72189.2929414107,"DUE_power_limit":2,"Mslot":2,"method":"proposed-2","time":3520.083324}