{"NUM_UE":6,"NUM_RUE":2,"connected":2,"NUM_DUE":4,"MAX_LEN":2,"SEED":3,"sys_energy":400.6914489332238,"direct_energy":1091.0553822468887,"avg_energy":171.72039651287889,"direct_avg_energy":180.77213318948554,"EE":15171.18804854772,"direct_EE":5325.6964027992617,"model_sys_energy":2235.7490272529049,"direct_model_sys_energy":6840.2910332885067,"model_avg_energy":1059.6229852976924,"direct_model_avg_energy":1139.8857861929187,"sum_rate":7.9573108020310346E+6,"direct_sum_rate":5.810629724487029E+6,"direct_avg_rate_DUE":66325.086761944345,"DUE_power_limit":2,"Mslot":2,"method":"proposed-2","time":3711.526232}