{"NUM_UE":5,"NUM_RUE":2,"connected":1,"NUM_DUE":3,"MAX_LEN":2,"SEED":16,"sys_energy":617.32232828827125,"direct_energy":814.82402197017473,"avg_energy":119.08586354460827,"direct_avg_energy":145.28961708080888,"EE":4781.7289618588893,"direct_EE":3555.2450978162706,"model_sys_energy":3717.5541182107418,"direct_model_sys_energy":5039.2395902088483,"model_avg_energy":732.55495197889536,"direct_model_avg_energy":876.9466203438476,"sum_rate":3.6716997608640897E+6,"direct_sum_rate":2.8968991096924008E+6,"direct_avg_rate_DUE":42144.79073850537,"DUE_power_limit":2,"Mslot":2,"method":"proposed-2","time":572.350553}