{"NUM_UE":6,"NUM_RUE":2,"connected":1,"NUM_DUE":4,"MAX_LEN":2,"SEED":30,"sys_energy":515.21914028758181,"direct_energy":798.6210233000179,"avg_energy":111.39935547611958,"direct_avg_energy":133.28735698822516,"EE":2080.7122114030112,"direct_EE":1324.8228387527297,"model_sys_energy":2878.3188413781986,"direct_model_sys_energy":4700.9008665607216,"model_avg_energy":637.671598295533,"direct_model_avg_energy":779.54954522719436,"sum_rate":1.6677542922082122E+6,"direct_sum_rate":1.0580313711759397E+6,"direct_avg_rate_DUE":7671.9745634974806,"DUE_power_limit":2,"Mslot":2,"method":"proposed-2","time":1175.932735}