{"NUM_UE":7,"NUM_RUE":2,"connected":0,"NUM_DUE":5,"MAX_LEN":2,"SEED":14,"sys_energy":1380.3108480143474,"direct_energy":1380.3108480143474,"avg_energy":182.56319413673626,"direct_avg_energy":182.56319413673629,"EE":339.28231032796646,"direct_EE":339.28231032796646,"model_sys_energy":8604.4539434638336,"direct_model_sys_energy":8604.4539434638336,"model_avg_energy":1141.27511370905,"direct_model_avg_energy":1141.27511370905,"sum_rate":468315.05348506238,"direct_sum_rate":468315.05348506232,"direct_avg_rate_DUE":57773.264067103526,"DUE_power_limit":2,"Mslot":2,"method":"proposed-2","time":229.274686}