{"NUM_UE":8,"NUM_RUE":2,"connected":0,"NUM_DUE":6,"MAX_LEN":2,"SEED":2,"sys_energy":1097.9748781165313,"direct_energy":1097.9748781165313,"avg_energy":154.629404964013,"direct_avg_energy":154.629404964013,"EE":2435.6300377975576,"direct_EE":2435.6300377975576,"model_sys_energy":6554.0341826485937,"direct_model_sys_energy":6554.0341826485937,"model_avg_energy":962.25928441702888,"direct_model_avg_energy":962.25928441702888,"sum_rate":2.6742605938877342E+6,"direct_sum_rate":2.6742605938877356E+6,"direct_avg_rate_DUE":16583.526954693578,"DUE_power_limit":2,"Mslot":2,"method":"proposed-2","time":257.979978}