{"NUM_UE":5,"NUM_RUE":2,"connected":0,"NUM_DUE":3,"MAX_LEN":2,"SEED":23,"sys_energy":737.72728783637126,"direct_energy":737.72728783637126,"avg_energy":154.61613548299272,"direct_avg_energy":154.61613548299272,"EE":483.59349661032707,"direct_EE":483.59349661032707,"model_sys_energy":4508.7874445961988,"direct_model_sys_energy":4508.7874445961988,"model_avg_energy":962.16003038359349,"direct_model_avg_energy":962.16003038359349,"sum_rate":356760.11866964411,"direct_sum_rate":356760.118669644,"direct_avg_rate_DUE":34679.864795142035,"DUE_power_limit":2,"Mslot":2,"method":"proposed-2","time":210.529831}