{"NUM_UE":7,"NUM_RUE":2,"connected":1,"NUM_DUE":5,"MAX_LEN":2,"SEED":5,"sys_energy":801.396436881858,"direct_energy":1039.8016930014792,"avg_energy":185.87875740637767,"direct_avg_energy":186.20975201451424,"EE":3927.07764109564,"direct_EE":3004.7823747292823,"model_sys_energy":4722.5293901410687,"direct_model_sys_energy":6289.8250019256138,"model_avg_energy":1160.7352036737343,"direct_model_avg_energy":1172.8160430934313,"sum_rate":3.3065234603824164E+6,"direct_sum_rate":3.1243778003445128E+6,"direct_avg_rate_DUE":37529.101751685579,"DUE_power_limit":2,"Mslot":2,"method":"proposed-2","time":1036.824524}