{"NUM_UE":6,"NUM_RUE":2,"connected":0,"NUM_DUE":4,"MAX_LEN":2,"SEED":28,"sys_energy":1020.2701305221049,"direct_energy":1020.2701305221049,"avg_energy":179.24785780023385,"direct_avg_energy":179.24785780023382,"EE":1402.6955390557673,"direct_EE":1402.6955390557673,"model_sys_energy":6376.2110327204009,"direct_model_sys_energy":6376.2110327204009,"model_avg_energy":1130.4319716280672,"direct_model_avg_energy":1130.4319716280663,"sum_rate":1.4311283607152021E+6,"direct_sum_rate":1.4311283607152021E+6,"direct_avg_rate_DUE":24208.820436159291,"DUE_power_limit":2,"Mslot":2,"method":"proposed-2","time":218.785606}