{"NUM_UE":5,"NUM_RUE":2,"connected":1,"NUM_DUE":3,"MAX_LEN":2,"SEED":31,"sys_energy":505.26250652568922,"direct_energy":665.92450202267275,"avg_energy":106.38399472080185,"direct_avg_energy":132.16021492670046,"EE":5015.08931727427,"direct_EE":3723.382947537988,"model_sys_energy":2753.2022517589185,"direct_model_sys_energy":3926.0202808951713,"model_avg_energy":571.17573934094924,"direct_model_avg_energy":783.55047033455776,"sum_rate":5.8776104172340678E+6,"direct_sum_rate":2.4794919351789462E+6,"direct_avg_rate_DUE":21636.33415402468,"DUE_power_limit":2,"Mslot":2,"method":"proposed-2","time":661.421322}