{"NUM_UE":6,"NUM_RUE":2,"connected":1,"NUM_DUE":4,"MAX_LEN":2,"SEED":20,"sys_energy":714.27881348107655,"direct_energy":987.8625346314484,"avg_energy":198.18599932950036,"direct_avg_energy":202.8410056492942,"EE":2363.0379109677542,"direct_EE":1685.1197230154312,"model_sys_energy":4184.28129830594,"direct_model_sys_energy":6072.1071869508,"model_avg_energy":1187.1417274096875,"direct_model_avg_energy":1258.3997525179727,"sum_rate":1.9956581741658302E+6,"direct_sum_rate":1.6646666407354681E+6,"direct_avg_rate_DUE":105648.16367737326,"DUE_power_limit":2,"Mslot":2,"method":"proposed-2","time":958.008501}