{"NUM_UE":7,"NUM_RUE":2,"connected":2,"NUM_DUE":5,"MAX_LEN":2,"SEED":17,"sys_energy":608.49675414706871,"direct_energy":1081.8521967652018,"avg_energy":122.4318479335119,"direct_avg_energy":138.46136317575767,"EE":700.17930242412035,"direct_EE":344.8423982896212,"model_sys_energy":3515.6425313023519,"direct_model_sys_energy":6684.2056584923475,"model_avg_energy":728.18935527031408,"direct_model_avg_energy":834.76224045324761,"sum_rate":918616.91084333428,"direct_sum_rate":373068.50612740737,"direct_avg_rate_DUE":39524.8182106767,"DUE_power_limit":2,"Mslot":2,"method":"proposed-2","time":1940.837128}