{"NUM_UE":5,"NUM_RUE":2,"connected":2,"NUM_DUE":3,"MAX_LEN":2,"SEED":12,"sys_energy":302.44262776874456,"direct_energy":757.01730666820936,"avg_energy":116.36742009271188,"direct_avg_energy":143.85798662953866,"EE":1000.6810124847344,"direct_EE":351.7248209643663,"model_sys_energy":1455.4471625635917,"direct_model_sys_energy":4635.9772839840116,"model_avg_energy":677.61900664542748,"direct_model_avg_energy":878.59275781614576,"sum_rate":590699.91792763176,"direct_sum_rate":266261.77665480273,"direct_avg_rate_DUE":11605.889568254248,"DUE_power_limit":2,"Mslot":2,"method":"proposed-2","time":1224.169588}