{"NUM_UE":7,"NUM_RUE":2,"connected":1,"NUM_DUE":5,"MAX_LEN":2,"SEED":22,"sys_energy":694.02925174598715,"direct_energy":974.41162280994763,"avg_energy":106.92888685247016,"direct_avg_energy":132.42201000486003,"EE":8072.907343579,"direct_EE":5702.285900828645,"model_sys_energy":3796.9688344240772,"direct_model_sys_energy":5872.4892067393648,"model_avg_energy":575.29893626170679,"direct_model_avg_energy":785.63678845508753,"sum_rate":1.5999867862329829E+7,"direct_sum_rate":5.5563736583527243E+6,"direct_avg_rate_DUE":163608.45199568511,"DUE_power_limit":2,"Mslot":2,"method":"proposed-2","time":3978.761853}