{"NUM_UE":8,"NUM_RUE":2,"connected":2,"NUM_DUE":6,"MAX_LEN":2,"SEED":31,"sys_energy":568.75545017441709,"direct_energy":1088.9229795226854,"avg_energy":125.59306789757389,"direct_avg_energy":147.6916393785034,"EE":6415.2990980180775,"direct_EE":3222.2894394375758,"model_sys_energy":3033.5282569329584,"direct_model_sys_energy":6472.4746293671178,"model_avg_energy":706.0803666982149,"direct_model_avg_energy":909.05344418636173,"sum_rate":6.3524456599651454E+6,"direct_sum_rate":3.5088250172768487E+6,"direct_avg_rate_DUE":32484.111453915513,"DUE_power_limit":2,"Mslot":2,"method":"proposed-2","time":3391.174248}