{"NUM_UE":8,"NUM_RUE":2,"connected":1,"NUM_DUE":6,"MAX_LEN":2,"SEED":4,"sys_energy":1019.7509514493157,"direct_energy":1306.1173872348977,"avg_energy":200.10660008507392,"direct_avg_energy":209.29645317895944,"EE":4020.9699817411311,"direct_EE":3080.7358613029132,"model_sys_energy":6123.4744802518608,"direct_model_sys_energy":8027.6255515057355,"model_avg_energy":1234.3585209483761,"direct_model_avg_energy":1300.5028109040431,"sum_rate":4.6364844434247063E+6,"direct_sum_rate":4.0238026739258133E+6,"direct_avg_rate_DUE":115691.64418115163,"DUE_power_limit":2,"Mslot":2,"method":"proposed-2","time":3669.86904}