{"NUM_UE":4,"NUM_RUE":1,"connected":0,"NUM_DUE":3,"MAX_LEN":2,"SEED":4,"sys_energy":645.34920953629683,"direct_energy":645.34920953629683,"avg_energy":148.39127501962142,"direct_avg_energy":148.39127501962145,"EE":2589.316889470495,"direct_EE":2589.316889470495,"model_sys_energy":3990.7466035494208,"direct_model_sys_energy":3990.7466035494208,"model_avg_energy":888.70869764246652,"direct_model_avg_energy":888.70869764246652,"sum_rate":1.6710136078587666E+6,"direct_sum_rate":1.6710136078587668E+6,"direct_avg_rate_DUE":256743.88499120506,"DUE_power_limit":2,"Mslot":2,"method":"proposed-2","time":175.37415}