{"NUM_UE":6,"NUM_RUE":2,"connected":1,"NUM_DUE":4,"MAX_LEN":2,"SEED":33,"sys_energy":852.20043699471466,"direct_energy":1002.1555998399513,"avg_energy":170.83785968045973,"direct_avg_energy":170.36847006358994,"EE":1482.0697857273092,"direct_EE":1233.3020968812543,"model_sys_energy":5265.7842114592595,"direct_model_sys_energy":6271.5539219091315,"model_avg_energy":1065.9064285117452,"direct_model_avg_energy":1062.6415374444666,"sum_rate":1.4524398148810985E+6,"direct_sum_rate":1.2359606026839032E+6,"direct_avg_rate_DUE":70907.7516582975,"DUE_power_limit":2,"Mslot":2,"method":"proposed-2","time":463.563507}