{"NUM_UE":8,"NUM_RUE":2,"connected":1,"NUM_DUE":6,"MAX_LEN":2,"SEED":7,"sys_energy":1052.2616325115871,"direct_energy":1415.6299205812352,"avg_energy":145.50290839628087,"direct_avg_energy":156.61069172800234,"EE":4397.70900491122,"direct_EE":3148.0045027878409,"model_sys_energy":6432.9608921231957,"direct_model_sys_energy":8882.904313568748,"model_avg_energy":874.22385663652312,"direct_model_avg_energy":976.969610955397,"sum_rate":6.8665918192937663E+6,"direct_sum_rate":4.4564093642709218E+6,"direct_avg_rate_DUE":117457.05666386888,"DUE_power_limit":2,"Mslot":2,"method":"proposed-2","time":1495.731057}