{"NUM_UE":4,"NUM_RUE":1,"connected":0,"NUM_DUE":3,"MAX_LEN":2,"SEED":28,"sys_energy":596.09998519605313,"direct_energy":596.09998519605313,"avg_energy":155.66983167611585,"direct_avg_energy":155.66983167611588,"EE":184.87002742282453,"direct_EE":184.87002742282453,"model_sys_energy":3624.3449727195375,"direct_model_sys_energy":3624.3449727195375,"model_avg_energy":970.0111781218086,"direct_model_avg_energy":970.0111781218086,"sum_rate":110201.02060993965,"direct_sum_rate":110201.02060993965,"direct_avg_rate_DUE":13680.236555467993,"DUE_power_limit":2,"Mslot":2,"method":"proposed-2","time":83.177731}