{"NUM_UE":6,"NUM_RUE":2,"connected":0,"NUM_DUE":4,"MAX_LEN":2,"SEED":26,"sys_energy":998.35684595922271,"direct_energy":998.35684595922271,"avg_energy":198.28292819428725,"direct_avg_energy":198.28292819428725,"EE":1022.9900782333713,"direct_EE":1022.9900782333713,"model_sys_energy":6169.90203797614,"direct_model_sys_energy":6169.90203797614,"model_avg_energy":1233.3785188796564,"direct_model_avg_energy":1233.3785188796564,"sum_rate":1.0213091479526469E+6,"direct_sum_rate":1.0213091479526471E+6,"direct_avg_rate_DUE":24928.409558183215,"DUE_power_limit":2,"Mslot":2,"method":"proposed-2","time":299.886688}