{"NUM_UE":5,"NUM_RUE":2,"connected":0,"NUM_DUE":3,"MAX_LEN":2,"SEED":24,"sys_energy":781.85857546605735,"direct_energy":781.85857546605735,"avg_energy":136.52344508219267,"direct_avg_energy":136.52344508219267,"EE":690.29073758279685,"direct_EE":690.29073758279685,"model_sys_energy":4794.2230145512558,"direct_model_sys_energy":4794.2230145512558,"model_avg_energy":805.51617766883669,"direct_model_avg_energy":805.51617766883669,"sum_rate":539709.73274389957,"direct_sum_rate":539709.73274389957,"direct_avg_rate_DUE":108679.18814346123,"DUE_power_limit":2,"Mslot":2,"method":"proposed-2","time":233.616971}