{"NUM_UE":4,"NUM_RUE":1,"connected":0,"NUM_DUE":3,"MAX_LEN":2,"SEED":17,"sys_energy":575.10599463720121,"direct_energy":575.10599463720121,"avg_energy":175.08850126099583,"direct_avg_energy":175.08850126099577,"EE":155.39858616754987,"direct_EE":155.39858616754987,"model_sys_energy":3431.2122117751319,"direct_model_sys_energy":3431.2122117751319,"model_avg_energy":1104.1132820169366,"direct_model_avg_energy":1104.1132820169353,"sum_rate":89370.65846310358,"direct_sum_rate":89370.65846310358,"direct_avg_rate_DUE":8267.6939722168117,"DUE_power_limit":2,"Mslot":2,"method":"proposed-2","time":120.080066}