{"NUM_UE":7,"NUM_RUE":2,"connected":2,"NUM_DUE":5,"MAX_LEN":2,"SEED":23,"sys_energy":604.69907562310254,"direct_energy":1081.7671578166492,"avg_energy":112.08491335621235,"direct_avg_energy":133.72088646612477,"EE":816.58376781666675,"direct_EE":381.7402343435287,"model_sys_energy":3404.43996330271,"direct_model_sys_energy":6653.2964028370079,"model_avg_energy":634.903172629197,"direct_model_avg_energy":782.97318092101716,"sum_rate":1.0545905389289125E+6,"direct_sum_rate":412954.04833006061,"direct_avg_rate_DUE":57877.120982131994,"DUE_power_limit":2,"Mslot":2,"method":"proposed-2","time":2559.991061}