{"NUM_UE":7,"NUM_RUE":2,"connected":0,"NUM_DUE":5,"MAX_LEN":2,"SEED":6,"sys_energy":1305.862541583034,"direct_energy":1305.862541583034,"avg_energy":150.17657559789438,"direct_avg_energy":150.17657559789438,"EE":585.49576755193,"direct_EE":585.49576755193,"model_sys_energy":8126.45358210296,"direct_model_sys_energy":8126.45358210296,"model_avg_energy":928.40843960531038,"direct_model_avg_energy":928.40843960531038,"sum_rate":764576.99110147241,"direct_sum_rate":764576.99110147264,"direct_avg_rate_DUE":48597.383444790234,"DUE_power_limit":2,"Mslot":2,"method":"proposed-2","time":240.013932}