{"NUM_UE":7,"NUM_RUE":2,"connected":2,"NUM_DUE":5,"MAX_LEN":2,"SEED":28,"sys_energy":482.38326276378621,"direct_energy":957.39949508762788,"avg_energy":80.944529155025975,"direct_avg_energy":132.1092891194678,"EE":1087.2878499008325,"direct_EE":509.65905622748085,"model_sys_energy":2653.6649971787265,"direct_model_sys_energy":5706.970229598498,"model_avg_energy":469.37212457396015,"direct_model_avg_energy":783.145434726775,"sum_rate":1.5067287263466078E+6,"direct_sum_rate":487947.3230990271,"direct_avg_rate_DUE":10842.586193737239,"DUE_power_limit":2,"Mslot":2,"method":"proposed-2","time":1169.365068}