{"NUM_UE":4,"NUM_RUE":1,"connected":0,"NUM_DUE":3,"MAX_LEN":2,"SEED":23,"sys_energy":664.41668719229551,"direct_energy":664.41668719229551,"avg_energy":170.65483973728618,"direct_avg_energy":170.65483973728621,"EE":386.76652271699,"direct_EE":386.76652271699,"model_sys_energy":4132.3565408366157,"direct_model_sys_energy":4132.3565408366157,"model_avg_energy":1075.1798120447431,"direct_model_avg_energy":1075.1798120447422,"sum_rate":256974.13174050624,"direct_sum_rate":256974.13174050619,"direct_avg_rate_DUE":38423.407482704417,"DUE_power_limit":2,"Mslot":2,"method":"proposed-2","time":153.938986}