{"NUM_UE":7,"NUM_RUE":2,"connected":0,"NUM_DUE":5,"MAX_LEN":2,"SEED":20,"sys_energy":1216.0549236200732,"direct_energy":1216.0549236200732,"avg_energy":185.33299852220182,"direct_avg_energy":185.33299852220185,"EE":1532.5241645699061,"direct_EE":1532.5241645699061,"model_sys_energy":7634.37987345475,"direct_model_sys_energy":7634.37987345475,"model_avg_energy":1158.2102480314738,"direct_model_avg_energy":1158.2102480314738,"sum_rate":1.8636335558919732E+6,"direct_sum_rate":1.8636335558919737E+6,"direct_avg_rate_DUE":157122.60755676526,"DUE_power_limit":2,"Mslot":2,"method":"proposed-2","time":181.056029}