{"NUM_UE":4,"NUM_RUE":1,"connected":0,"NUM_DUE":3,"MAX_LEN":2,"SEED":18,"sys_energy":581.37905854714018,"direct_energy":581.37905854714018,"avg_energy":162.90604124784943,"direct_avg_energy":162.90604124784943,"EE":389.35231717083229,"direct_EE":389.35231717083229,"model_sys_energy":3502.0937886247466,"direct_model_sys_energy":3502.0937886247466,"model_avg_energy":999.37756564116182,"direct_model_avg_energy":999.37756564116182,"sum_rate":226361.28359992596,"direct_sum_rate":226361.283599926,"direct_avg_rate_DUE":23769.065637544158,"DUE_power_limit":2,"Mslot":2,"method":"proposed-2","time":167.173345}