{"NUM_UE":12,"NUM_RUE":3,"NUM_DUE":9,"MAX_LEN":1,"SEED":21,"sys_energy":1640.5923383607428,"direct_energy":1863.9728610262318,"avg_energy":141.79316695936143,"direct_avg_energy":139.8771126690398,"EE":1514.2198558444411,"direct_EE":1310.1416784752937,"model_sys_energy":8404.6578660102659,"direct_model_sys_energy":11567.536070549313,"model_avg_energy":698.8367198057008,"direct_model_avg_energy":846.33406992213077,"sum_rate":3.1542111592441397E+6,"direct_sum_rate":2.4420685327773029E+6,"direct_avg_rate_DUE":57376.162121198417,"DUE_power_limit":2,"Mslot":2,"method":"equal"}