{"NUM_UE":16,"NUM_RUE":4,"NUM_DUE":12,"MAX_LEN":1,"SEED":20,"sys_energy":1974.9069185600706,"direct_energy":2226.638323003262,"avg_energy":141.02664601292588,"direct_avg_energy":132.982903175218,"EE":1943.0366056353739,"direct_EE":1671.0183924497894,"model_sys_energy":9918.0716510339753,"direct_model_sys_energy":13662.188895269474,"model_avg_energy":709.51648493490836,"direct_model_avg_energy":790.12809027554363,"sum_rate":4.7832293720089849E+6,"direct_sum_rate":3.7549463093539146E+6,"direct_avg_rate_DUE":104409.27933428039,"DUE_power_limit":2,"Mslot":2,"method":"equal"}