{"NUM_UE":24,"NUM_RUE":6,"NUM_DUE":18,"MAX_LEN":1,"SEED":14,"sys_energy":2963.8684514083657,"direct_energy":3276.9637085257909,"avg_energy":199.31078062954168,"direct_avg_energy":191.07368478281819,"EE":2085.7595687674334,"direct_EE":1840.6126354277455,"model_sys_energy":14691.587924705022,"direct_model_sys_energy":20271.557340165302,"model_avg_energy":1071.1273304374024,"direct_model_avg_energy":1198.3031057573089,"sum_rate":8.1042477383270534E+6,"direct_sum_rate":6.0654755558053823E+6,"direct_avg_rate_DUE":37055.852548880619,"DUE_power_limit":2,"Mslot":2,"method":"equal"}