{"NUM_UE":8,"NUM_RUE":2,"NUM_DUE":6,"MAX_LEN":1,"SEED":18,"sys_energy":1128.8629584789926,"direct_energy":1221.9724229648637,"avg_energy":210.72580307894691,"direct_avg_energy":198.0316423136469,"EE":489.63234175795878,"direct_EE":422.49250521688509,"model_sys_energy":5766.2310919638358,"direct_model_sys_energy":7489.6344973506111,"model_avg_energy":1152.8372176595524,"direct_model_avg_energy":1240.4689051043201,"sum_rate":652892.63048754726,"direct_sum_rate":521914.638713563,"direct_avg_rate_DUE":24025.778208385727,"DUE_power_limit":2,"Mslot":2,"method":"equal"}