{"NUM_UE":20,"NUM_RUE":5,"NUM_DUE":15,"MAX_LEN":1,"SEED":24,"sys_energy":2994.0002420446585,"direct_energy":3496.1781694954593,"avg_energy":169.9911978165988,"direct_avg_energy":157.49952339119417,"EE":831.72767422931133,"direct_EE":661.30176336830561,"model_sys_energy":15822.961606200577,"direct_model_sys_energy":21890.875537959626,"model_avg_energy":902.3856301858757,"direct_model_avg_energy":983.49828853869133,"sum_rate":3.0506971889087982E+6,"direct_sum_rate":2.3426854393805615E+6,"direct_avg_rate_DUE":73964.700573557653,"DUE_power_limit":2,"Mslot":2,"method":"equal"}