{"NUM_UE":24,"NUM_RUE":6,"NUM_DUE":18,"MAX_LEN":1,"SEED":29,"sys_energy":2893.3181840904986,"direct_energy":3253.3041260934824,"avg_energy":161.78474423571038,"direct_avg_energy":155.79879616298254,"EE":2093.465243443668,"direct_EE":1768.8456035619229,"model_sys_energy":14495.74186028182,"direct_model_sys_energy":20119.467699693789,"model_avg_energy":857.52749218259669,"direct_model_avg_energy":970.96787486182518,"sum_rate":7.8223422434986578E+6,"direct_sum_rate":5.8023070711816093E+6,"direct_avg_rate_DUE":69696.844831150083,"DUE_power_limit":2,"Mslot":2,"method":"equal"}