{"NUM_UE":8,"NUM_RUE":2,"NUM_DUE":6,"MAX_LEN":1,"SEED":2,"sys_energy":1028.3551056327733,"direct_energy":1097.9638990956469,"avg_energy":160.85021354896764,"direct_avg_energy":154.62912729931554,"EE":2612.6639449107493,"direct_EE":2435.6492415032267,"model_sys_energy":5057.5196601745611,"direct_model_sys_energy":6553.9493591546334,"model_avg_energy":884.43377823975652,"direct_model_avg_energy":962.25720761642606,"sum_rate":3.0701720638410109E+6,"direct_sum_rate":2.6742549380302378E+6,"direct_avg_rate_DUE":16582.7361763166,"DUE_power_limit":2,"Mslot":2,"method":"equal"}