{"NUM_UE":16,"NUM_RUE":4,"NUM_DUE":12,"MAX_LEN":1,"SEED":21,"sys_energy":1831.2856397473395,"direct_energy":2016.0750760577394,"avg_energy":139.15835303913082,"direct_avg_energy":133.99907991842136,"EE":1286.6949866264847,"direct_EE":1120.6239294535308,"model_sys_energy":8725.230397444866,"direct_model_sys_energy":11984.40799355427,"model_avg_energy":687.21326581990274,"direct_model_avg_energy":798.3261336857878,"sum_rate":2.9042033261761134E+6,"direct_sum_rate":2.2660335476977671E+6,"direct_avg_rate_DUE":27260.926191133327,"DUE_power_limit":2,"Mslot":2,"method":"equal"}