{"NUM_UE":8,"NUM_RUE":2,"NUM_DUE":6,"MAX_LEN":1,"SEED":20,"sys_energy":1184.7846774917239,"direct_energy":1286.9623260471114,"avg_energy":211.24567097932231,"direct_avg_energy":207.86139197569065,"EE":1584.9537562519467,"direct_EE":1443.7744967161343,"model_sys_energy":6039.636411631559,"direct_model_sys_energy":7870.1300234588607,"model_avg_energy":1156.3345698404182,"direct_model_avg_energy":1293.0735167814337,"sum_rate":2.1293131246930514E+6,"direct_sum_rate":1.8580833845812939E+6,"direct_avg_rate_DUE":81800.3725836891,"DUE_power_limit":2,"Mslot":2,"method":"equal"}