{"NUM_UE":20,"NUM_RUE":5,"NUM_DUE":15,"MAX_LEN":1,"SEED":21,"sys_energy":2462.7584137731023,"direct_energy":2837.952646021176,"avg_energy":150.17307304479306,"direct_avg_energy":152.58537413951726,"EE":2126.1160073651058,"direct_EE":1780.9380002537459,"model_sys_energy":12439.455835375054,"direct_model_sys_energy":17565.186132716139,"model_avg_energy":764.571784557427,"direct_model_avg_energy":946.85542415872783,"sum_rate":8.1358957163296388E+6,"direct_sum_rate":5.0723924502859414E+6,"direct_avg_rate_DUE":42260.83392214089,"DUE_power_limit":2,"Mslot":2,"method":"equal"}