{"NUM_UE":24,"NUM_RUE":6,"NUM_DUE":18,"MAX_LEN":1,"SEED":12,"sys_energy":3139.0176960949389,"direct_energy":3651.6023159027332,"avg_energy":169.49948141133132,"direct_avg_energy":168.49355788570563,"EE":2381.1123748301457,"direct_EE":1975.878985712262,"model_sys_energy":16059.555230813285,"direct_model_sys_energy":22999.738620786942,"model_avg_energy":879.2064267754746,"direct_model_avg_energy":1060.7312626267446,"sum_rate":9.6743922174380682E+6,"direct_sum_rate":7.2685671571706505E+6,"direct_avg_rate_DUE":74846.631717093318,"DUE_power_limit":2,"Mslot":2,"method":"equal"}