{"NUM_UE":20,"NUM_RUE":5,"NUM_DUE":15,"MAX_LEN":1,"SEED":19,"sys_energy":2640.8126853181466,"direct_energy":2957.0708683106227,"avg_energy":183.10106869505384,"direct_avg_energy":181.41783666179586,"EE":1621.0889576652999,"direct_EE":1421.2225007166664,"model_sys_energy":13437.159964049508,"direct_model_sys_energy":18343.679579991745,"model_avg_energy":982.92283851884986,"direct_model_avg_energy":1143.8604957688935,"sum_rate":5.5529516598650869E+6,"direct_sum_rate":4.2177127277321965E+6,"direct_avg_rate_DUE":40245.270400375579,"DUE_power_limit":2,"Mslot":2,"method":"equal"}