{"NUM_UE":8,"NUM_RUE":2,"NUM_DUE":6,"MAX_LEN":1,"SEED":11,"sys_energy":1022.4224935397386,"direct_energy":1121.7015152155375,"avg_energy":143.2254291745717,"direct_avg_energy":135.32250975738052,"EE":544.51852278689194,"direct_EE":480.143986279863,"model_sys_energy":5092.3027133362393,"direct_model_sys_energy":6758.8735506014145,"model_avg_energy":738.37771269745406,"direct_model_avg_energy":809.08650129567786,"sum_rate":638254.78239785484,"direct_sum_rate":538578.23693175055,"direct_avg_rate_DUE":55049.555060232138,"DUE_power_limit":2,"Mslot":2,"method":"equal"}