{"NUM_UE":8,"NUM_RUE":2,"NUM_DUE":6,"MAX_LEN":1,"SEED":27,"sys_energy":1201.0078478178598,"direct_energy":1391.7827031526435,"avg_energy":157.61027095359776,"direct_avg_energy":156.37781420955537,"EE":4101.06797519483,"direct_EE":3476.8862205909618,"model_sys_energy":6386.889600795731,"direct_model_sys_energy":8720.8934677381749,"model_avg_energy":838.17831190126162,"direct_model_avg_energy":975.25185289687329,"sum_rate":6.4692771532124719E+6,"direct_sum_rate":4.8390701026482675E+6,"direct_avg_rate_DUE":63362.09661095644,"DUE_power_limit":2,"Mslot":2,"method":"equal"}