{"NUM_UE":16,"NUM_RUE":4,"NUM_DUE":12,"MAX_LEN":1,"SEED":7,"sys_energy":2054.0887179087904,"direct_energy":2242.2215518790604,"avg_energy":196.07478925808402,"direct_avg_energy":198.61695822046673,"EE":2741.2504452672674,"direct_EE":2479.0060427066555,"model_sys_energy":10038.22937966369,"direct_model_sys_energy":13533.320024342358,"model_avg_energy":1047.7332007462492,"direct_model_avg_energy":1243.689012183446,"sum_rate":7.4423274376319963E+6,"direct_sum_rate":5.575505893644196E+6,"direct_avg_rate_DUE":27231.212773062463,"DUE_power_limit":2,"Mslot":2,"method":"equal"}