{"NUM_UE":8,"NUM_RUE":2,"NUM_DUE":6,"MAX_LEN":1,"SEED":32,"sys_energy":1260.0627252014881,"direct_energy":1435.4805751688198,"avg_energy":158.5739032421364,"direct_avg_energy":147.31237681343254,"EE":659.46694298762884,"direct_EE":531.70763172028387,"model_sys_energy":6714.9333830151072,"direct_model_sys_energy":8951.5176112460886,"model_avg_energy":867.27036080095877,"direct_model_avg_energy":906.07136203181608,"sum_rate":952762.90604279039,"direct_sum_rate":763255.977003484,"direct_avg_rate_DUE":50645.369366596562,"DUE_power_limit":2,"Mslot":2,"method":"equal"}