{"NUM_UE":24,"NUM_RUE":6,"NUM_DUE":18,"MAX_LEN":1,"SEED":2,"sys_energy":2514.0786637254882,"direct_energy":2733.4284648390085,"avg_energy":152.46129252740951,"direct_avg_energy":139.66384426256153,"EE":1543.4865139114979,"direct_EE":1365.8054752609421,"model_sys_energy":11780.456567690031,"direct_model_sys_energy":16358.090661095413,"model_avg_energy":778.34506564733692,"direct_model_avg_energy":862.2590689764105,"sum_rate":5.7961066835013889E+6,"direct_sum_rate":3.8068779221646851E+6,"direct_avg_rate_DUE":35950.591293999372,"DUE_power_limit":2,"Mslot":2,"method":"equal"}