{"NUM_UE":8,"NUM_RUE":2,"NUM_DUE":6,"MAX_LEN":1,"SEED":9,"sys_energy":1231.3416454740584,"direct_energy":1360.0761752479098,"avg_energy":185.83944651784233,"direct_avg_energy":172.33037568869497,"EE":545.07828739428908,"direct_EE":468.61993444424871,"model_sys_energy":6578.0563791550339,"direct_model_sys_energy":8529.837306383446,"model_avg_energy":1055.2977115236292,"direct_model_avg_energy":1075.7662547856607,"sum_rate":726419.64838060329,"direct_sum_rate":637358.80808386,"direct_avg_rate_DUE":57239.67488666741,"DUE_power_limit":2,"Mslot":2,"method":"equal"}