{"NUM_UE":20,"NUM_RUE":5,"NUM_DUE":15,"MAX_LEN":1,"SEED":20,"sys_energy":2524.9003758689664,"direct_energy":2813.192111458709,"avg_energy":150.00472949835574,"direct_avg_energy":132.02028685681967,"EE":1437.6490738118107,"direct_EE":1239.8977499994005,"model_sys_energy":12714.736056089894,"direct_model_sys_energy":17362.426960127068,"model_avg_energy":732.80850818941451,"direct_model_avg_energy":796.96702862700931,"sum_rate":4.5146678259791313E+6,"direct_sum_rate":3.5059307415464832E+6,"direct_avg_rate_DUE":84622.797517057581,"DUE_power_limit":2,"Mslot":2,"method":"equal"}