{"NUM_UE":20,"NUM_RUE":5,"NUM_DUE":15,"MAX_LEN":1,"SEED":5,"sys_energy":2401.1435144857105,"direct_energy":2626.0680300319882,"avg_energy":179.54993193717047,"direct_avg_energy":172.31077618227093,"EE":1871.8666860432031,"direct_EE":1645.1675785917068,"model_sys_energy":11769.50845662515,"direct_model_sys_energy":15958.573305157159,"model_avg_energy":961.31157548760859,"direct_model_avg_energy":1086.0955738484552,"sum_rate":5.7569232655732138E+6,"direct_sum_rate":4.3373215895917034E+6,"direct_avg_rate_DUE":63333.962158233742,"DUE_power_limit":2,"Mslot":2,"method":"equal"}