{"NUM_UE":24,"NUM_RUE":6,"NUM_DUE":18,"MAX_LEN":1,"SEED":32,"sys_energy":2490.9320258526518,"direct_energy":2728.7809799399038,"avg_energy":136.85109656813373,"direct_avg_energy":131.21380277234957,"EE":1267.8917822938379,"direct_EE":1121.5343039432455,"model_sys_energy":11321.248576927428,"direct_model_sys_energy":16119.603189531035,"model_avg_energy":654.05901121756642,"direct_model_avg_energy":771.83666012732976,"sum_rate":3.9990845276695653E+6,"direct_sum_rate":3.093750154086424E+6,"direct_avg_rate_DUE":46292.786261664558,"DUE_power_limit":2,"Mslot":2,"method":"equal"}