{"NUM_UE":12,"NUM_RUE":3,"NUM_DUE":9,"MAX_LEN":1,"SEED":28,"sys_energy":1445.4754205826521,"direct_energy":1587.9708363545133,"avg_energy":137.52160382483558,"direct_avg_energy":132.74624055487968,"EE":548.60472439411546,"direct_EE":486.08748879328573,"model_sys_energy":7005.2401071724971,"direct_model_sys_energy":9483.7091583338133,"model_avg_energy":681.83421443438863,"direct_model_avg_energy":788.22969264412484,"sum_rate":995828.90669605276,"direct_sum_rate":773787.32957093115,"direct_avg_rate_DUE":23685.776250148509,"DUE_power_limit":2,"Mslot":2,"method":"equal"}