{"NUM_UE":20,"NUM_RUE":5,"NUM_DUE":15,"MAX_LEN":1,"SEED":32,"sys_energy":2378.8832348632645,"direct_energy":2622.9348008838683,"avg_energy":163.67318243917998,"direct_avg_energy":158.20240643592484,"EE":1166.4037079047998,"direct_EE":1026.5815163386399,"model_sys_energy":11727.652033009421,"direct_model_sys_energy":16030.575996773681,"model_avg_energy":880.05924790236782,"direct_model_avg_energy":986.27853897069508,"sum_rate":3.435465878201603E+6,"direct_sum_rate":2.7189298533840626E+6,"direct_avg_rate_DUE":60791.292398863545,"DUE_power_limit":2,"Mslot":2,"method":"equal"}