{"NUM_UE":16,"NUM_RUE":4,"NUM_DUE":12,"MAX_LEN":1,"SEED":5,"sys_energy":2026.7548508201373,"direct_energy":2229.6555549677337,"avg_energy":169.46357371007093,"direct_avg_energy":167.93921176979785,"EE":1392.4585384645941,"direct_EE":1223.5111271515632,"model_sys_energy":10109.00329528542,"direct_model_sys_energy":13506.131923785,"model_avg_energy":918.59894435410149,"direct_model_avg_energy":1056.9879186657929,"sum_rate":3.5140204259843552E+6,"direct_sum_rate":2.7406466051981277E+6,"direct_avg_rate_DUE":47344.208004742155,"DUE_power_limit":2,"Mslot":2,"method":"equal"}