{"NUM_UE":16,"NUM_RUE":4,"NUM_DUE":12,"MAX_LEN":1,"SEED":3,"sys_energy":1866.110882694109,"direct_energy":2058.1691153842867,"avg_energy":138.67075690965771,"direct_avg_energy":141.40498432737485,"EE":2967.8228559834756,"direct_EE":2660.7165600448725,"model_sys_energy":8700.7931560792313,"direct_model_sys_energy":12256.767002323882,"model_avg_energy":653.93024177276368,"direct_model_avg_energy":858.77498964731512,"sum_rate":7.2475093408394922E+6,"direct_sum_rate":5.4865568300193688E+6,"direct_avg_rate_DUE":42049.416565627253,"DUE_power_limit":2,"Mslot":2,"method":"equal"}