{"NUM_UE":20,"NUM_RUE":5,"NUM_DUE":15,"MAX_LEN":1,"SEED":11,"sys_energy":3002.0659077814876,"direct_energy":3572.64191308238,"avg_energy":161.06783597449711,"direct_avg_energy":152.90626257700418,"EE":1888.9951036405564,"direct_EE":1532.285987255317,"model_sys_energy":15766.907285530904,"direct_model_sys_energy":22283.413446365186,"model_avg_energy":801.261704752325,"direct_model_avg_energy":944.3589209412421,"sum_rate":7.0742815493462319E+6,"direct_sum_rate":5.6006047384551559E+6,"direct_avg_rate_DUE":156148.97337913877,"DUE_power_limit":2,"Mslot":2,"method":"equal"}