{"NUM_UE":12,"NUM_RUE":3,"NUM_DUE":9,"MAX_LEN":1,"SEED":15,"sys_energy":1698.9872550835241,"direct_energy":1908.4910833459198,"avg_energy":154.69028153571961,"direct_avg_energy":151.75730719608688,"EE":2241.5971732694093,"direct_EE":1954.7180875281624,"model_sys_energy":8827.2437074438258,"direct_model_sys_energy":11912.693642153183,"model_avg_energy":835.875073588871,"direct_model_avg_energy":932.23780983332642,"sum_rate":4.5446631737682056E+6,"direct_sum_rate":3.7336493078133822E+6,"direct_avg_rate_DUE":63932.261716271882,"DUE_power_limit":2,"Mslot":2,"method":"equal"}