{"NUM_UE":16,"NUM_RUE":4,"NUM_DUE":12,"MAX_LEN":1,"SEED":11,"sys_energy":2316.184079379063,"direct_energy":2653.1809808721064,"avg_energy":176.44560078366305,"direct_avg_energy":173.84532178723694,"EE":2362.8308590773654,"direct_EE":1978.2742056275574,"model_sys_energy":12186.993694516561,"direct_model_sys_energy":16691.068494292482,"model_avg_energy":941.31237128355247,"direct_model_avg_energy":1096.0941370192004,"sum_rate":7.0092076782475468E+6,"direct_sum_rate":5.2646213687713966E+6,"direct_avg_rate_DUE":95918.4119823032,"DUE_power_limit":2,"Mslot":2,"method":"equal"}