{"NUM_UE":24,"NUM_RUE":6,"NUM_DUE":18,"MAX_LEN":1,"SEED":35,"sys_energy":3129.614839465909,"direct_energy":3531.888382912231,"avg_energy":186.04240685251762,"direct_avg_energy":185.65456823418938,"EE":2388.2749962870835,"direct_EE":2069.5546018438422,"model_sys_energy":15754.788805995622,"direct_model_sys_energy":21969.38697942096,"model_avg_energy":969.52969076778209,"direct_model_avg_energy":1169.5091323111858,"sum_rate":1.2749318605271621E+7,"direct_sum_rate":7.335722247290412E+6,"direct_avg_rate_DUE":50962.527839552968,"DUE_power_limit":2,"Mslot":2,"method":"equal"}