{"NUM_UE":12,"NUM_RUE":3,"NUM_DUE":9,"MAX_LEN":1,"SEED":18,"sys_energy":1815.0198106042687,"direct_energy":2082.4835630028488,"avg_energy":164.4495353605117,"direct_avg_energy":142.77410774289839,"EE":478.66721824324225,"direct_EE":352.59918325833075,"model_sys_energy":9569.9132582920938,"direct_model_sys_energy":12995.313842309002,"model_avg_energy":819.88068943602912,"direct_model_avg_energy":869.86339517421538,"sum_rate":1.1120629090852831E+6,"direct_sum_rate":741226.27073715813,"direct_avg_rate_DUE":52676.763176171582,"DUE_power_limit":2,"Mslot":2,"method":"equal"}