{"NUM_UE":12,"NUM_RUE":3,"NUM_DUE":9,"MAX_LEN":1,"SEED":7,"sys_energy":1588.7471808060791,"direct_energy":1766.5667359526112,"avg_energy":166.29949344470458,"direct_avg_energy":169.91542176988273,"EE":2548.0335193554652,"direct_EE":2258.0318912158873,"model_sys_energy":8000.8989886788968,"direct_model_sys_energy":10797.471614962858,"model_avg_energy":885.62902260383635,"direct_model_avg_energy":1070.2626163353295,"sum_rate":5.2982562585008293E+6,"direct_sum_rate":3.9889640277421521E+6,"direct_avg_rate_DUE":39685.835874357872,"DUE_power_limit":2,"Mslot":2,"method":"equal"}