{"NUM_UE":16,"NUM_RUE":4,"NUM_DUE":12,"MAX_LEN":1,"SEED":4,"sys_energy":2102.6720070869778,"direct_energy":2456.5031415780963,"avg_energy":148.19686412716959,"direct_avg_energy":141.56028949858359,"EE":3345.0356739463678,"direct_EE":2750.6890902226073,"model_sys_energy":10835.338070825492,"direct_model_sys_energy":15329.299256833701,"model_avg_energy":742.517846446631,"direct_model_avg_energy":853.373285493091,"sum_rate":8.8809777184547745E+6,"direct_sum_rate":6.8328248200843716E+6,"direct_avg_rate_DUE":297661.22993174003,"DUE_power_limit":2,"Mslot":2,"method":"equal"}