{"NUM_UE":16,"NUM_RUE":4,"NUM_DUE":12,"MAX_LEN":1,"SEED":15,"sys_energy":2194.0170564832333,"direct_energy":2474.0032710921228,"avg_energy":140.01267042425934,"direct_avg_energy":136.54530649808328,"EE":1280.5963911551639,"direct_EE":1117.6661581469727,"model_sys_energy":11109.59630876671,"direct_model_sys_energy":15317.405319436495,"model_avg_energy":669.53320135684771,"direct_model_avg_energy":819.07764873023257,"sum_rate":3.4270000619621756E+6,"direct_sum_rate":2.7651097312445762E+6,"direct_avg_rate_DUE":47683.078071481992,"DUE_power_limit":2,"Mslot":2,"method":"equal"}