{"NUM_UE":16,"NUM_RUE":4,"NUM_DUE":12,"MAX_LEN":1,"SEED":28,"sys_energy":1958.5703151459943,"direct_energy":2154.4573532046124,"avg_energy":146.11589782839292,"direct_avg_energy":139.63465263799421,"EE":557.48828789824063,"direct_EE":485.21485018386687,"model_sys_energy":9710.285224465375,"direct_model_sys_energy":13033.578032313349,"model_avg_energy":774.1172692015698,"direct_model_avg_energy":844.354671002262,"sum_rate":1.3529016948102568E+6,"direct_sum_rate":1.0517643180414743E+6,"direct_avg_rate_DUE":23207.275847783738,"DUE_power_limit":2,"Mslot":2,"method":"equal"}