{"NUM_UE":8,"NUM_RUE":2,"NUM_DUE":6,"MAX_LEN":1,"SEED":4,"sys_energy":1176.4864092758714,"direct_energy":1306.117607029666,"avg_energy":201.47354441594362,"direct_avg_energy":209.29645332290326,"EE":3450.3407853091085,"direct_EE":3080.73587974629,"model_sys_energy":5964.58688876634,"direct_model_sys_energy":8027.6272845919884,"model_avg_energy":1069.3235332990207,"direct_model_avg_energy":1300.5028116461872,"sum_rate":5.1881422035412584E+6,"direct_sum_rate":4.0238033751446567E+6,"direct_avg_rate_DUE":115691.76020484144,"DUE_power_limit":2,"Mslot":2,"method":"equal"}