{"NUM_UE":8,"NUM_RUE":2,"NUM_DUE":6,"MAX_LEN":1,"SEED":33,"sys_energy":1240.665584329455,"direct_energy":1368.6278670195877,"avg_energy":207.88188287698864,"direct_avg_energy":202.24420210118313,"EE":1418.2881656578,"direct_EE":1251.4246440410684,"model_sys_energy":6405.7316631419071,"direct_model_sys_energy":8531.6315760646812,"model_avg_energy":1094.9388122148862,"direct_model_avg_energy":1263.3904990217443,"sum_rate":2.258209837443029E+6,"direct_sum_rate":1.7127346413096741E+6,"direct_avg_rate_DUE":49733.704222690729,"DUE_power_limit":2,"Mslot":2,"method":"equal"}