{"NUM_UE":16,"NUM_RUE":4,"NUM_DUE":12,"MAX_LEN":1,"SEED":16,"sys_energy":2121.722044104813,"direct_energy":2399.822536099347,"avg_energy":179.2164749897629,"direct_avg_energy":188.90124238069137,"EE":2864.6083993664392,"direct_EE":2482.5405265403833,"model_sys_energy":10665.05511113893,"direct_model_sys_energy":14664.358559506856,"model_avg_energy":938.75121400473438,"direct_model_avg_energy":1188.6759060975755,"sum_rate":9.8085154500185661E+6,"direct_sum_rate":5.9602857009100383E+6,"direct_avg_rate_DUE":21723.806499370661,"DUE_power_limit":2,"Mslot":2,"method":"equal"}