{"NUM_UE":12,"NUM_RUE":3,"NUM_DUE":9,"MAX_LEN":1,"SEED":35,"sys_energy":1537.9744242032543,"direct_energy":1678.9658077110848,"avg_energy":171.75990267486145,"direct_avg_energy":175.96670429483228,"EE":5512.6717571600147,"direct_EE":5032.5244349285877,"model_sys_energy":7662.8222493314734,"direct_model_sys_energy":10109.93085478415,"model_avg_energy":963.01591718037787,"direct_model_avg_energy":1102.9951812382171,"sum_rate":1.1115608342684612E+7,"direct_sum_rate":8.4514096990199741E+6,"direct_avg_rate_DUE":44598.181770295058,"DUE_power_limit":2,"Mslot":2,"method":"equal"}