{"NUM_UE":8,"NUM_RUE":2,"NUM_DUE":6,"MAX_LEN":1,"SEED":23,"sys_energy":1014.0949532279128,"direct_energy":1083.6010669637558,"avg_energy":150.32968544324436,"direct_avg_energy":142.78774206355428,"EE":324.52111873972717,"direct_EE":289.33360006290593,"model_sys_energy":4959.4819242013409,"direct_model_sys_energy":6429.59712487845,"model_avg_energy":815.87371103259113,"direct_model_avg_energy":869.97348620059552,"sum_rate":375494.15664486511,"direct_sum_rate":313522.19773662946,"direct_avg_rate_DUE":21460.767970733719,"DUE_power_limit":2,"Mslot":2,"method":"equal"}