{"NUM_UE":16,"NUM_RUE":4,"NUM_DUE":12,"MAX_LEN":1,"SEED":31,"sys_energy":2172.8721004928561,"direct_energy":2475.0340212478045,"avg_energy":172.29134567591285,"direct_avg_energy":173.87334976121008,"EE":2595.0458896308496,"direct_EE":2234.4652184920142,"model_sys_energy":11244.564931588038,"direct_model_sys_energy":15487.839891685708,"model_avg_energy":923.32639673383892,"direct_model_avg_energy":1096.2757251186865,"sum_rate":7.288978690036919E+6,"direct_sum_rate":5.5494483356855E+6,"direct_avg_rate_DUE":72707.016678763161,"DUE_power_limit":2,"Mslot":2,"method":"equal"}