{"NUM_UE":20,"NUM_RUE":5,"NUM_DUE":15,"MAX_LEN":1,"SEED":29,"sys_energy":2279.5027920490015,"direct_energy":2534.2635787187364,"avg_energy":149.5495927107329,"direct_avg_energy":149.5882750262578,"EE":1985.609599525638,"direct_EE":1763.3492697852787,"model_sys_energy":11064.131616706436,"direct_model_sys_energy":15258.418064643396,"model_avg_energy":791.803340829224,"direct_model_avg_energy":923.8555273451675,"sum_rate":5.8394750511580985E+6,"direct_sum_rate":4.491158221092158E+6,"direct_avg_rate_DUE":43444.411405785286,"DUE_power_limit":2,"Mslot":2,"method":"equal"}