{"NUM_UE":12,"NUM_RUE":3,"NUM_DUE":9,"MAX_LEN":1,"SEED":10,"sys_energy":1836.713587683693,"direct_energy":2057.5193329665221,"avg_energy":192.61737105306202,"direct_avg_energy":182.71550620596861,"EE":530.86854903272342,"direct_EE":454.168977820519,"model_sys_energy":9716.6397875657549,"direct_model_sys_energy":12932.553785845834,"model_avg_energy":1036.5452360814909,"direct_model_avg_energy":1151.7952120166165,"sum_rate":1.1616826447120172E+6,"direct_sum_rate":934461.45229936147,"direct_avg_rate_DUE":50639.777096901831,"DUE_power_limit":2,"Mslot":2,"method":"equal"}