{"NUM_UE":24,"NUM_RUE":6,"NUM_DUE":18,"MAX_LEN":1,"SEED":33,"sys_energy":3307.7934562019805,"direct_energy":3658.8344464792381,"avg_energy":221.01133844529923,"direct_avg_energy":208.05698227308153,"EE":1367.0549116428417,"direct_EE":1184.7330842054637,"model_sys_energy":16785.386931838155,"direct_model_sys_energy":22798.428301110544,"model_avg_energy":1174.81439954247,"direct_model_avg_energy":1291.4723201502286,"sum_rate":5.6619325406734534E+6,"direct_sum_rate":4.4022013564507617E+6,"direct_avg_rate_DUE":83315.964945754429,"DUE_power_limit":2,"Mslot":2,"method":"equal"}