{"NUM_UE":24,"NUM_RUE":6,"NUM_DUE":18,"MAX_LEN":1,"SEED":15,"sys_energy":2699.4140398211894,"direct_energy":3090.7785829810759,"avg_energy":159.59421249291179,"direct_avg_energy":147.11513819139188,"EE":1447.5571943070004,"direct_EE":1206.8325288200242,"model_sys_energy":13394.027811999824,"direct_model_sys_energy":19104.012510040906,"model_avg_energy":805.27034185112245,"direct_model_avg_energy":902.371732022879,"sum_rate":5.94948976536031E+6,"direct_sum_rate":3.7884391163234334E+6,"direct_avg_rate_DUE":35933.294460474128,"DUE_power_limit":2,"Mslot":2,"method":"equal"}