{"NUM_UE":24,"NUM_RUE":6,"NUM_DUE":18,"MAX_LEN":1,"SEED":23,"sys_energy":3554.057824089512,"direct_energy":4118.2021300552669,"avg_energy":198.35159313777908,"direct_avg_energy":180.09120308655375,"EE":919.74982043066325,"direct_EE":716.66956215568848,"model_sys_energy":18548.939104518187,"direct_model_sys_energy":25843.310141192174,"model_avg_energy":1047.3643443751985,"direct_model_avg_energy":1135.6749326520242,"sum_rate":4.2195963391778292E+6,"direct_sum_rate":3.0285144259544858E+6,"direct_avg_rate_DUE":57918.7863987655,"DUE_power_limit":2,"Mslot":2,"method":"equal"}