{"NUM_UE":24,"NUM_RUE":6,"NUM_DUE":18,"MAX_LEN":1,"SEED":4,"sys_energy":2838.5649694958493,"direct_energy":3237.2507527884013,"avg_energy":170.05322427290412,"direct_avg_energy":170.75565085946016,"EE":3488.3584082398465,"direct_EE":2860.3196219871752,"model_sys_energy":14085.532892050618,"direct_model_sys_energy":20050.757788010967,"model_avg_energy":882.84415696080953,"direct_model_avg_energy":1075.848143976546,"sum_rate":1.4602033383628011E+7,"direct_sum_rate":9.3185499354505539E+6,"direct_avg_rate_DUE":123297.4791787602,"DUE_power_limit":2,"Mslot":2,"method":"equal"}