{"NUM_UE":12,"NUM_RUE":3,"NUM_DUE":9,"MAX_LEN":1,"SEED":6,"sys_energy":1527.7730211788366,"direct_energy":1626.6406577939438,"avg_energy":175.01996831421388,"direct_avg_energy":169.60872801146039,"EE":1299.0336775156759,"direct_EE":1198.5703811589717,"model_sys_energy":7464.9824644951823,"direct_model_sys_energy":9780.3013677154922,"model_avg_energy":961.01674663193171,"direct_model_avg_energy":1061.0961533828086,"sum_rate":2.4939804999934058E+6,"direct_sum_rate":1.9523284459056875E+6,"direct_avg_rate_DUE":47030.00405556929,"DUE_power_limit":2,"Mslot":2,"method":"equal"}