{"NUM_UE":16,"NUM_RUE":4,"NUM_DUE":12,"MAX_LEN":1,"SEED":10,"sys_energy":1931.5407671509261,"direct_energy":2108.2418802205707,"avg_energy":148.46710926347379,"direct_avg_energy":141.69934505491744,"EE":828.43300715082944,"direct_EE":732.24049208205133,"model_sys_energy":9405.0283514544917,"direct_model_sys_energy":12589.358897826864,"model_avg_energy":765.61114956547885,"direct_model_avg_energy":861.16429036656609,"sum_rate":1.979968730615614E+6,"direct_sum_rate":1.5485937462069369E+6,"direct_avg_rate_DUE":39132.305532184335,"DUE_power_limit":2,"Mslot":2,"method":"equal"}