{"NUM_UE":8,"NUM_RUE":2,"NUM_DUE":6,"MAX_LEN":1,"SEED":21,"sys_energy":1011.9015653863507,"direct_energy":1121.1504147701496,"avg_energy":141.33045801470092,"direct_avg_energy":137.48525304171494,"EE":1061.3345903763384,"direct_EE":903.74745622556657,"model_sys_energy":5046.7220067025719,"direct_model_sys_energy":6761.2172488983651,"model_avg_energy":726.10872060598558,"direct_model_avg_energy":826.77161198705744,"sum_rate":1.4007961378268197E+6,"direct_sum_rate":1.0132368353947616E+6,"direct_avg_rate_DUE":25700.892373850569,"DUE_power_limit":2,"Mslot":2,"method":"equal"}