{"NUM_UE":20,"NUM_RUE":5,"NUM_DUE":15,"MAX_LEN":1,"SEED":26,"sys_energy":2638.6497797031479,"direct_energy":3026.8251557466137,"avg_energy":168.95508074106093,"direct_avg_energy":154.59223213555279,"EE":2027.2427944143451,"direct_EE":1583.9203110708863,"model_sys_energy":13649.524777022258,"direct_model_sys_energy":19007.206982656637,"model_avg_energy":841.92594391637817,"direct_model_avg_energy":959.5224553909311,"sum_rate":6.9002519709501974E+6,"direct_sum_rate":4.8921485180314947E+6,"direct_avg_rate_DUE":155860.80983047636,"DUE_power_limit":2,"Mslot":2,"method":"equal"}