{"NUM_UE":16,"NUM_RUE":4,"NUM_DUE":12,"MAX_LEN":1,"SEED":29,"sys_energy":2054.8815362000728,"direct_energy":2317.9362740673469,"avg_energy":182.50568734214133,"direct_avg_energy":185.90414580115856,"EE":3424.0072410647549,"direct_EE":2960.8576739786904,"model_sys_energy":10280.110617683527,"direct_model_sys_energy":14374.84248756321,"model_avg_energy":966.58296125282959,"direct_model_avg_energy":1170.9972423204902,"sum_rate":9.1497044973955918E+6,"direct_sum_rate":6.88850312254101E+6,"direct_avg_rate_DUE":79579.6364770175,"DUE_power_limit":2,"Mslot":2,"method":"equal"}