{"NUM_UE":8,"NUM_RUE":2,"NUM_DUE":6,"MAX_LEN":1,"SEED":28,"sys_energy":1189.0160146414546,"direct_energy":1342.57636894579,"avg_energy":149.83584497560076,"direct_avg_energy":141.15275051222,"EE":667.29523867906471,"direct_EE":567.692976898215,"model_sys_energy":6239.3282267031027,"direct_model_sys_energy":8363.5754062087763,"model_avg_energy":789.79273433698,"direct_model_avg_energy":843.35879118250728,"sum_rate":892239.3122179599,"direct_sum_rate":762171.17560003162,"direct_avg_rate_DUE":26515.24817471256,"DUE_power_limit":2,"Mslot":2,"method":"equal"}