{"NUM_UE":24,"NUM_RUE":6,"NUM_DUE":18,"MAX_LEN":1,"SEED":5,"sys_energy":2809.7287799248061,"direct_energy":3152.0081588401135,"avg_energy":159.22278351121224,"direct_avg_energy":154.03225463860448,"EE":1394.0313634296738,"direct_EE":1198.3938281456742,"model_sys_energy":13952.981386920374,"direct_model_sys_energy":19416.51486093803,"model_avg_energy":846.84628608390938,"direct_model_avg_energy":957.78302304747479,"sum_rate":4.8926627798646549E+6,"direct_sum_rate":3.8288544895748594E+6,"direct_avg_rate_DUE":74163.5547725591,"DUE_power_limit":2,"Mslot":2,"method":"equal"}