{"NUM_UE":24,"NUM_RUE":6,"NUM_DUE":18,"MAX_LEN":1,"SEED":11,"sys_energy":3462.81374008157,"direct_energy":3990.0054504709128,"avg_energy":192.69708537037795,"direct_avg_energy":172.1027538990846,"EE":1975.8650039294807,"direct_EE":1593.021266943723,"model_sys_energy":18078.523075128513,"direct_model_sys_energy":25114.167733635255,"model_avg_energy":979.64247893986158,"direct_model_avg_energy":1084.7315634806703,"sum_rate":8.9000476620094255E+6,"direct_sum_rate":6.4178544830253664E+6,"direct_avg_rate_DUE":112242.02032009586,"DUE_power_limit":2,"Mslot":2,"method":"equal"}