{"NUM_UE":12,"NUM_RUE":3,"NUM_DUE":9,"MAX_LEN":1,"SEED":5,"sys_energy":1859.1064631524146,"direct_energy":2094.0997458324241,"avg_energy":182.35386997994271,"direct_avg_energy":174.88487327727691,"EE":1900.9704539571676,"direct_EE":1663.498570052102,"model_sys_energy":9819.4047443218278,"direct_model_sys_energy":13173.883157182492,"model_avg_energy":978.75497545538167,"direct_model_avg_energy":1102.8046861052658,"sum_rate":4.3519376581121115E+6,"direct_sum_rate":3.4835319327387079E+6,"direct_avg_rate_DUE":123793.96919850157,"DUE_power_limit":2,"Mslot":2,"method":"equal"}