{"NUM_UE":24,"NUM_RUE":6,"NUM_DUE":18,"MAX_LEN":1,"SEED":3,"sys_energy":2803.1292609548673,"direct_energy":3124.6225517340276,"avg_energy":184.38221528749636,"direct_avg_energy":177.1320591340623,"EE":4392.9111842151715,"direct_EE":3785.6699774125964,"model_sys_energy":13711.565852525322,"direct_model_sys_energy":19291.624741414336,"model_avg_energy":964.06585677653629,"direct_model_avg_energy":1117.1410330203237,"sum_rate":1.7493962944023907E+7,"direct_sum_rate":1.1904067889132412E+7,"direct_avg_rate_DUE":60413.389094738843,"DUE_power_limit":2,"Mslot":2,"method":"equal"}