{"NUM_UE":20,"NUM_RUE":5,"NUM_DUE":15,"MAX_LEN":1,"SEED":23,"sys_energy":2275.1234955000818,"direct_energy":2498.8795135263426,"avg_energy":146.07404560545473,"direct_avg_energy":137.42963364584497,"EE":591.87719257922765,"direct_EE":507.15677756277654,"model_sys_energy":10905.847450431325,"direct_model_sys_energy":15025.807172212093,"model_avg_energy":740.59069328245482,"direct_model_avg_energy":826.31622558670438,"sum_rate":1.7250998231328002E+6,"direct_sum_rate":1.2935232521501763E+6,"direct_avg_rate_DUE":21718.962913605374,"DUE_power_limit":2,"Mslot":2,"method":"equal"}