{"NUM_UE":24,"NUM_RUE":6,"NUM_DUE":18,"MAX_LEN":1,"SEED":28,"sys_energy":3454.7682630004961,"direct_energy":4013.0647844196437,"avg_energy":171.38729563713832,"direct_avg_energy":169.86106306238878,"EE":1870.9494144561766,"direct_EE":1579.6218361967974,"model_sys_energy":18254.808424662308,"direct_model_sys_energy":25276.431946788362,"model_avg_energy":925.46215656548713,"direct_model_avg_energy":1069.9000671922706,"sum_rate":8.2072789772310872E+6,"direct_sum_rate":6.365598857104877E+6,"direct_avg_rate_DUE":71296.8658501399,"DUE_power_limit":2,"Mslot":2,"method":"equal"}