{"NUM_UE":24,"NUM_RUE":6,"NUM_DUE":18,"MAX_LEN":1,"SEED":27,"sys_energy":2437.4324402383222,"direct_energy":2687.78133747078,"avg_energy":140.05037913129658,"direct_avg_energy":133.06211401746771,"EE":903.65806485828057,"direct_EE":784.53367352498083,"model_sys_energy":11169.005562215823,"direct_model_sys_energy":15952.511660380413,"model_avg_energy":684.6138935604049,"direct_model_avg_energy":790.76450014809416,"sum_rate":2.9139927954400084E+6,"direct_sum_rate":2.1446850901534553E+6,"direct_avg_rate_DUE":17028.573641571493,"DUE_power_limit":2,"Mslot":2,"method":"equal"}