{"NUM_UE":20,"NUM_RUE":5,"NUM_DUE":15,"MAX_LEN":1,"SEED":16,"sys_energy":2069.756611759678,"direct_energy":2288.9381157304065,"avg_energy":138.80373270751926,"direct_avg_energy":134.133545915972,"EE":1491.34725641024,"direct_EE":1302.9218195268122,"model_sys_energy":9343.2091209143382,"direct_model_sys_energy":13563.831712477571,"model_avg_energy":638.40639360404361,"direct_model_avg_energy":796.76339127143149,"sum_rate":5.0760677401591241E+6,"direct_sum_rate":3.0059924352634363E+6,"direct_avg_rate_DUE":14715.284531015266,"DUE_power_limit":2,"Mslot":2,"method":"equal"}