{"NUM_UE":20,"NUM_RUE":5,"NUM_DUE":15,"MAX_LEN":1,"SEED":35,"sys_energy":2832.9521380404863,"direct_energy":3272.1904654269019,"avg_energy":199.39860373891239,"direct_avg_energy":192.59739627010563,"EE":3693.7185871261245,"direct_EE":3157.8375553427263,"model_sys_energy":14716.212984172989,"direct_model_sys_energy":20573.516663687918,"model_avg_energy":1075.3909210700331,"direct_model_avg_energy":1206.4806173186475,"sum_rate":1.3606069809812317E+7,"direct_sum_rate":1.04472131313268E+7,"direct_avg_rate_DUE":96221.980664398492,"DUE_power_limit":2,"Mslot":2,"method":"equal"}