{"NUM_UE":12,"NUM_RUE":3,"NUM_DUE":9,"MAX_LEN":1,"SEED":2,"sys_energy":1543.3791145737771,"direct_energy":1675.8679764855603,"avg_energy":150.07554398028273,"direct_avg_energy":144.47770739400465,"EE":1125.1335845817518,"direct_EE":1023.8591634569887,"model_sys_energy":7626.5938864757109,"direct_model_sys_energy":10092.827298165879,"model_avg_energy":786.19430795534038,"direct_model_avg_energy":883.5623166501349,"sum_rate":1.9843119255047927E+6,"direct_sum_rate":1.7158527844688622E+6,"direct_avg_rate_DUE":17653.197271233672,"DUE_power_limit":2,"Mslot":2,"method":"equal"}