{"NUM_UE":24,"NUM_RUE":6,"NUM_DUE":18,"MAX_LEN":1,"SEED":8,"sys_energy":2717.4623193600682,"direct_energy":3188.6221708221051,"avg_energy":148.21109281010374,"direct_avg_energy":138.05235143140155,"EE":1515.5093159771125,"direct_EE":1186.9819358792063,"model_sys_energy":13332.189516060631,"direct_model_sys_energy":19776.104731465264,"model_avg_energy":688.74943774957217,"direct_model_avg_energy":831.414546122211,"sum_rate":5.7365400530512463E+6,"direct_sum_rate":3.8845432698839526E+6,"direct_avg_rate_DUE":63123.834986823626,"DUE_power_limit":2,"Mslot":2,"method":"equal"}