{"NUM_UE":8,"NUM_RUE":2,"NUM_DUE":6,"MAX_LEN":1,"SEED":8,"sys_energy":1356.0307700156184,"direct_energy":1565.7673411290475,"avg_energy":173.25919932810706,"direct_avg_energy":162.39070014268563,"EE":1728.905772899057,"direct_EE":1400.6809155552485,"model_sys_energy":7140.4179531675882,"direct_model_sys_energy":9735.7390257760271,"model_avg_energy":896.43686266595694,"direct_model_avg_energy":1018.6513328692331,"sum_rate":2.834338237469451E+6,"direct_sum_rate":2.1931404329191414E+6,"direct_avg_rate_DUE":162721.31812111053,"DUE_power_limit":2,"Mslot":2,"method":"equal"}