{"NUM_UE":20,"NUM_RUE":5,"NUM_DUE":15,"MAX_LEN":1,"SEED":31,"sys_energy":3099.1988975317117,"direct_energy":3645.8659427930234,"avg_energy":192.83583802371396,"direct_avg_energy":182.6584922415478,"EE":2390.1677971221034,"direct_EE":1956.9585034572851,"model_sys_energy":16212.463216378541,"direct_model_sys_energy":22750.680279905235,"model_avg_energy":1017.7166988805739,"direct_model_avg_energy":1147.6317746988029,"sum_rate":9.4691366514279451E+6,"direct_sum_rate":7.2099645407374687E+6,"direct_avg_rate_DUE":117708.1995591778,"DUE_power_limit":2,"Mslot":2,"method":"equal"}