{"NUM_UE":16,"NUM_RUE":4,"NUM_DUE":12,"MAX_LEN":1,"SEED":32,"sys_energy":2090.9229280297413,"direct_energy":2313.7681258604048,"avg_energy":147.60996373130061,"direct_avg_energy":141.70545221912516,"EE":1225.3265370350721,"direct_EE":1082.0783354306498,"model_sys_energy":10514.854469457981,"direct_model_sys_energy":14197.714710574204,"model_avg_energy":755.16127957745,"direct_model_avg_energy":861.21383258423543,"sum_rate":3.0709081559531284E+6,"direct_sum_rate":2.5079036775679947E+6,"direct_avg_rate_DUE":91623.650243264783,"DUE_power_limit":2,"Mslot":2,"method":"equal"}