{"NUM_UE":16,"NUM_RUE":4,"NUM_DUE":12,"MAX_LEN":1,"SEED":19,"sys_energy":2144.6217272153926,"direct_energy":2443.6046886494032,"avg_energy":142.85469420294854,"direct_avg_energy":136.97851639577527,"EE":712.99025086093741,"direct_EE":595.63379230387216,"model_sys_energy":11024.351314367588,"direct_model_sys_energy":15174.347126869698,"model_avg_energy":720.00149190697584,"direct_model_avg_energy":822.62300435299335,"sum_rate":1.889785104909227E+6,"direct_sum_rate":1.4609886448866148E+6,"direct_avg_rate_DUE":45216.959556443813,"DUE_power_limit":2,"Mslot":2,"method":"equal"}