{"NUM_UE":12,"NUM_RUE":3,"NUM_DUE":9,"MAX_LEN":1,"SEED":33,"sys_energy":1434.6102967528275,"direct_energy":1592.2816703542433,"avg_energy":152.60540757682034,"direct_avg_energy":145.1736495757103,"EE":1652.3910676535681,"direct_EE":1400.3748860240389,"model_sys_energy":7095.3960142403785,"direct_model_sys_energy":9704.0515974830614,"model_avg_energy":800.43033009314922,"direct_model_avg_energy":889.12318451954525,"sum_rate":2.8996276169268866E+6,"direct_sum_rate":2.2534814866232397E+6,"direct_avg_rate_DUE":113196.99087794607,"DUE_power_limit":2,"Mslot":2,"method":"equal"}