{"NUM_UE":8,"NUM_RUE":2,"NUM_DUE":6,"MAX_LEN":1,"SEED":19,"sys_energy":1255.2482505710586,"direct_energy":1427.9537552138886,"avg_energy":165.18772840464175,"direct_avg_energy":156.92791012686916,"EE":876.08505822597078,"direct_EE":738.66104560936469,"model_sys_energy":6637.4320718196113,"direct_model_sys_energy":8948.7337900681378,"model_avg_energy":882.06774724452544,"direct_model_avg_energy":979.3046623094433,"sum_rate":1.3160679698927258E+6,"direct_sum_rate":1.0547738139081097E+6,"direct_avg_rate_DUE":79755.166458042149,"DUE_power_limit":2,"Mslot":2,"method":"equal"}