{"NUM_UE":8,"NUM_RUE":2,"NUM_DUE":6,"MAX_LEN":1,"SEED":14,"sys_energy":1206.3391774547647,"direct_energy":1393.0951174427892,"avg_energy":160.20046640804748,"direct_avg_energy":134.93825946588873,"EE":315.88636311943645,"direct_EE":242.07121926569718,"model_sys_energy":6316.2869173817353,"direct_model_sys_energy":8624.0802007681687,"model_avg_energy":780.64464724900722,"direct_model_avg_energy":805.95494897530307,"sum_rate":446729.69085437915,"direct_sum_rate":340458.45684291527,"direct_avg_rate_DUE":46092.929506715016,"DUE_power_limit":2,"Mslot":2,"method":"equal"}