{"NUM_UE":8,"NUM_RUE":2,"NUM_DUE":6,"MAX_LEN":1,"SEED":24,"sys_energy":1130.3032746239051,"direct_energy":1254.3122788181367,"avg_energy":148.12000587729403,"direct_avg_energy":136.74525614904462,"EE":550.147174021056,"direct_EE":458.08764326354327,"model_sys_energy":5832.7219347091886,"direct_model_sys_energy":7732.6455504054129,"model_avg_energy":770.64681706553552,"direct_model_avg_energy":807.320908983444,"sum_rate":670423.1373529447,"direct_sum_rate":574584.95572032465,"direct_avg_rate_DUE":60063.923820911143,"DUE_power_limit":2,"Mslot":2,"method":"equal"}