{"NUM_UE":12,"NUM_RUE":3,"NUM_DUE":9,"MAX_LEN":1,"SEED":23,"sys_energy":1772.6625424721253,"direct_energy":1970.2784974575375,"avg_energy":199.67240594021894,"direct_avg_energy":196.51929255059267,"EE":1642.1897981959735,"direct_EE":1447.5405690541998,"model_sys_energy":9129.6003155196358,"direct_model_sys_energy":12291.383436153164,"model_avg_energy":1057.134102943008,"direct_model_avg_energy":1232.0947297999974,"sum_rate":3.7660454547454515E+6,"direct_sum_rate":2.8590435069858646E+6,"direct_avg_rate_DUE":45889.507224675974,"DUE_power_limit":2,"Mslot":2,"method":"equal"}