{"NUM_UE":8,"NUM_RUE":2,"NUM_DUE":6,"MAX_LEN":1,"SEED":7,"sys_energy":1233.2813229677859,"direct_energy":1415.630040484265,"avg_energy":158.90415838849862,"direct_avg_energy":156.61069183463169,"EE":3692.536608674955,"direct_EE":3148.0042433670765,"model_sys_energy":6523.2210938673161,"direct_model_sys_energy":8882.9050417747858,"model_avg_energy":846.580465494385,"direct_model_avg_energy":976.96961174123271,"sum_rate":5.273564612741231E+6,"direct_sum_rate":4.4564093744823728E+6,"direct_avg_rate_DUE":117457.05823471157,"DUE_power_limit":2,"Mslot":2,"method":"equal"}