{"NUM_UE":24,"NUM_RUE":6,"NUM_DUE":18,"MAX_LEN":1,"SEED":34,"sys_energy":2581.2074075151058,"direct_energy":2835.4520554074938,"avg_energy":136.27716618534581,"direct_avg_energy":122.65950128572264,"EE":1357.1067209715243,"direct_EE":1204.0876866993617,"model_sys_energy":11992.099405497229,"direct_model_sys_energy":17061.913034577741,"model_avg_energy":631.65449389060541,"direct_model_avg_energy":725.99674415926256,"sum_rate":4.4212340877613295E+6,"direct_sum_rate":3.4850865147570414E+6,"direct_avg_rate_DUE":54190.924162147647,"DUE_power_limit":2,"Mslot":2,"method":"equal"}