{"NUM_UE":20,"NUM_RUE":5,"NUM_DUE":15,"MAX_LEN":1,"SEED":7,"sys_energy":2902.3461071434012,"direct_energy":3298.6232342757985,"avg_energy":159.31080673417333,"direct_avg_energy":108.48460400875774,"EE":1573.1154178334746,"direct_EE":1223.865534949429,"model_sys_energy":15054.583551006386,"direct_model_sys_energy":20373.708691716,"model_avg_energy":770.95224851292255,"direct_model_avg_energy":649.1182583061169,"sum_rate":7.2590494461759618E+6,"direct_sum_rate":4.1823550867911726E+6,"direct_avg_rate_DUE":116545.95942779453,"DUE_power_limit":2,"Mslot":2,"method":"equal"}