{"NUM_UE":12,"NUM_RUE":3,"NUM_DUE":9,"MAX_LEN":1,"SEED":14,"sys_energy":1510.762416878687,"direct_energy":1696.7455599571833,"avg_energy":146.54015455779745,"direct_avg_energy":134.98880309173973,"EE":528.12893446344913,"direct_EE":442.07470042578473,"model_sys_energy":7594.3181973065584,"direct_model_sys_energy":10453.329191238667,"model_avg_energy":731.3587096115624,"direct_model_avg_energy":806.36657629893023,"sum_rate":1.0201128513714819E+6,"direct_sum_rate":762030.27907367377,"direct_avg_rate_DUE":25191.983487217178,"DUE_power_limit":2,"Mslot":2,"method":"equal"}