{"NUM_UE":8,"NUM_RUE":2,"NUM_DUE":6,"MAX_LEN":1,"SEED":34,"sys_energy":1068.2440682524177,"direct_energy":1164.7589318421781,"avg_energy":170.99086949026548,"direct_avg_energy":166.54489928404485,"EE":2162.3805374737753,"direct_EE":1957.9227042958723,"model_sys_energy":5416.4276018188712,"direct_model_sys_energy":7141.2259929393149,"model_avg_energy":949.20019951370227,"direct_model_avg_energy":1036.5050663802956,"sum_rate":2.70618750681708E+6,"direct_sum_rate":2.285997370292197E+6,"direct_avg_rate_DUE":151329.61162364919,"DUE_power_limit":2,"Mslot":2,"method":"equal"}