{"NUM_UE":12,"NUM_RUE":3,"NUM_DUE":9,"MAX_LEN":1,"SEED":9,"sys_energy":1495.9228027579281,"direct_energy":1684.5449362034208,"avg_energy":150.69965463597677,"direct_avg_energy":154.582650634563,"EE":4205.2359518975991,"direct_EE":3706.5159719795834,"model_sys_energy":7334.393642031514,"direct_model_sys_energy":10291.569201391059,"model_avg_energy":749.14106401775189,"direct_model_avg_energy":961.90952461310417,"sum_rate":8.2717289524550717E+6,"direct_sum_rate":6.2484948488786425E+6,"direct_avg_rate_DUE":45929.932075353412,"DUE_power_limit":2,"Mslot":2,"method":"equal"}