{"NUM_UE":12,"NUM_RUE":3,"NUM_DUE":9,"MAX_LEN":1,"SEED":16,"sys_energy":1765.0201640319133,"direct_energy":2048.3742496111213,"avg_energy":142.32299597595008,"direct_avg_energy":138.541439408968,"EE":2525.1810732274753,"direct_EE":2113.9871882839411,"model_sys_energy":9332.1609730894925,"direct_model_sys_energy":12776.857747851349,"model_avg_energy":730.69641149704137,"direct_model_avg_energy":835.41748890384281,"sum_rate":5.81001467063935E+6,"direct_sum_rate":4.3302369204886425E+6,"direct_avg_rate_DUE":58299.622247673,"DUE_power_limit":2,"Mslot":2,"method":"equal"}