{"NUM_UE":16,"NUM_RUE":4,"NUM_DUE":12,"MAX_LEN":1,"SEED":35,"sys_energy":1928.349347472074,"direct_energy":2104.2726878649109,"avg_energy":133.8194341581752,"direct_avg_energy":131.4370328214419,"EE":2919.5002130506546,"direct_EE":2659.7851479160354,"model_sys_energy":9089.5040045717888,"direct_model_sys_energy":12566.091862381674,"model_avg_energy":622.687462419488,"direct_model_avg_energy":771.4648698542112,"sum_rate":7.3169642461628057E+6,"direct_sum_rate":5.5999471606979081E+6,"direct_avg_rate_DUE":47889.447716409661,"DUE_power_limit":2,"Mslot":2,"method":"equal"}