{"NUM_UE":8,"NUM_RUE":2,"NUM_DUE":6,"MAX_LEN":1,"SEED":16,"sys_energy":1203.3469122422621,"direct_energy":1378.1516949981587,"avg_energy":149.02907218278975,"direct_avg_energy":143.93818065372562,"EE":2356.9478040135041,"direct_EE":1978.5640425630943,"model_sys_energy":6223.6680144841657,"direct_model_sys_energy":8593.9460642653175,"model_avg_energy":727.23094739759676,"direct_model_avg_energy":879.236749082952,"sum_rate":3.6180505783502348E+6,"direct_sum_rate":2.7267613889207374E+6,"direct_avg_rate_DUE":46330.2067656712,"DUE_power_limit":2,"Mslot":2,"method":"equal"}