{"NUM_UE":12,"NUM_RUE":3,"NUM_DUE":9,"MAX_LEN":1,"SEED":24,"sys_energy":1509.9390306079165,"direct_energy":1635.0415789140243,"avg_energy":146.18902876557888,"direct_avg_energy":140.3731728546606,"EE":440.87481649410643,"direct_EE":391.4567017643862,"model_sys_energy":7386.3857775367378,"direct_model_sys_energy":9760.5216914320335,"model_avg_energy":758.48458995680164,"direct_model_avg_energy":850.37985372987316,"sum_rate":833668.24268681463,"direct_sum_rate":640047.98372931837,"direct_avg_rate_DUE":20237.85534072687,"DUE_power_limit":2,"Mslot":2,"method":"equal"}