{"NUM_UE":12,"NUM_RUE":3,"NUM_DUE":9,"MAX_LEN":1,"SEED":4,"sys_energy":1499.1203310196981,"direct_energy":1641.3596225842607,"avg_energy":180.57205807271464,"direct_avg_energy":177.24947174154451,"EE":2232.1127272445424,"direct_EE":2006.8355738182706,"model_sys_energy":7410.5430625224553,"direct_model_sys_energy":9973.2568249747655,"model_avg_energy":971.20039007994967,"direct_model_avg_energy":1117.8838022033706,"sum_rate":4.3138032764178319E+6,"direct_sum_rate":3.3038275347171579E+6,"direct_avg_rate_DUE":59470.406983866305,"DUE_power_limit":2,"Mslot":2,"method":"equal"}