{"NUM_UE":16,"NUM_RUE":4,"NUM_DUE":12,"MAX_LEN":1,"SEED":2,"sys_energy":2511.7049953676756,"direct_energy":2898.4802381212003,"avg_energy":192.78318758520365,"direct_avg_energy":183.76840778822503,"EE":1755.7723892055694,"direct_EE":1468.6220095001215,"model_sys_energy":13287.616302505459,"direct_model_sys_energy":18159.210037840279,"model_avg_energy":1058.3483836603161,"direct_model_avg_energy":1153.4508165912805,"sum_rate":5.3795440969838807E+6,"direct_sum_rate":4.2788944612843078E+6,"direct_avg_rate_DUE":67883.180623859356,"DUE_power_limit":2,"Mslot":2,"method":"equal"}