{"NUM_UE":8,"NUM_RUE":2,"NUM_DUE":6,"MAX_LEN":1,"SEED":26,"sys_energy":970.56022821609417,"direct_energy":1055.5786251846496,"avg_energy":154.21272408521116,"direct_avg_energy":150.05877720171077,"EE":574.81125175862167,"direct_EE":517.25236654969535,"model_sys_energy":4717.24077683136,"direct_model_sys_energy":6287.01445187226,"model_avg_energy":818.50498821494284,"direct_model_avg_energy":927.49826618914517,"sum_rate":712100.36855270667,"direct_sum_rate":550689.02165480284,"direct_avg_rate_DUE":20982.832074587346,"DUE_power_limit":2,"Mslot":2,"method":"equal"}