{"NUM_UE":20,"NUM_RUE":5,"NUM_DUE":15,"MAX_LEN":1,"SEED":8,"sys_energy":3021.46220046446,"direct_energy":3525.0681793464332,"avg_energy":151.58222809518307,"direct_avg_energy":146.52156466605842,"EE":1851.7145368957408,"direct_EE":1533.2005912597849,"model_sys_energy":15997.547761936774,"direct_model_sys_energy":22012.271522192903,"model_avg_energy":802.27932918099611,"direct_model_avg_energy":899.8302930738,"sum_rate":6.4708687411181312E+6,"direct_sum_rate":5.4265209962713448E+6,"direct_avg_rate_DUE":104870.78350998889,"DUE_power_limit":2,"Mslot":2,"method":"equal"}