{"NUM_UE":20,"NUM_RUE":5,"NUM_DUE":15,"MAX_LEN":1,"SEED":28,"sys_energy":2354.844920896543,"direct_energy":2579.755992347978,"avg_energy":170.87804706759985,"direct_avg_energy":168.71187532091932,"EE":1854.766561707406,"direct_EE":1674.3735413707532,"model_sys_energy":11491.300720548819,"direct_model_sys_energy":15549.862263380193,"model_avg_energy":927.53476728493047,"direct_model_avg_energy":1062.2012710990984,"sum_rate":5.6702000472775688E+6,"direct_sum_rate":4.329192326086469E+6,"direct_avg_rate_DUE":25548.314569882226,"DUE_power_limit":2,"Mslot":2,"method":"equal"}