{"NUM_UE":16,"NUM_RUE":4,"NUM_DUE":12,"MAX_LEN":1,"SEED":33,"sys_energy":2071.507372289816,"direct_energy":2298.3320796000221,"avg_energy":186.83130048843108,"direct_avg_energy":186.14834417796692,"EE":1633.7220095229363,"direct_EE":1441.0066572799255,"model_sys_energy":10422.340506903825,"direct_model_sys_energy":14109.064998382979,"model_avg_energy":1008.7096674643014,"direct_model_avg_energy":1172.4508754365772,"sum_rate":4.0283447230350468E+6,"direct_sum_rate":3.3220211947647771E+6,"direct_avg_rate_DUE":77599.991402237792,"DUE_power_limit":2,"Mslot":2,"method":"equal"}