{"NUM_UE":20,"NUM_RUE":5,"NUM_DUE":15,"MAX_LEN":1,"SEED":14,"sys_energy":2470.1096951464788,"direct_energy":2850.2074788435298,"avg_energy":147.79070220463,"direct_avg_energy":134.43595899861768,"EE":573.6332657362376,"direct_EE":464.76031906529977,"model_sys_energy":12509.86068340509,"direct_model_sys_energy":17695.149956046462,"model_avg_energy":724.43917228077657,"direct_model_avg_energy":797.88488302887947,"sum_rate":1.7743999449776404E+6,"direct_sum_rate":1.3553592888814257E+6,"direct_avg_rate_DUE":43928.345072234275,"DUE_power_limit":2,"Mslot":2,"method":"equal"}