{"NUM_UE":8,"NUM_RUE":2,"NUM_DUE":6,"MAX_LEN":1,"SEED":35,"sys_energy":1147.6999493928361,"direct_energy":1264.5386146862918,"avg_energy":187.47675969818627,"direct_avg_energy":179.63972054759321,"EE":504.84123887497327,"direct_EE":438.26399400146676,"model_sys_energy":5923.187026057306,"direct_model_sys_energy":7837.2188140890066,"model_avg_energy":1007.2926069934863,"direct_model_avg_energy":1132.8719648393744,"sum_rate":718841.56369821692,"direct_sum_rate":554201.74384149606,"direct_avg_rate_DUE":31050.811854232768,"DUE_power_limit":2,"Mslot":2,"method":"equal"}