{"NUM_UE":12,"NUM_RUE":3,"NUM_DUE":9,"MAX_LEN":1,"SEED":12,"sys_energy":1471.5538002727569,"direct_energy":1615.225716465269,"avg_energy":160.79184041661497,"direct_avg_energy":157.08592403843772,"EE":2625.511905423341,"direct_EE":2327.2013233193488,"model_sys_energy":7161.65225357215,"direct_model_sys_energy":9734.3029345426021,"model_avg_energy":826.548430127655,"direct_model_avg_energy":980.46573131945536,"sum_rate":5.1263555303163277E+6,"direct_sum_rate":3.7620420766129494E+6,"direct_avg_rate_DUE":21359.413980152163,"DUE_power_limit":2,"Mslot":2,"method":"equal"}