{"NUM_UE":24,"NUM_RUE":6,"NUM_DUE":18,"MAX_LEN":1,"SEED":10,"sys_energy":3340.0455955006919,"direct_energy":3946.3790941731804,"avg_energy":175.13112403455037,"direct_avg_energy":159.40934241046557,"EE":2238.1784960529608,"direct_EE":1802.9749828718461,"model_sys_energy":17414.504359687864,"direct_model_sys_energy":24743.641248724784,"model_avg_energy":911.68051019841221,"direct_model_avg_energy":998.86219627519279,"sum_rate":9.1603404365102984E+6,"direct_sum_rate":7.2802925870833676E+6,"direct_avg_rate_DUE":195553.12565153255,"DUE_power_limit":2,"Mslot":2,"method":"equal"}