{"NUM_UE":20,"NUM_RUE":5,"NUM_DUE":15,"MAX_LEN":1,"SEED":10,"sys_energy":2412.4386178693735,"direct_energy":2774.6048571482615,"avg_energy":155.35017511343617,"direct_avg_energy":117.71127375143416,"EE":2172.3926108966107,"direct_EE":1741.2573257950542,"model_sys_energy":12261.026484209997,"direct_model_sys_energy":17373.880768097355,"model_avg_energy":705.19566010873643,"direct_model_avg_energy":723.76516083571823,"sum_rate":7.9758769157641083E+6,"direct_sum_rate":4.97412956091467E+6,"direct_avg_rate_DUE":153941.09536428217,"DUE_power_limit":2,"Mslot":2,"method":"equal"}