{"NUM_UE":24,"NUM_RUE":6,"NUM_DUE":18,"MAX_LEN":1,"SEED":24,"sys_energy":3606.5707842747597,"direct_energy":4258.6529949608366,"avg_energy":183.57961682457346,"direct_avg_energy":171.54126706573513,"EE":940.84581943440594,"direct_EE":736.59121428993262,"model_sys_energy":18946.146564843868,"direct_model_sys_energy":26603.359257115477,"model_avg_energy":978.18212019323528,"direct_model_avg_energy":1081.0395090764948,"sum_rate":4.2014154058163958E+6,"direct_sum_rate":3.2005620886503411E+6,"direct_avg_rate_DUE":82205.855298958544,"DUE_power_limit":2,"Mslot":2,"method":"equal"}