{"NUM_UE":16,"NUM_RUE":4,"NUM_DUE":12,"MAX_LEN":1,"SEED":24,"sys_energy":2091.3963861359734,"direct_energy":2290.4046690964274,"avg_energy":181.41619619681921,"direct_avg_energy":177.97833076203887,"EE":920.62887904019021,"direct_EE":824.55209003988057,"model_sys_energy":10439.890006680536,"direct_model_sys_energy":13943.026630954237,"model_avg_energy":972.91151230296509,"direct_model_avg_energy":1122.4808929443236,"sum_rate":2.4871181443377966E+6,"direct_sum_rate":1.8916673729039512E+6,"direct_avg_rate_DUE":24127.071090396592,"DUE_power_limit":2,"Mslot":2,"method":"equal"}