{"NUM_UE":24,"NUM_RUE":6,"NUM_DUE":18,"MAX_LEN":1,"SEED":21,"sys_energy":3061.4993581171034,"direct_energy":3450.7533679145422,"avg_energy":196.05373770470547,"direct_avg_energy":199.39057615521961,"EE":2661.4011534654182,"direct_EE":2284.9116657779332,"model_sys_energy":15208.534344644313,"direct_model_sys_energy":21129.006195839287,"model_avg_energy":1021.81143414288,"direct_model_avg_energy":1247.9273862575326,"sum_rate":1.2389148463448254E+7,"direct_sum_rate":7.9026946509085735E+6,"direct_avg_rate_DUE":29881.759046464595,"DUE_power_limit":2,"Mslot":2,"method":"equal"}