{"NUM_UE":12,"NUM_RUE":3,"NUM_DUE":9,"MAX_LEN":1,"SEED":31,"sys_energy":1597.7803901475013,"direct_energy":1782.657221366989,"avg_energy":142.15045247715094,"direct_avg_energy":141.40299456561794,"EE":2127.2741464527908,"direct_EE":1877.7066678739848,"model_sys_energy":7981.5828049714228,"direct_model_sys_energy":10947.22992787866,"model_avg_energy":698.40143685094154,"direct_model_avg_energy":858.75882972622151,"sum_rate":4.34565172692892E+6,"direct_sum_rate":3.3473073510945053E+6,"direct_avg_rate_DUE":66384.06250990335,"DUE_power_limit":2,"Mslot":2,"method":"equal"}