{"NUM_UE":16,"NUM_RUE":4,"NUM_DUE":12,"MAX_LEN":1,"SEED":9,"sys_energy":1971.2577672188597,"direct_energy":2168.5319287292491,"avg_energy":179.57658309406048,"direct_avg_energy":182.31494946428808,"EE":2761.4042346774404,"direct_EE":2481.4263082853327,"model_sys_energy":9508.53008443083,"direct_model_sys_energy":13116.701153128792,"model_avg_energy":943.30437777901557,"direct_model_avg_energy":1149.3535076251678,"sum_rate":7.1637926644141562E+6,"direct_sum_rate":5.3893209267379977E+6,"direct_avg_rate_DUE":26805.26564198517,"DUE_power_limit":2,"Mslot":2,"method":"equal"}