{"NUM_UE":24,"NUM_RUE":6,"NUM_DUE":18,"MAX_LEN":1,"SEED":20,"sys_energy":3663.3893519334588,"direct_energy":4161.2932815853255,"avg_energy":194.69371021234292,"direct_avg_energy":183.99611435060058,"EE":2517.8735521802159,"direct_EE":2142.1556968143759,"model_sys_energy":19307.417332303346,"direct_model_sys_energy":26111.331823169716,"model_avg_energy":1018.3104112946011,"direct_model_avg_energy":1150.5824104851256,"sum_rate":1.1107374008211618E+7,"direct_sum_rate":9.0071210987117E+6,"direct_avg_rate_DUE":231383.42423891084,"DUE_power_limit":2,"Mslot":2,"method":"equal"}