{"NUM_UE":16,"NUM_RUE":4,"NUM_DUE":12,"MAX_LEN":1,"SEED":27,"sys_energy":1989.8705308287281,"direct_energy":2224.1135431083367,"avg_energy":140.79777206678756,"direct_avg_energy":132.29373740677249,"EE":1225.049950794177,"direct_EE":1059.2974081580626,"model_sys_energy":9838.6391915912282,"direct_model_sys_energy":13654.088106612082,"model_avg_energy":686.75203350977358,"direct_model_avg_energy":784.61369708855773,"sum_rate":3.149028085534357E+6,"direct_sum_rate":2.371847442222625E+6,"direct_avg_rate_DUE":32850.114815472545,"DUE_power_limit":2,"Mslot":2,"method":"equal"}