{"NUM_UE":12,"NUM_RUE":3,"NUM_DUE":9,"MAX_LEN":1,"SEED":29,"sys_energy":1560.9464202645481,"direct_energy":1697.551639132698,"avg_energy":152.52068871571893,"direct_avg_energy":147.49407365328034,"EE":2591.0407019214035,"direct_EE":2355.8434945258973,"model_sys_energy":7731.2551261151075,"direct_model_sys_energy":10282.512409382034,"model_avg_energy":788.82638654401069,"direct_model_avg_energy":898.91194586948632,"sum_rate":5.1140956847838247E+6,"direct_sum_rate":3.99916598567254E+6,"direct_avg_rate_DUE":78762.100480829438,"DUE_power_limit":2,"Mslot":2,"method":"equal"}