{"NUM_UE":16,"NUM_RUE":4,"NUM_DUE":12,"MAX_LEN":1,"SEED":18,"sys_energy":2070.0082744778706,"direct_energy":2260.0801390358092,"avg_energy":174.05513068893197,"direct_avg_energy":166.02007441417487,"EE":478.96935094727843,"direct_EE":410.29181347944962,"model_sys_energy":10353.157792645829,"direct_model_sys_energy":13778.781856171698,"model_avg_energy":926.54739364667876,"direct_model_avg_energy":1043.9083028790303,"sum_rate":1.2770185498542704E+6,"direct_sum_rate":932661.26550403389,"direct_avg_rate_DUE":18373.342885138129,"DUE_power_limit":2,"Mslot":2,"method":"equal"}