{"NUM_UE":8,"NUM_RUE":2,"NUM_DUE":6,"MAX_LEN":1,"SEED":12,"sys_energy":1146.7549208030221,"direct_energy":1276.0805095860387,"avg_energy":153.87985360115397,"direct_avg_energy":144.92309667333276,"EE":398.29636991665478,"direct_EE":336.2683301814148,"model_sys_energy":5942.4289693800047,"direct_model_sys_energy":7924.6915803528391,"model_avg_energy":817.82000016312622,"direct_model_avg_energy":887.123648498491,"sum_rate":520533.2246778679,"direct_sum_rate":429105.46213554614,"direct_avg_rate_DUE":31919.191457061523,"DUE_power_limit":2,"Mslot":2,"method":"equal"}