{"NUM_UE":12,"NUM_RUE":3,"NUM_DUE":9,"MAX_LEN":1,"SEED":32,"sys_energy":1839.4743334287307,"direct_energy":2096.7993950252353,"avg_energy":174.05869597361377,"direct_avg_energy":165.71530905207808,"EE":2412.1555563219235,"direct_EE":2066.82067957586,"model_sys_energy":9710.0189932011726,"direct_model_sys_energy":13180.51015685888,"model_avg_energy":930.35578747360478,"direct_model_avg_energy":1041.813871761203,"sum_rate":5.341046787151916E+6,"direct_sum_rate":4.3416580008424222E+6,"direct_avg_rate_DUE":204060.67651942273,"DUE_power_limit":2,"Mslot":2,"method":"equal"}