{"NUM_UE":8,"NUM_RUE":2,"NUM_DUE":6,"MAX_LEN":1,"SEED":6,"sys_energy":1075.1741098114132,"direct_energy":1178.2055420657964,"avg_energy":173.9194356533535,"direct_avg_energy":168.30771559614595,"EE":856.08600439976919,"direct_EE":755.88476470407147,"model_sys_energy":5425.7287323388036,"direct_model_sys_energy":7162.3828036316036,"model_avg_energy":937.39723528588854,"direct_model_avg_energy":1059.4780409311456,"sum_rate":1.1722748938485233E+6,"direct_sum_rate":890587.61893743754,"direct_avg_rate_DUE":32465.855747191858,"DUE_power_limit":2,"Mslot":2,"method":"equal"}