{"NUM_UE":20,"NUM_RUE":5,"NUM_DUE":15,"MAX_LEN":1,"SEED":15,"sys_energy":2209.50135781821,"direct_energy":2399.3377698622648,"avg_energy":165.92551271871557,"direct_avg_energy":158.92284102606556,"EE":1892.0628788593897,"direct_EE":1718.8164205742662,"model_sys_energy":10537.248121974524,"direct_model_sys_energy":14417.474516230966,"model_avg_energy":889.55833775133192,"direct_model_avg_energy":993.86224001813457,"sum_rate":5.526878784025141E+6,"direct_sum_rate":4.1438269344215132E+6,"direct_avg_rate_DUE":18092.317582681753,"DUE_power_limit":2,"Mslot":2,"method":"equal"}