{"NUM_UE":8,"NUM_RUE":2,"NUM_DUE":6,"MAX_LEN":1,"SEED":10,"sys_energy":1181.0268928565483,"direct_energy":1376.1822759375016,"avg_energy":152.65657260710975,"direct_avg_energy":135.59962446952875,"EE":557.78237551571829,"direct_EE":431.23131695275157,"model_sys_energy":6341.1221474115509,"direct_model_sys_energy":8563.3385180585847,"model_avg_energy":770.34109346718924,"direct_model_avg_energy":804.66763115484468,"sum_rate":753267.50232903589,"direct_sum_rate":593452.89521956374,"direct_avg_rate_DUE":81048.361969859558,"DUE_power_limit":2,"Mslot":2,"method":"equal"}