{"NUM_UE":16,"NUM_RUE":4,"NUM_DUE":12,"MAX_LEN":1,"SEED":30,"sys_energy":2053.2944252418874,"direct_energy":2314.5160719012097,"avg_energy":147.48803570505379,"direct_avg_energy":141.43471145146262,"EE":1183.4911598410088,"direct_EE":1021.0277107578848,"model_sys_energy":10526.176680819326,"direct_model_sys_energy":14293.909786634393,"model_avg_energy":785.20600560577952,"direct_model_avg_energy":859.01640506604917,"sum_rate":2.949983692134907E+6,"direct_sum_rate":2.3722021633682619E+6,"direct_avg_rate_DUE":47636.221518935585,"DUE_power_limit":2,"Mslot":2,"method":"equal"}