{"NUM_UE":20,"NUM_RUE":5,"NUM_DUE":15,"MAX_LEN":1,"SEED":6,"sys_energy":3035.6496328538833,"direct_energy":3413.8931177377949,"avg_energy":220.67726952610482,"direct_avg_energy":206.57242568283579,"EE":1379.7055413301755,"direct_EE":1172.9286705787422,"model_sys_energy":15816.529896388745,"direct_model_sys_energy":21430.13087670094,"model_avg_energy":1174.0012554637244,"direct_model_avg_energy":1284.7623150558745,"sum_rate":5.1857343507389165E+6,"direct_sum_rate":4.0345809947008807E+6,"direct_avg_rate_DUE":92029.800026633558,"DUE_power_limit":2,"Mslot":2,"method":"equal"}