{"NUM_UE":20,"NUM_RUE":5,"NUM_DUE":15,"MAX_LEN":1,"SEED":33,"sys_energy":2713.0912543202166,"direct_energy":3173.6429776084778,"avg_energy":166.5186920592019,"direct_avg_energy":157.24804424501173,"EE":1391.7720151075362,"direct_EE":1135.2134768920971,"model_sys_energy":14052.074186644784,"direct_model_sys_energy":19950.114116872821,"model_avg_energy":826.320787684509,"direct_model_avg_energy":981.65553994416928,"sum_rate":4.7456382299929131E+6,"direct_sum_rate":3.6525618342960752E+6,"direct_avg_rate_DUE":132524.13971040881,"DUE_power_limit":2,"Mslot":2,"method":"equal"}