{"NUM_UE":8,"NUM_RUE":2,"NUM_DUE":6,"MAX_LEN":1,"SEED":31,"sys_energy":1005.2583130369392,"direct_energy":1088.9231417642841,"avg_energy":149.20883506266318,"direct_avg_energy":147.69163944312777,"EE":3612.1402510707685,"direct_EE":3222.2890264449306,"model_sys_energy":4776.906702736007,"direct_model_sys_energy":6472.4758972972531,"model_avg_energy":735.3515662661257,"direct_model_avg_energy":909.05344469387433,"sum_rate":4.5418773762879223E+6,"direct_sum_rate":3.50882509034899E+6,"direct_avg_rate_DUE":32484.123027642618,"DUE_power_limit":2,"Mslot":2,"method":"equal"}