{"NUM_UE":8,"NUM_RUE":2,"NUM_DUE":6,"MAX_LEN":1,"SEED":3,"sys_energy":1151.1118304365166,"direct_energy":1294.7700191246943,"avg_energy":153.02133541655155,"direct_avg_energy":147.33397769800598,"EE":3479.4117323764672,"direct_EE":2969.312731033298,"model_sys_energy":6032.5838767619189,"direct_model_sys_energy":8059.3751016547758,"model_avg_energy":828.60125559127164,"direct_model_avg_energy":906.24140057094974,"sum_rate":4.9842753393561244E+6,"direct_sum_rate":3.8445771015471811E+6,"direct_avg_rate_DUE":51842.068515322295,"DUE_power_limit":2,"Mslot":2,"method":"equal"}