{"NUM_UE":16,"NUM_RUE":4,"NUM_DUE":12,"MAX_LEN":1,"SEED":34,"sys_energy":2078.3734494260075,"direct_energy":2308.9187417294374,"avg_energy":162.08240574041741,"direct_avg_energy":157.58070482455045,"EE":1460.4655036309734,"direct_EE":1283.4021386229313,"model_sys_energy":10509.757800908208,"direct_model_sys_energy":14283.903162651035,"model_avg_energy":860.47282917112227,"direct_model_avg_energy":984.09241213377425,"sum_rate":3.7129253987900605E+6,"direct_sum_rate":2.9749088417141293E+6,"direct_avg_rate_DUE":92365.583049523353,"DUE_power_limit":2,"Mslot":2,"method":"equal"}