{"NUM_UE":12,"NUM_RUE":3,"NUM_DUE":9,"MAX_LEN":1,"SEED":27,"sys_energy":1555.71519401871,"direct_energy":1703.4638741348128,"avg_energy":183.6840178860989,"direct_avg_energy":180.13341242633621,"EE":4096.0454845203058,"direct_EE":3719.3276762691539,"model_sys_energy":7762.80903959829,"direct_model_sys_energy":10376.418545470407,"model_avg_energy":987.82495262186637,"direct_model_avg_energy":1135.9365334710872,"sum_rate":8.4504645952612925E+6,"direct_sum_rate":6.3416170642406289E+6,"direct_avg_rate_DUE":21974.860040206506,"DUE_power_limit":2,"Mslot":2,"method":"equal"}