{"NUM_UE":16,"NUM_RUE":4,"NUM_DUE":12,"MAX_LEN":1,"SEED":26,"sys_energy":2179.9464792453909,"direct_energy":2404.3405616064724,"avg_energy":198.087441845889,"direct_avg_energy":193.45400589575246,"EE":1339.7931549413111,"direct_EE":1164.2078253455531,"model_sys_energy":11040.818602923249,"direct_model_sys_energy":14821.168856565355,"model_avg_energy":1056.8055604054694,"direct_model_avg_energy":1214.8772934079886,"sum_rate":3.6979190713126771E+6,"direct_sum_rate":2.8115847953177942E+6,"direct_avg_rate_DUE":63350.694395028229,"DUE_power_limit":2,"Mslot":2,"method":"equal"}