{"NUM_UE":24,"NUM_RUE":6,"NUM_DUE":18,"MAX_LEN":1,"SEED":9,"sys_energy":2729.1173425885704,"direct_energy":2992.2259915446471,"avg_energy":189.57596112338706,"direct_avg_energy":185.39061536061297,"EE":2218.8730511862568,"direct_EE":1993.6164556856065,"model_sys_energy":13181.849782177793,"direct_model_sys_energy":18120.328997509463,"model_avg_energy":1029.7275420949225,"direct_model_avg_energy":1167.9325983292672,"sum_rate":7.9857881466855137E+6,"direct_sum_rate":5.9895947001191E+6,"direct_avg_rate_DUE":22095.706588351139,"DUE_power_limit":2,"Mslot":2,"method":"equal"}