{"NUM_UE":24,"NUM_RUE":6,"NUM_DUE":18,"MAX_LEN":1,"SEED":26,"sys_energy":3305.2124923496553,"direct_energy":3884.99691588909,"avg_energy":153.29320947137305,"direct_avg_energy":142.40402820139695,"EE":2707.5957027644877,"direct_EE":2159.7867435885842,"model_sys_energy":17227.221795123631,"direct_model_sys_energy":24264.122751168066,"model_avg_energy":765.88923230995613,"direct_model_avg_energy":866.87255870854426,"sum_rate":1.1382317427290363E+7,"direct_sum_rate":8.464940141652368E+6,"direct_avg_rate_DUE":170748.17762466834,"DUE_power_limit":2,"Mslot":2,"method":"equal"}