{"NUM_UE":24,"NUM_RUE":6,"NUM_DUE":18,"MAX_LEN":1,"SEED":18,"sys_energy":3001.0058143426618,"direct_energy":3268.7501085692252,"avg_energy":210.030841120485,"direct_avg_energy":204.86968772905303,"EE":2368.1671268427785,"direct_EE":2143.6294598931258,"model_sys_energy":14599.190269786015,"direct_model_sys_energy":19793.561744913721,"model_avg_energy":1110.3449246391353,"direct_model_avg_energy":1277.3861758621151,"sum_rate":9.2754431771521438E+6,"direct_sum_rate":7.0385106027337667E+6,"direct_avg_rate_DUE":45954.68393875644,"DUE_power_limit":2,"Mslot":2,"method":"equal"}