{"NUM_UE":12,"NUM_RUE":3,"NUM_DUE":9,"MAX_LEN":1,"SEED":8,"sys_energy":1933.1931504428874,"direct_energy":2227.3663418207084,"avg_energy":180.20654861141654,"direct_avg_energy":170.98275520599714,"EE":1387.7148066749121,"direct_EE":1138.2750924373458,"model_sys_energy":10226.032414637993,"direct_model_sys_energy":13954.252701923602,"model_avg_energy":956.69051453803388,"direct_model_avg_energy":1077.351929726311,"sum_rate":3.2669029008821179E+6,"direct_sum_rate":2.5427236422409317E+6,"direct_avg_rate_DUE":117962.00843981041,"DUE_power_limit":2,"Mslot":2,"method":"equal"}