{"NUM_UE":20,"NUM_RUE":5,"NUM_DUE":15,"MAX_LEN":1,"SEED":34,"sys_energy":2381.5295086162446,"direct_energy":2747.1062378509596,"avg_energy":159.4369015321094,"direct_avg_energy":150.17151098620189,"EE":2586.1652841349996,"direct_EE":2166.3686162311751,"model_sys_energy":12055.662476255597,"direct_model_sys_energy":17196.222985188124,"model_avg_energy":847.88255636978033,"direct_model_avg_energy":928.36932299325213,"sum_rate":7.899289880726587E+6,"direct_sum_rate":6.0774493050916018E+6,"direct_avg_rate_DUE":110056.5613799709,"DUE_power_limit":2,"Mslot":2,"method":"equal"}