{"NUM_UE":12,"NUM_RUE":3,"NUM_DUE":9,"MAX_LEN":1,"SEED":34,"sys_energy":1562.010513112863,"direct_energy":1743.9744949528879,"avg_energy":161.67783579578546,"direct_avg_energy":157.14885976570758,"EE":1794.3835988970879,"direct_EE":1579.6696388796227,"model_sys_energy":7947.18695739039,"direct_model_sys_energy":10765.589954025305,"model_avg_energy":863.54034317327535,"direct_model_avg_energy":980.92779220375826,"sum_rate":3.4174989817957976E+6,"direct_sum_rate":2.7671201319956561E+6,"direct_avg_rate_DUE":117299.55443408267,"DUE_power_limit":2,"Mslot":2,"method":"equal"}