{"NUM_UE":24,"NUM_RUE":6,"NUM_DUE":18,"MAX_LEN":1,"SEED":7,"sys_energy":3144.9932549786945,"direct_energy":3462.55701876278,"avg_energy":205.49341637631684,"direct_avg_energy":194.108323994167,"EE":1584.298411774178,"direct_EE":1359.1886250868358,"model_sys_energy":15752.058965867633,"direct_model_sys_energy":21510.403158795245,"model_avg_energy":1086.6942405158425,"direct_model_avg_energy":1218.5804869366098,"sum_rate":6.5043687328300783E+6,"direct_sum_rate":4.7514891364094708E+6,"direct_avg_rate_DUE":47377.196173392287,"DUE_power_limit":2,"Mslot":2,"method":"equal"}