{"NUM_UE":8,"NUM_RUE":2,"NUM_DUE":6,"MAX_LEN":1,"SEED":30,"sys_energy":1319.7806169302626,"direct_energy":1536.93574069115,"avg_energy":159.42871191769211,"direct_avg_energy":154.10288343324083,"EE":1801.7183994197435,"direct_EE":1512.7067735981045,"model_sys_energy":7049.1396626854857,"direct_model_sys_energy":9546.133077586057,"model_avg_energy":875.14552187215008,"direct_model_avg_energy":958.31348837648977,"sum_rate":2.8841314597736835E+6,"direct_sum_rate":2.3249331055285223E+6,"direct_avg_rate_DUE":60643.724106157635,"DUE_power_limit":2,"Mslot":2,"method":"equal"}