{"NUM_UE":20,"NUM_RUE":5,"NUM_DUE":15,"MAX_LEN":1,"SEED":2,"sys_energy":2799.4389250972376,"direct_energy":3121.3375953997556,"avg_energy":215.05268414918547,"direct_avg_energy":198.74978282590806,"EE":2841.0867995512153,"direct_EE":2439.0247917936931,"model_sys_energy":14283.772846251682,"direct_model_sys_energy":19567.8878471989,"model_avg_energy":1130.2608606595488,"direct_model_avg_energy":1244.418136784732,"sum_rate":1.0222702230773987E+7,"direct_sum_rate":7.6513138989154119E+6,"direct_avg_rate_DUE":107628.94150524332,"DUE_power_limit":2,"Mslot":2,"method":"equal"}