{"NUM_UE":16,"NUM_RUE":4,"NUM_DUE":12,"MAX_LEN":1,"SEED":6,"sys_energy":2013.6146546681118,"direct_energy":2170.7685932554782,"avg_energy":162.34776283300869,"direct_avg_energy":158.36249588876146,"EE":866.61373590656319,"direct_EE":792.03617186502561,"model_sys_energy":9904.1598383289984,"direct_model_sys_energy":13019.746298280112,"model_avg_energy":879.8195990893,"direct_model_avg_energy":983.90980635634355,"sum_rate":2.1762490755850058E+6,"direct_sum_rate":1.7203082152634989E+6,"direct_avg_rate_DUE":35710.625114053568,"DUE_power_limit":2,"Mslot":2,"method":"equal"}