{"NUM_UE":8,"NUM_RUE":2,"NUM_DUE":6,"MAX_LEN":1,"SEED":29,"sys_energy":1070.8614360091804,"direct_energy":1147.8986855837065,"avg_energy":168.67781040249326,"direct_avg_energy":161.76936921405465,"EE":3849.3635569008989,"direct_EE":3504.5875275245844,"model_sys_energy":5366.6212627623727,"direct_model_sys_energy":7008.3705024204264,"model_avg_energy":936.6986074542001,"direct_model_avg_energy":1002.7863975474439,"sum_rate":4.6227594930737019E+6,"direct_sum_rate":4.0258464427052448E+6,"direct_avg_rate_DUE":123411.19842133105,"DUE_power_limit":2,"Mslot":2,"method":"equal"}