{"NUM_UE":12,"NUM_RUE":3,"NUM_DUE":9,"MAX_LEN":1,"SEED":11,"sys_energy":1691.86152407984,"direct_energy":1999.9894585069642,"avg_energy":152.96044961726048,"direct_avg_energy":139.00883608890067,"EE":2060.5654737786531,"direct_EE":1667.2601425462485,"model_sys_energy":8843.8674275350513,"direct_model_sys_energy":12459.934899797692,"model_avg_energy":711.69635928981324,"direct_model_avg_energy":839.24066646754807,"sum_rate":4.2181156270505674E+6,"direct_sum_rate":3.3455482244912917E+6,"direct_avg_rate_DUE":147166.93569891277,"DUE_power_limit":2,"Mslot":2,"method":"equal"}