{"NUM_UE":24,"NUM_RUE":6,"NUM_DUE":18,"MAX_LEN":1,"SEED":30,"sys_energy":2792.4669176655411,"direct_energy":3130.6899870715556,"avg_energy":166.12684942058942,"direct_avg_energy":161.88750726086013,"EE":1544.2271561367372,"direct_EE":1335.7623100902094,"model_sys_energy":13689.339285414584,"direct_model_sys_energy":19090.515836886527,"model_avg_energy":862.10789687492377,"direct_model_avg_energy":1015.0946348697321,"sum_rate":5.4535682434125151E+6,"direct_sum_rate":4.2041443049282189E+6,"direct_avg_rate_DUE":26368.036409385226,"DUE_power_limit":2,"Mslot":2,"method":"equal"}