{"NUM_UE":8,"NUM_RUE":2,"NUM_DUE":6,"MAX_LEN":1,"SEED":15,"sys_energy":1076.5554903951888,"direct_energy":1199.4801816313011,"avg_energy":150.17936723942134,"direct_avg_energy":144.84244521754829,"EE":1723.7137587249458,"direct_EE":1513.0172601946301,"model_sys_energy":5490.6472440116577,"direct_model_sys_energy":7426.3945839573253,"model_avg_energy":787.90070891975984,"direct_model_avg_energy":873.34302734030882,"sum_rate":2.2944903959523276E+6,"direct_sum_rate":1.8214605434840426E+6,"direct_avg_rate_DUE":78127.382233382421,"DUE_power_limit":2,"Mslot":2,"method":"equal"}