{"NUM_UE":16,"NUM_RUE":4,"NUM_DUE":12,"MAX_LEN":1,"SEED":14,"sys_energy":2209.2009995722,"direct_energy":2442.3148277229684,"avg_energy":199.50067336050574,"direct_avg_energy":193.35153706387445,"EE":1072.080513467909,"direct_EE":943.43080438810466,"model_sys_energy":11314.847725021544,"direct_model_sys_energy":15116.330451497482,"model_avg_energy":1079.0452556851046,"direct_model_avg_energy":1214.2959653163543,"sum_rate":2.9364409641506369E+6,"direct_sum_rate":2.3096922865865361E+6,"direct_avg_rate_DUE":33360.704604324994,"DUE_power_limit":2,"Mslot":2,"method":"equal"}