{"NUM_UE":20,"NUM_RUE":5,"NUM_DUE":15,"MAX_LEN":1,"SEED":18,"sys_energy":2187.1199436579773,"direct_energy":2491.155389956974,"avg_energy":140.00329496691921,"direct_avg_energy":132.08315672367425,"EE":1338.2965554213276,"direct_EE":1125.048373408232,"model_sys_energy":10593.667908362999,"direct_model_sys_energy":15130.52591857791,"model_avg_energy":682.26559309386414,"direct_model_avg_energy":782.93769761615988,"sum_rate":4.6397281424838528E+6,"direct_sum_rate":2.8519675879651518E+6,"direct_avg_rate_DUE":75314.590634572029,"DUE_power_limit":2,"Mslot":2,"method":"equal"}