{"NUM_UE":20,"NUM_RUE":5,"NUM_DUE":15,"MAX_LEN":1,"SEED":30,"sys_energy":2682.0280172358171,"direct_energy":3024.3904244907071,"avg_energy":164.73966232892317,"direct_avg_energy":157.36621416696067,"EE":1150.8003274020996,"direct_EE":992.13665497453258,"model_sys_energy":13853.795122959908,"direct_model_sys_energy":18906.33043164523,"model_avg_energy":875.02263730081029,"direct_model_avg_energy":982.5218810857308,"sum_rate":3.9334264046806702E+6,"direct_sum_rate":3.012736710406635E+6,"direct_avg_rate_DUE":45334.464624470136,"DUE_power_limit":2,"Mslot":2,"method":"equal"}