{"NUM_UE":12,"NUM_RUE":3,"NUM_DUE":9,"MAX_LEN":1,"SEED":19,"sys_energy":1724.8408733352778,"direct_energy":1997.7625946593996,"avg_energy":167.36614546552451,"direct_avg_energy":156.92789011615815,"EE":827.262403801772,"direct_EE":669.6545060728223,"model_sys_energy":9154.0554079603789,"direct_model_sys_energy":12544.4276106873,"model_avg_energy":917.37005767495782,"direct_model_avg_energy":979.3045151855755,"sum_rate":1.6952619749703766E+6,"direct_sum_rate":1.3514757634319549E+6,"direct_avg_rate_DUE":70287.865268984722,"DUE_power_limit":2,"Mslot":2,"method":"equal"}