{"NUM_UE":12,"NUM_RUE":3,"NUM_DUE":9,"MAX_LEN":1,"SEED":30,"sys_energy":1680.1910729002257,"direct_energy":1907.8772355568199,"avg_energy":162.58643433380655,"direct_avg_energy":158.63778132876482,"EE":1795.3753957164765,"direct_EE":1545.3734063086902,"model_sys_energy":8728.5580206873055,"direct_model_sys_energy":11957.769285542838,"model_avg_energy":869.74634898145371,"direct_model_avg_energy":991.79547603115623,"sum_rate":3.89166036280734E+6,"direct_sum_rate":2.9542619376893393E+6,"direct_avg_rate_DUE":52368.600580427861,"DUE_power_limit":2,"Mslot":2,"method":"equal"}