{"NUM_UE":16,"NUM_RUE":4,"NUM_DUE":12,"MAX_LEN":1,"SEED":12,"sys_energy":1921.7797017396808,"direct_energy":2112.2433750202222,"avg_energy":145.44978177140945,"direct_avg_energy":143.13326125653742,"EE":1546.1971262534555,"direct_EE":1392.9811716121646,"model_sys_energy":9374.189886502294,"direct_model_sys_energy":12648.191698399534,"model_avg_energy":754.74334538873291,"direct_model_avg_energy":872.76105397182209,"sum_rate":3.8778958688869756E+6,"direct_sum_rate":2.9470803732358692E+6,"direct_avg_rate_DUE":25025.736379417522,"DUE_power_limit":2,"Mslot":2,"method":"equal"}