{"NUM_UE":12,"NUM_RUE":3,"NUM_DUE":9,"MAX_LEN":1,"SEED":20,"sys_energy":1794.3057802049857,"direct_energy":2103.9301904741787,"avg_energy":172.60100626807449,"direct_avg_energy":163.03671855341079,"EE":3369.9050201949149,"direct_EE":2712.3780587966116,"model_sys_energy":9419.2263330259048,"direct_model_sys_energy":13131.542085918551,"model_avg_energy":929.48807846006821,"direct_model_avg_energy":1013.7575432619502,"sum_rate":7.3358986491481978E+6,"direct_sum_rate":5.8064388995987205E+6,"direct_avg_rate_DUE":268397.81032350723,"DUE_power_limit":2,"Mslot":2,"method":"equal"}