{"NUM_UE":16,"NUM_RUE":4,"NUM_DUE":12,"MAX_LEN":1,"SEED":8,"sys_energy":2207.8304978503947,"direct_energy":2457.3845815179325,"avg_energy":178.28554451732649,"direct_avg_energy":170.39334208576059,"EE":1194.7153824205634,"direct_EE":1015.1703039237527,"model_sys_energy":11421.782846240218,"direct_model_sys_energy":15323.376267613517,"model_avg_energy":958.8918791027728,"direct_model_avg_energy":1073.443889473665,"sum_rate":3.3009995688083051E+6,"direct_sum_rate":2.5065076174827167E+6,"direct_avg_rate_DUE":69863.138266340713,"DUE_power_limit":2,"Mslot":2,"method":"equal"}