{"NUM_UE":24,"NUM_RUE":6,"NUM_DUE":18,"MAX_LEN":1,"SEED":16,"sys_energy":3426.3275858203979,"direct_energy":3966.0761039296235,"avg_energy":207.59297119999181,"direct_avg_energy":204.62790846183012,"EE":1899.3704813648283,"direct_EE":1579.2982763589607,"model_sys_energy":17690.635841013733,"direct_model_sys_energy":24906.423742890351,"model_avg_energy":1084.7800048632503,"direct_model_avg_energy":1276.1063804171786,"sum_rate":8.5844179353853073E+6,"direct_sum_rate":6.3201361296123536E+6,"direct_avg_rate_DUE":41585.125339616563,"DUE_power_limit":2,"Mslot":2,"method":"equal"}