{"NUM_UE":24,"NUM_RUE":6,"NUM_DUE":18,"MAX_LEN":1,"SEED":19,"sys_energy":2633.4597318930118,"direct_energy":3084.1209815661159,"avg_energy":148.72146511521262,"direct_avg_energy":130.4337925222377,"EE":1686.8292949440972,"direct_EE":1312.2270065177768,"model_sys_energy":13059.672939079115,"direct_model_sys_energy":19257.03358474718,"model_avg_energy":738.746865511194,"direct_model_avg_energy":793.79799015165679,"sum_rate":6.6391827865513219E+6,"direct_sum_rate":4.2720758676966205E+6,"direct_avg_rate_DUE":76401.662898014634,"DUE_power_limit":2,"Mslot":2,"method":"equal"}