{"NUM_UE":24,"NUM_RUE":6,"NUM_DUE":18,"MAX_LEN":1,"SEED":6,"sys_energy":2727.0490986127625,"direct_energy":3074.2236272574282,"avg_energy":163.69211568041337,"direct_avg_energy":151.90808038246726,"EE":1072.1673920786354,"direct_EE":872.29172698911691,"model_sys_energy":13389.07002607779,"direct_model_sys_energy":18916.353071685651,"model_avg_energy":826.70297286390758,"direct_model_avg_energy":939.63307219943806,"sum_rate":4.2957885598587552E+6,"direct_sum_rate":2.7324051920019034E+6,"direct_avg_rate_DUE":53433.360105075357,"DUE_power_limit":2,"Mslot":2,"method":"equal"}