{"NUM_UE":8,"NUM_RUE":2,"NUM_DUE":6,"MAX_LEN":1,"SEED":5,"sys_energy":1176.1423435725681,"direct_energy":1332.047771623907,"avg_energy":167.48666481168928,"direct_avg_energy":162.14017230851061,"EE":2549.226506598799,"direct_EE":2209.9515761119924,"model_sys_energy":6208.8327002949864,"direct_model_sys_energy":8349.5583438634567,"model_avg_energy":900.40355859147633,"direct_model_avg_energy":1016.8822301332311,"sum_rate":3.6890380721113724E+6,"direct_sum_rate":2.9437610723567205E+6,"direct_avg_rate_DUE":163398.4832836102,"DUE_power_limit":2,"Mslot":2,"method":"equal"}