{"NUM_UE":20,"NUM_RUE":5,"NUM_DUE":15,"MAX_LEN":1,"SEED":4,"sys_energy":2332.8529144602144,"direct_energy":2664.5371170925018,"avg_energy":185.79830148191331,"direct_avg_energy":195.65853553993958,"EE":4228.3640114017335,"direct_EE":3507.843621341302,"model_sys_energy":11476.455766632982,"direct_model_sys_energy":16186.957668029301,"model_avg_energy":989.64803722612692,"direct_model_avg_energy":1227.2933247758158,"sum_rate":1.3078515240547465E+7,"direct_sum_rate":9.3893179856298752E+6,"direct_avg_rate_DUE":101129.10913439706,"DUE_power_limit":2,"Mslot":2,"method":"equal"}