{"NUM_UE":12,"NUM_RUE":3,"NUM_DUE":9,"MAX_LEN":1,"SEED":3,"sys_energy":1856.789237475386,"direct_energy":2159.6879517010229,"avg_energy":164.63330159962575,"direct_avg_energy":171.14473752081287,"EE":2597.5967909426213,"direct_EE":2153.3132853090906,"model_sys_energy":9823.5265807337073,"direct_model_sys_energy":13588.682811188135,"model_avg_energy":869.99019151587129,"direct_model_avg_energy":1078.4229746992696,"sum_rate":6.2235191742645418E+6,"direct_sum_rate":4.65048475851979E+6,"direct_avg_rate_DUE":84833.591902556,"DUE_power_limit":2,"Mslot":2,"method":"equal"}