{"NUM_UE":16,"NUM_RUE":4,"NUM_DUE":12,"MAX_LEN":1,"SEED":23,"sys_energy":2078.0473680605432,"direct_energy":2351.3038966968952,"avg_energy":165.83789470908178,"direct_avg_energy":158.60552069980153,"EE":1031.5815815691324,"direct_EE":876.75987354899792,"model_sys_energy":10714.184161387322,"direct_model_sys_energy":14676.527198539525,"model_avg_energy":899.88586921837214,"direct_model_avg_energy":991.56129667100709,"sum_rate":2.7367006228305274E+6,"direct_sum_rate":2.0978120912309969E+6,"direct_avg_rate_DUE":41128.166339949705,"DUE_power_limit":2,"Mslot":2,"method":"equal"}