{"NUM_UE":20,"NUM_RUE":5,"NUM_DUE":15,"MAX_LEN":1,"SEED":12,"sys_energy":2519.6552958878515,"direct_energy":2859.7525387550972,"avg_energy":175.17607951885174,"direct_avg_energy":174.30910496047537,"EE":1594.2006197098972,"direct_EE":1359.5423308793561,"model_sys_energy":12831.530296012945,"direct_model_sys_energy":17814.85415758417,"model_avg_energy":951.52686930336256,"direct_model_avg_energy":1099.0941799025404,"sum_rate":5.1709106683646282E+6,"direct_sum_rate":3.9131736274344432E+6,"direct_avg_rate_DUE":40199.097554527463,"DUE_power_limit":2,"Mslot":2,"method":"equal"}