{"NUM_UE":20,"NUM_RUE":5,"NUM_DUE":15,"MAX_LEN":1,"SEED":27,"sys_energy":2450.84032522554,"direct_energy":2784.2803142371872,"avg_energy":182.22778829852385,"direct_avg_energy":178.2726807998086,"EE":1801.2107249058743,"direct_EE":1546.1015594487822,"model_sys_energy":12373.353629669284,"direct_model_sys_energy":17322.654021611535,"model_avg_energy":976.07655581679069,"direct_model_avg_energy":1124.3307368746075,"sum_rate":5.8687750580217084E+6,"direct_sum_rate":4.3535185718270652E+6,"direct_avg_rate_DUE":28795.476664983125,"DUE_power_limit":2,"Mslot":2,"method":"equal"}