{"NUM_UE":20,"NUM_RUE":5,"NUM_DUE":15,"MAX_LEN":1,"SEED":9,"sys_energy":2428.9159474450007,"direct_energy":2882.1941576631421,"avg_energy":140.74763322120086,"direct_avg_energy":124.82151552967926,"EE":1731.8235989110087,"direct_EE":1380.6627996679601,"model_sys_energy":12206.532281663509,"direct_model_sys_energy":17919.585006437752,"model_avg_energy":605.68147449458775,"direct_model_avg_energy":738.59090241946865,"sum_rate":7.4948186897180378E+6,"direct_sum_rate":4.0403885715713352E+6,"direct_avg_rate_DUE":71279.891126895542,"DUE_power_limit":2,"Mslot":2,"method":"equal"}