{"NUM_UE":20,"NUM_RUE":5,"NUM_DUE":15,"MAX_LEN":1,"SEED":3,"sys_energy":2490.207176408413,"direct_energy":2895.593771431782,"avg_energy":160.90868607121135,"direct_avg_energy":168.3498631620476,"EE":3771.16071144065,"direct_EE":3156.3856734245137,"model_sys_energy":12574.595183946767,"direct_model_sys_energy":18010.530676857397,"model_avg_energy":822.29028988115442,"direct_model_avg_energy":1059.7624135250899,"sum_rate":1.3659057294479705E+7,"direct_sum_rate":9.15477277430008E+6,"direct_avg_rate_DUE":68492.861594102389,"DUE_power_limit":2,"Mslot":2,"method":"equal"}