{"NUM_UE":12,"NUM_RUE":3,"NUM_DUE":9,"MAX_LEN":1,"SEED":26,"sys_energy":1788.7752930452973,"direct_energy":1992.4205860944505,"avg_energy":197.87993711250587,"direct_avg_energy":192.7193148783939,"EE":800.51608279390825,"direct_EE":693.68985178670994,"model_sys_energy":9366.5527253318232,"direct_model_sys_energy":12424.243683971572,"model_avg_energy":1072.2349573225026,"direct_model_avg_energy":1210.7008343061416,"sum_rate":1.7294675352461422E+6,"direct_sum_rate":1.382121941064649E+6,"direct_avg_rate_DUE":42890.274750753037,"DUE_power_limit":2,"Mslot":2,"method":"equal"}