{"NUM_UE":24,"NUM_RUE":6,"NUM_DUE":18,"MAX_LEN":1,"SEED":31,"sys_energy":3040.2275411831124,"direct_energy":3572.1466108945656,"avg_energy":146.30983995381328,"direct_avg_energy":124.00089291451881,"EE":1489.0583722022918,"direct_EE":1144.8840568891178,"model_sys_energy":15558.783427888509,"direct_model_sys_energy":22246.333471425423,"model_avg_energy":704.98249683522226,"direct_model_avg_energy":739.07116780456806,"sum_rate":6.0072967164717624E+6,"direct_sum_rate":4.218837980308448E+6,"direct_avg_rate_DUE":91258.230385329283,"DUE_power_limit":2,"Mslot":2,"method":"equal"}