{"NUM_UE":20,"NUM_RUE":5,"connected":5,"NUM_DUE":15,"MAX_LEN":1,"SEED":15,"sys_energy":1820.4861729810941,"direct_energy":2399.3507347038344,"avg_energy":130.94571199260633,"direct_avg_energy":158.92287249958881,"EE":2298.0572759169427,"direct_EE":1718.8095420037189,"model_sys_energy":10325.2372597513,"direct_model_sys_energy":14417.574824794872,"model_avg_energy":772.196810323436,"direct_model_avg_energy":993.86246796435557,"sum_rate":5.7629947250649165E+6,"direct_sum_rate":4.1438345587137206E+6,"direct_avg_rate_DUE":18092.801987933508,"DUE_power_limit":2,"Mslot":2,"method":"proposed-1","time":1450.007092}