{"NUM_UE":24,"NUM_RUE":6,"connected":6,"NUM_DUE":18,"MAX_LEN":1,"SEED":7,"sys_energy":2636.1489424777665,"direct_energy":3387.3075776915193,"avg_energy":157.09104572695387,"direct_avg_energy":194.10831996333027,"EE":1819.8956294848997,"direct_EE":1383.802587123598,"model_sys_energy":15308.638949986896,"direct_model_sys_energy":21044.955734517185,"model_avg_energy":895.5506170115641,"direct_model_avg_energy":1218.5804641708191,"sum_rate":8.0379733267968306E+6,"direct_sum_rate":4.7520771269099908E+6,"direct_avg_rate_DUE":47409.866557920133,"DUE_power_limit":2,"Mslot":2,"method":"proposed-1","time":3280.311254}