{"NUM_UE":16,"NUM_RUE":4,"connected":4,"NUM_DUE":12,"MAX_LEN":1,"SEED":4,"sys_energy":1787.1693491572278,"direct_energy":2456.5035224930289,"avg_energy":110.19628694033769,"direct_avg_energy":141.56029137931046,"EE":3944.9647101513697,"direct_EE":2750.68882338778,"model_sys_energy":10846.9481791017,"direct_model_sys_energy":15329.301704553704,"model_avg_energy":660.97969712247232,"direct_model_avg_energy":853.37330080908168,"sum_rate":1.1437572834091835E+7,"direct_sum_rate":6.8328252712424733E+6,"direct_avg_rate_DUE":297661.25919396483,"DUE_power_limit":2,"Mslot":2,"method":"proposed-1","time":1509.352225}