{"NUM_UE":24,"NUM_RUE":6,"connected":3,"NUM_DUE":18,"MAX_LEN":2,"SEED":31,"sys_energy":2597.6791846628889,"direct_energy":3572.1457206378136,"avg_energy":109.54058402638093,"direct_avg_energy":124.00088837804778,"EE":1694.3828993963084,"direct_EE":1144.8841525624732,"model_sys_energy":15645.8963912164,"direct_model_sys_energy":22246.328090475123,"model_avg_energy":633.54276871099319,"direct_model_avg_energy":739.0711308645017,"sum_rate":8.274792555540978E+6,"direct_sum_rate":4.2188371727747088E+6,"direct_avg_rate_DUE":91258.1970569754,"DUE_power_limit":2,"Mslot":2,"method":"proposed-2","time":19843.726708}