{"NUM_UE":20,"NUM_RUE":5,"connected":3,"NUM_DUE":15,"MAX_LEN":2,"SEED":27,"sys_energy":2026.9464051737039,"direct_energy":2784.278841087249,"avg_energy":161.62505025495562,"direct_avg_energy":178.27267547527325,"EE":2172.7484201445923,"direct_EE":1546.1021767788434,"model_sys_energy":11913.199076551444,"direct_model_sys_energy":17322.642757120408,"model_avg_energy":955.77879903481221,"direct_model_avg_energy":1124.3307034472155,"sum_rate":5.6586684637390766E+6,"direct_sum_rate":4.3535179188044118E+6,"direct_avg_rate_DUE":28795.439591207247,"DUE_power_limit":2,"Mslot":2,"method":"proposed-2","time":7094.51808}