{"NUM_UE":8,"NUM_RUE":2,"connected":1,"NUM_DUE":6,"MAX_LEN":1,"SEED":32,"sys_energy":1222.2147085820645,"direct_energy":1435.4806913481275,"avg_energy":128.10809042139246,"direct_avg_energy":147.31237344579694,"EE":649.50686375611633,"direct_EE":531.7075778619793,"model_sys_energy":7568.7618234904221,"direct_model_sys_energy":8951.5182761201613,"model_avg_energy":796.15458922108314,"direct_model_avg_energy":906.07133552053278,"sum_rate":1.2155196047768502E+6,"direct_sum_rate":763255.96146435244,"direct_avg_rate_DUE":50645.374919874535,"DUE_power_limit":2,"Mslot":2,"method":"proposed-1","time":374.781945}