{"NUM_UE":24,"NUM_RUE":6,"connected":5,"NUM_DUE":18,"MAX_LEN":1,"SEED":13,"sys_energy":2803.5538901808332,"direct_energy":3529.0851146304703,"avg_energy":163.89892095737051,"direct_avg_energy":185.65456679762875,"EE":1888.3418995231382,"direct_EE":1466.2411264256125,"model_sys_energy":16716.08081956637,"direct_model_sys_energy":21966.582768528449,"model_avg_energy":970.944949076863,"direct_model_avg_energy":1169.5091237385088,"sum_rate":7.8306717919566557E+6,"direct_sum_rate":5.2273599515681081E+6,"direct_avg_rate_DUE":86889.529160998733,"DUE_power_limit":2,"Mslot":2,"method":"proposed-1","time":2097.585478}