{"NUM_UE":16,"NUM_RUE":4,"connected":3,"NUM_DUE":12,"MAX_LEN":1,"SEED":31,"sys_energy":1998.625999210278,"direct_energy":2475.0345447123022,"avg_energy":159.16279118390827,"direct_avg_energy":173.87335132491711,"EE":2808.0819011655258,"direct_EE":2234.464850125898,"model_sys_energy":12174.661319078257,"direct_model_sys_energy":15487.8437062173,"model_avg_energy":981.7702848429501,"direct_model_avg_energy":1096.275735248631,"sum_rate":6.9363591441014176E+6,"direct_sum_rate":5.5494486081603309E+6,"direct_avg_rate_DUE":72707.033290944863,"DUE_power_limit":2,"Mslot":2,"method":"proposed-1","time":2473.567621}