{"NUM_UE":12,"NUM_RUE":3,"connected":2,"NUM_DUE":9,"MAX_LEN":2,"SEED":6,"sys_energy":1258.8990291012208,"direct_energy":1626.6456113271497,"avg_energy":154.27907055203329,"direct_avg_energy":169.60880050192543,"EE":1577.6664049706176,"direct_EE":1198.5688331661024,"model_sys_energy":7313.780402624564,"direct_model_sys_energy":9780.3399581930935,"model_avg_energy":931.411366003403,"direct_model_avg_energy":1061.0966423571952,"sum_rate":2.3488672172971466E+6,"direct_sum_rate":1.9523319373911975E+6,"direct_avg_rate_DUE":47030.3396301052,"DUE_power_limit":2,"Mslot":2,"method":"proposed-2","time":1502.029631}