{"NUM_UE":16,"NUM_RUE":4,"connected":2,"NUM_DUE":12,"MAX_LEN":2,"SEED":30,"sys_energy":1764.0131792541115,"direct_energy":2314.5153829666147,"avg_energy":125.37999236341366,"direct_avg_energy":141.43471082637419,"EE":1398.0926776633171,"direct_EE":1021.0278888731746,"model_sys_energy":10488.166013550552,"direct_model_sys_energy":14293.904644270822,"model_avg_energy":729.50366329795111,"direct_model_avg_energy":859.01639998996177,"sum_rate":4.3004577854296314E+6,"direct_sum_rate":2.372201847069886E+6,"direct_avg_rate_DUE":47636.197064503292,"DUE_power_limit":2,"Mslot":2,"method":"proposed-2","time":9496.469873}