{"NUM_UE":8,"NUM_RUE":2,"connected":2,"NUM_DUE":6,"MAX_LEN":1,"SEED":22,"sys_energy":774.95127044673131,"direct_energy":1123.9593986264954,"avg_energy":79.181583448203838,"direct_avg_energy":130.91870870217096,"EE":6882.1700622666795,"direct_EE":4703.2547024948981,"model_sys_energy":4319.8263385790187,"direct_model_sys_energy":6771.2719365719577,"model_avg_energy":388.968048719625,"direct_model_avg_energy":773.76316630251131,"sum_rate":1.4179833515526641E+7,"direct_sum_rate":5.2862673270034017E+6,"direct_avg_rate_DUE":182699.52825822061,"DUE_power_limit":2,"Mslot":2,"method":"proposed-1","time":1150.583436}