{"NUM_UE":16,"NUM_RUE":4,"connected":4,"NUM_DUE":12,"MAX_LEN":1,"SEED":19,"sys_energy":1690.4501510426153,"direct_energy":2443.6128147789591,"avg_energy":95.796172862439249,"direct_avg_energy":136.9785279612463,"EE":906.730728120588,"direct_EE":595.63309491850873,"model_sys_energy":10063.957372206118,"direct_model_sys_energy":15174.40363363361,"model_avg_energy":545.93295346846389,"direct_model_avg_energy":822.62309902502068,"sum_rate":2.9731683718778957E+6,"direct_sum_rate":1.4609918644668544E+6,"direct_avg_rate_DUE":45217.212473588144,"DUE_power_limit":2,"Mslot":2,"method":"proposed-1","time":1512.736717}