{"NUM_UE":24,"NUM_RUE":6,"connected":6,"NUM_DUE":18,"MAX_LEN":1,"SEED":6,"sys_energy":2285.9646807556041,"direct_energy":3074.2236214029754,"avg_energy":121.8864456951507,"direct_avg_energy":151.90808033910869,"EE":1239.9278805007289,"direct_EE":872.29172763513111,"model_sys_energy":13197.565604480631,"direct_model_sys_energy":18916.353025449665,"model_avg_energy":711.10523110775887,"direct_model_avg_energy":939.63307186789416,"sum_rate":4.9475230568575282E+6,"direct_sum_rate":2.7324051881922353E+6,"direct_avg_rate_DUE":53433.359935831948,"DUE_power_limit":2,"Mslot":2,"method":"proposed-1","time":3064.868653}