{"NUM_UE":24,"NUM_RUE":6,"connected":4,"NUM_DUE":18,"MAX_LEN":2,"SEED":3,"sys_energy":2266.539721363627,"direct_energy":3124.6227050881002,"avg_energy":155.35626120825461,"direct_avg_energy":177.13205959133302,"EE":5341.0732415000793,"direct_EE":3785.6698302327768,"model_sys_energy":13229.618830577876,"direct_model_sys_energy":19291.625964858504,"model_avg_energy":952.107436564013,"direct_model_avg_energy":1117.1410359142878,"sum_rate":1.7405571158990957E+7,"direct_sum_rate":1.1904068033584168E+7,"direct_avg_rate_DUE":60413.39566551154,"DUE_power_limit":2,"Mslot":2,"method":"proposed-2","time":23974.97372}