{"NUM_UE":20,"NUM_RUE":5,"connected":4,"NUM_DUE":15,"MAX_LEN":1,"SEED":28,"sys_energy":2105.4843855451072,"direct_energy":2579.7560265113539,"avg_energy":155.67407121575539,"direct_avg_energy":168.71187541071387,"EE":2070.4171198828117,"direct_EE":1674.3735248754854,"model_sys_energy":12247.595929531011,"direct_model_sys_energy":15549.862528582047,"model_avg_energy":961.28705121071675,"direct_model_avg_energy":1062.2012717032276,"sum_rate":4.6992208528714813E+6,"direct_sum_rate":4.3291923429319793E+6,"direct_avg_rate_DUE":25548.315473307375,"DUE_power_limit":2,"Mslot":2,"method":"proposed-1","time":1747.840804}