{"NUM_UE":12,"NUM_RUE":3,"connected":1,"NUM_DUE":9,"MAX_LEN":2,"SEED":31,"sys_energy":1462.57472935464,"direct_energy":1782.6565817284713,"avg_energy":126.18640814413517,"direct_avg_energy":141.40299163227056,"EE":2333.1862512477624,"direct_EE":1877.7070759817345,"model_sys_energy":8805.6820576554164,"direct_model_sys_energy":10947.224988910471,"model_avg_energy":748.44725467300486,"direct_model_avg_energy":858.75880590284612,"sum_rate":5.2258101653602021E+6,"direct_sum_rate":3.347306877556962E+6,"direct_avg_rate_DUE":66384.021993917588,"DUE_power_limit":2,"Mslot":2,"method":"proposed-2","time":4708.343509}