{"NUM_UE":12,"NUM_RUE":3,"connected":1,"NUM_DUE":9,"MAX_LEN":2,"SEED":15,"sys_energy":1539.0355427160514,"direct_energy":1908.4896943495523,"avg_energy":130.94618519478718,"direct_avg_energy":151.75729648273941,"EE":2453.6678785956533,"direct_EE":1954.7189818334903,"model_sys_energy":9491.6367329872573,"direct_model_sys_energy":11912.684054910451,"model_avg_energy":805.81829828139723,"direct_model_avg_energy":932.23772728279312,"sum_rate":5.7376200633511739E+6,"direct_sum_rate":3.7336482856422965E+6,"direct_avg_rate_DUE":63932.190523764235,"DUE_power_limit":2,"Mslot":2,"method":"proposed-2","time":1213.697674}