{"NUM_UE":24,"NUM_RUE":6,"connected":6,"NUM_DUE":18,"MAX_LEN":1,"SEED":3,"sys_energy":2364.877041066301,"direct_energy":3124.6227050881002,"avg_energy":143.8613550901928,"direct_avg_energy":177.13205959133302,"EE":5099.5329791053746,"direct_EE":3785.6698302327768,"model_sys_energy":13695.635853428774,"direct_model_sys_energy":19291.625964858504,"model_avg_energy":850.48332654601154,"direct_model_avg_energy":1117.1410359142878,"sum_rate":1.7230271332316082E+7,"direct_sum_rate":1.1904068033584168E+7,"direct_avg_rate_DUE":60413.39566551154,"DUE_power_limit":2,"Mslot":2,"method":"proposed-1","time":2485.92171}