{"NUM_UE":12,"NUM_RUE":3,"connected":2,"NUM_DUE":9,"MAX_LEN":1,"SEED":27,"sys_energy":1442.97481847639,"direct_energy":1703.4640251786043,"avg_energy":164.36098525154665,"direct_avg_energy":180.13341284556159,"EE":4406.6864112428939,"direct_EE":3719.3274143323561,"model_sys_energy":8519.239137967963,"direct_model_sys_energy":10376.419778883839,"model_avg_energy":984.5113464927532,"direct_model_avg_energy":1135.9365360689389,"sum_rate":6.8889798051024666E+6,"direct_sum_rate":6.34161718248606E+6,"direct_avg_rate_DUE":21974.871669874683,"DUE_power_limit":2,"Mslot":2,"method":"proposed-1","time":978.003112}