{"NUM_UE":12,"NUM_RUE":3,"connected":3,"NUM_DUE":9,"MAX_LEN":2,"SEED":14,"sys_energy":933.241755856777,"direct_energy":1696.730459291867,"avg_energy":95.241155334967189,"direct_avg_energy":134.98871396195062,"EE":872.61021279723582,"direct_EE":442.07585982383137,"model_sys_energy":5236.0718816883973,"direct_model_sys_energy":10453.217294464512,"model_avg_energy":567.10375720300772,"direct_model_avg_energy":806.36585034391589,"sum_rate":1.7329296744940032E+6,"direct_sum_rate":762025.034814173,"direct_avg_rate_DUE":25191.433895030539,"DUE_power_limit":2,"Mslot":2,"method":"proposed-2","time":4049.72644}