{"NUM_UE":24,"NUM_RUE":6,"connected":3,"NUM_DUE":18,"MAX_LEN":2,"SEED":8,"sys_energy":2452.77634268651,"direct_energy":3188.622601136854,"avg_energy":123.34847371630882,"direct_avg_energy":138.05235404455928,"EE":1636.5057965497747,"direct_EE":1186.9818494975862,"model_sys_energy":14682.955401838924,"direct_model_sys_energy":19776.107782087474,"model_avg_energy":726.62732572591233,"direct_model_avg_energy":831.41456751406906,"sum_rate":6.2018022740602689E+6,"direct_sum_rate":3.8845435629333286E+6,"direct_avg_rate_DUE":63123.847121406929,"DUE_power_limit":2,"Mslot":2,"method":"proposed-2","time":19013.241962}