{"NUM_UE":24,"NUM_RUE":6,"connected":5,"NUM_DUE":18,"MAX_LEN":2,"SEED":7,"sys_energy":2395.89767302237,"direct_energy":3387.3075776915193,"avg_energy":156.2525370324249,"direct_avg_energy":194.10831996333027,"EE":2041.9056083112071,"direct_EE":1383.802587123598,"model_sys_energy":13826.364243194734,"direct_model_sys_energy":21044.955734517185,"model_avg_energy":909.8145827859189,"direct_model_avg_energy":1218.5804641708191,"sum_rate":8.9056820971182324E+6,"direct_sum_rate":4.7520771269099908E+6,"direct_avg_rate_DUE":47409.866557920133,"DUE_power_limit":2,"Mslot":2,"method":"proposed-2","time":15981.630892}