{"NUM_UE":12,"NUM_RUE":3,"connected":2,"NUM_DUE":9,"MAX_LEN":1,"SEED":35,"sys_energy":1398.5786726252647,"direct_energy":1678.9655141075518,"avg_energy":161.42514613494166,"direct_avg_energy":175.9667028878564,"EE":6050.5539125259047,"direct_EE":5032.5252499727958,"model_sys_energy":8153.8898754639558,"direct_model_sys_energy":10109.928553111888,"model_avg_energy":958.49292128854756,"direct_model_avg_energy":1102.9951721791317,"sum_rate":8.7142605903805438E+6,"direct_sum_rate":8.4514095863012336E+6,"direct_avg_rate_DUE":44598.17152079619,"DUE_power_limit":2,"Mslot":2,"method":"proposed-1","time":553.503791}