{"NUM_UE":24,"NUM_RUE":6,"connected":2,"NUM_DUE":18,"MAX_LEN":2,"SEED":32,"sys_energy":2303.3999839746107,"direct_energy":2728.7838678588678,"avg_energy":111.35902347624169,"direct_avg_energy":131.21381284790792,"EE":1345.0453649628832,"direct_EE":1121.533761257509,"model_sys_energy":13275.426367543287,"direct_model_sys_energy":16119.625963004217,"model_avg_energy":643.09361125100907,"direct_model_avg_energy":771.836738225442,"sum_rate":3.6775839312082357E+6,"direct_sum_rate":3.0937524180317796E+6,"direct_avg_rate_DUE":46292.899947413971,"DUE_power_limit":2,"Mslot":2,"method":"proposed-2","time":17847.141134}