{"NUM_UE":12,"NUM_RUE":3,"connected":2,"NUM_DUE":9,"MAX_LEN":1,"SEED":13,"sys_energy":1558.2231975057939,"direct_energy":1864.5196273370004,"avg_energy":126.84512142247156,"direct_avg_energy":142.87462841415052,"EE":1255.9437606580614,"direct_EE":1013.5835769269447,"model_sys_energy":9516.0612909068441,"direct_model_sys_energy":11602.27446514745,"model_avg_energy":757.95510490028164,"direct_model_avg_energy":870.67489105735547,"sum_rate":2.9716822830770444E+6,"direct_sum_rate":1.8959935720529668E+6,"direct_avg_rate_DUE":90669.852931108268,"DUE_power_limit":2,"Mslot":2,"method":"proposed-1","time":1372.988508}