{"NUM_UE":8,"NUM_RUE":2,"connected":2,"NUM_DUE":6,"MAX_LEN":1,"SEED":24,"sys_energy":909.34730990586684,"direct_energy":1254.3186773322973,"avg_energy":107.73893095122682,"direct_avg_energy":136.74543014348086,"EE":687.198435189054,"direct_EE":458.08886382904251,"model_sys_energy":5235.8494738017826,"direct_model_sys_energy":7732.6910721712957,"model_avg_energy":554.71188962462884,"direct_model_avg_energy":807.32232542668794,"sum_rate":1.1960409586817611E+6,"direct_sum_rate":574589.41777869943,"direct_avg_rate_DUE":60064.509478974964,"DUE_power_limit":2,"Mslot":2,"method":"proposed-1","time":687.763265}