{"NUM_UE":24,"NUM_RUE":6,"connected":4,"NUM_DUE":18,"MAX_LEN":2,"SEED":15,"sys_energy":2248.6615244725872,"direct_energy":3090.7791120830143,"avg_energy":136.42457260276527,"direct_avg_energy":147.11516411927303,"EE":1757.9038954824271,"direct_EE":1206.8326862308677,"model_sys_energy":13343.427710816253,"direct_model_sys_energy":19104.016581332173,"model_avg_energy":819.08260334958379,"direct_model_avg_energy":902.371936790836,"sum_rate":5.7509149081043182E+6,"direct_sum_rate":3.7884405501281754E+6,"direct_avg_rate_DUE":35933.338509833586,"DUE_power_limit":2,"Mslot":2,"method":"proposed-2","time":7246.533756}