{"NUM_UE":24,"NUM_RUE":6,"connected":2,"NUM_DUE":18,"MAX_LEN":2,"SEED":9,"sys_energy":2563.5908156213836,"direct_energy":2992.2260378380506,"avg_energy":170.75654658531832,"direct_avg_energy":185.39061562826257,"EE":2387.36148186547,"direct_EE":1993.6164328531177,"model_sys_energy":15197.647692247718,"direct_model_sys_energy":18120.329360152842,"model_avg_energy":1056.4371488047739,"direct_model_avg_energy":1167.9325999292969,"sum_rate":7.4526748981345063E+6,"direct_sum_rate":5.9895947320422921E+6,"direct_avg_rate_DUE":22095.708163451782,"DUE_power_limit":2,"Mslot":2,"method":"proposed-2","time":15263.188781}