{"NUM_UE":24,"NUM_RUE":6,"connected":4,"NUM_DUE":18,"MAX_LEN":1,"SEED":23,"sys_energy":3453.9187428215537,"direct_energy":4118.2019037154841,"avg_energy":155.65097305976985,"direct_avg_energy":180.09120115090514,"EE":893.95713104939523,"direct_EE":716.66957247804078,"model_sys_energy":21039.2869270995,"direct_model_sys_energy":25843.308868348391,"model_avg_energy":927.52932919401474,"direct_model_avg_energy":1135.6749206536938,"sum_rate":5.4444747939991094E+6,"direct_sum_rate":3.0285142848982E+6,"direct_avg_rate_DUE":57918.780846173162,"DUE_power_limit":2,"Mslot":2,"method":"proposed-1","time":1536.990546}