{"NUM_UE":12,"NUM_RUE":3,"connected":2,"NUM_DUE":9,"MAX_LEN":2,"SEED":8,"sys_energy":1699.072469266217,"direct_energy":2227.3670766375735,"avg_energy":155.12827118655477,"direct_avg_energy":170.98276026905668,"EE":1547.6070742887487,"direct_EE":1138.274832578523,"model_sys_energy":10110.862040245642,"direct_model_sys_energy":13954.256839319019,"model_avg_energy":887.531319222835,"direct_model_avg_energy":1077.3519632237274,"sum_rate":3.8762737221050593E+6,"direct_sum_rate":2.5427239077631468E+6,"direct_avg_rate_DUE":117962.03336707666,"DUE_power_limit":2,"Mslot":2,"method":"proposed-2","time":1326.706786}