{"NUM_UE":20,"NUM_RUE":5,"connected":3,"NUM_DUE":15,"MAX_LEN":1,"SEED":32,"sys_energy":2192.4688935201434,"direct_energy":2622.9351833766386,"avg_energy":135.81587692673074,"direct_avg_energy":158.2024124055244,"EE":1265.3884216216047,"direct_EE":1026.5814722599416,"model_sys_energy":12964.215507898654,"direct_model_sys_energy":16030.579085177356,"model_avg_energy":824.85102151472324,"direct_model_avg_energy":986.278582564104,"sum_rate":4.398581513114294E+6,"direct_sum_rate":2.7189301654516039E+6,"direct_avg_rate_DUE":60791.306799224782,"DUE_power_limit":2,"Mslot":2,"method":"proposed-1","time":1281.602618}