{"NUM_UE":20,"NUM_RUE":5,"connected":2,"NUM_DUE":15,"MAX_LEN":2,"SEED":12,"sys_energy":2346.5476529390735,"direct_energy":2859.7525465733706,"avg_energy":152.45372040067065,"direct_avg_energy":174.30910498876415,"EE":1698.0570077470202,"direct_EE":1359.5423285733118,"model_sys_energy":14247.368656176348,"direct_model_sys_energy":17814.854216755226,"model_avg_energy":937.24810806663868,"direct_model_avg_energy":1099.094180085224,"sum_rate":7.0277182874725861E+6,"direct_sum_rate":3.9131736321630045E+6,"direct_avg_rate_DUE":40199.097822170261,"DUE_power_limit":2,"Mslot":2,"method":"proposed-2","time":4575.572355}