{"NUM_UE":24,"NUM_RUE":6,"connected":3,"NUM_DUE":18,"MAX_LEN":2,"SEED":18,"sys_energy":2513.7583456780862,"direct_energy":3268.7503011651816,"avg_energy":176.6958963029995,"direct_avg_energy":204.8696887522423,"EE":2859.7667121739873,"direct_EE":2143.6293676554483,"model_sys_energy":14731.378683215253,"direct_model_sys_energy":19793.563283371306,"model_avg_energy":1074.6465999603802,"direct_model_avg_energy":1277.3861812742555,"sum_rate":1.0920230088629436E+7,"direct_sum_rate":7.0385107341376944E+6,"direct_avg_rate_DUE":45954.689783314825,"DUE_power_limit":2,"Mslot":2,"method":"proposed-2","time":13405.454472}