{"NUM_UE":20,"NUM_RUE":5,"connected":4,"NUM_DUE":15,"MAX_LEN":2,"SEED":18,"sys_energy":1437.7388760679867,"direct_energy":2491.1543501279139,"avg_energy":103.4061436705761,"direct_avg_energy":132.08314408740813,"EE":2134.6850169729878,"direct_EE":1125.0484832425789,"model_sys_energy":8008.56844410725,"direct_model_sys_energy":15130.517672763142,"model_avg_energy":571.454501752306,"direct_model_avg_energy":782.93759718275464,"sum_rate":6.815876032251575E+6,"direct_sum_rate":2.8519665523680476E+6,"direct_avg_rate_DUE":75314.545457176617,"DUE_power_limit":2,"Mslot":2,"method":"proposed-2","time":18360.706281}