{"NUM_UE":20,"NUM_RUE":5,"connected":3,"NUM_DUE":15,"MAX_LEN":2,"SEED":28,"sys_energy":2082.8673348551692,"direct_energy":2579.7560265113539,"avg_energy":153.91006673615595,"direct_avg_energy":168.71187541071387,"EE":2090.5953347094737,"direct_EE":1674.3735248754854,"model_sys_energy":12201.977887748997,"direct_model_sys_energy":15549.862528582047,"model_avg_energy":955.83129923939146,"direct_model_avg_energy":1062.2012717032276,"sum_rate":4.6762464427197138E+6,"direct_sum_rate":4.3291923429319793E+6,"direct_avg_rate_DUE":25548.315473307375,"DUE_power_limit":2,"Mslot":2,"method":"proposed-2","time":11220.059371}