{"NUM_UE":20,"NUM_RUE":5,"connected":3,"NUM_DUE":15,"MAX_LEN":1,"SEED":6,"sys_energy":2943.0055356692919,"direct_energy":3413.8932702242255,"avg_energy":198.56916031047552,"direct_avg_energy":206.57242661030313,"EE":1384.3980233124528,"direct_EE":1172.9286365624221,"model_sys_energy":17975.646948005447,"direct_model_sys_energy":21430.131842735391,"model_avg_energy":1190.1863574045321,"direct_model_avg_energy":1284.762319923743,"sum_rate":4.5830760000379933E+6,"direct_sum_rate":4.0345810647626151E+6,"direct_avg_rate_DUE":92029.8042137056,"DUE_power_limit":2,"Mslot":2,"method":"proposed-1","time":1671.735357}