{"NUM_UE":20,"NUM_RUE":5,"connected":5,"NUM_DUE":15,"MAX_LEN":1,"SEED":3,"sys_energy":2159.6337626860318,"direct_energy":2895.5937609603902,"avg_energy":138.34163214280056,"direct_avg_energy":168.34986320350512,"EE":4283.3740067362078,"direct_EE":3156.3856994607622,"model_sys_energy":12786.31680727632,"direct_model_sys_energy":18010.530596753397,"model_avg_energy":834.70810624821149,"direct_model_avg_energy":1059.7624138047629,"sum_rate":1.2655102816500625E+7,"direct_sum_rate":9.1547728167451546E+6,"direct_avg_rate_DUE":68492.864766331928,"DUE_power_limit":2,"Mslot":2,"method":"proposed-1","time":2745.796159}