{"NUM_UE":24,"NUM_RUE":6,"connected":5,"NUM_DUE":18,"MAX_LEN":1,"SEED":14,"sys_energy":2541.0823430013997,"direct_energy":3276.9633611431695,"avg_energy":162.32363222409347,"direct_avg_energy":191.07368200989535,"EE":2410.3005214280979,"direct_EE":1840.6127913584849,"model_sys_energy":14553.071634759206,"direct_model_sys_energy":20271.554631874962,"model_avg_energy":902.2877432785458,"direct_model_avg_energy":1198.303089724983,"sum_rate":9.5456076866319943E+6,"direct_sum_rate":6.0654753876334205E+6,"direct_avg_rate_DUE":37055.844820910621,"DUE_power_limit":2,"Mslot":2,"method":"proposed-1","time":3061.21051}