{"NUM_UE":20,"NUM_RUE":5,"connected":3,"NUM_DUE":15,"MAX_LEN":1,"SEED":11,"sys_energy":2983.7510944223795,"direct_energy":3572.6420337112586,"avg_energy":124.18009756807433,"direct_avg_energy":152.90626134635525,"EE":1862.7557029865548,"direct_EE":1532.2859586330642,"model_sys_energy":18186.490613255603,"direct_model_sys_energy":22283.41408747531,"model_avg_energy":731.93187561352431,"direct_model_avg_energy":944.35891156884315,"sum_rate":8.0455205302345138E+6,"direct_sum_rate":5.6006048234101357E+6,"direct_avg_rate_DUE":156148.98157248116,"DUE_power_limit":2,"Mslot":2,"method":"proposed-1","time":1204.174011}