{"NUM_UE":20,"NUM_RUE":5,"connected":4,"NUM_DUE":15,"MAX_LEN":2,"SEED":5,"sys_energy":1772.0122637486832,"direct_energy":2626.0649026040383,"avg_energy":153.82822368072382,"direct_avg_energy":172.31076163418584,"EE":2579.1005272099073,"direct_EE":1645.1688872096031,"model_sys_energy":9613.556695527217,"direct_model_sys_energy":15958.547909818135,"model_avg_energy":868.20385436681352,"direct_model_avg_energy":1086.0954785284175,"sum_rate":8.4136364100567643E+6,"direct_sum_rate":4.3373194651326491E+6,"direct_avg_rate_DUE":63333.833423665645,"DUE_power_limit":2,"Mslot":2,"method":"proposed-2","time":6611.073734}