{"NUM_UE":24,"NUM_RUE":6,"connected":5,"NUM_DUE":18,"MAX_LEN":2,"SEED":35,"sys_energy":2356.2018748233722,"direct_energy":3531.887573468443,"avg_energy":151.25410861547263,"direct_avg_energy":185.65456308057628,"EE":3162.7363051031721,"direct_EE":2069.5548993299103,"model_sys_energy":13778.413200356608,"direct_model_sys_energy":21969.380814403594,"model_avg_energy":897.76262881961577,"direct_model_avg_energy":1169.5091015569928,"sum_rate":1.6506957493655644E+7,"direct_sum_rate":7.3357215810869448E+6,"direct_avg_rate_DUE":50962.511762827511,"DUE_power_limit":2,"Mslot":2,"method":"proposed-2","time":15868.247279}