{"NUM_UE":20,"NUM_RUE":5,"connected":5,"NUM_DUE":15,"MAX_LEN":1,"SEED":29,"sys_energy":1787.8944061983586,"direct_energy":2534.2633714624403,"avg_energy":108.68650325565827,"direct_avg_energy":149.58827451328833,"EE":2541.3050200260554,"direct_EE":1763.3493542604374,"model_sys_energy":10187.658703200885,"direct_model_sys_energy":15258.416381314511,"model_avg_energy":647.7448499393787,"direct_model_avg_energy":923.85552336721685,"sum_rate":7.4902042387257991E+6,"direct_sum_rate":4.4911580631877827E+6,"direct_avg_rate_DUE":43444.402742047823,"DUE_power_limit":2,"Mslot":2,"method":"proposed-1","time":3032.845066}