{"NUM_UE":16,"NUM_RUE":4,"connected":3,"NUM_DUE":12,"MAX_LEN":1,"SEED":32,"sys_energy":1800.0804017284254,"direct_energy":2313.7704482546742,"avg_energy":110.73748414856306,"direct_avg_energy":141.70545624642551,"EE":1423.0638011490785,"direct_EE":1082.0777503258407,"model_sys_energy":10751.765285717431,"direct_model_sys_energy":14197.732865104817,"model_avg_energy":668.52558809924312,"direct_model_avg_energy":861.2138652538938,"sum_rate":3.8226233580140579E+6,"direct_sum_rate":2.5079050053885146E+6,"direct_avg_rate_DUE":91623.7550657073,"DUE_power_limit":2,"Mslot":2,"method":"proposed-1","time":974.602853}