{"NUM_UE":20,"NUM_RUE":5,"connected":5,"NUM_DUE":15,"MAX_LEN":1,"SEED":21,"sys_energy":2063.1800556086523,"direct_energy":2837.9529609466858,"avg_energy":118.89412632990634,"direct_avg_energy":152.58537433739556,"EE":2552.4426217465189,"direct_EE":1780.9378392845172,"model_sys_energy":12060.092716860543,"direct_model_sys_energy":17565.188554765064,"model_avg_energy":696.699197217688,"direct_model_avg_energy":946.85542566109871,"sum_rate":9.4622846329329368E+6,"direct_sum_rate":5.0723925666059107E+6,"direct_avg_rate_DUE":42260.840687625976,"DUE_power_limit":2,"Mslot":2,"method":"proposed-1","time":2039.621988}