{"NUM_UE":20,"NUM_RUE":5,"connected":5,"NUM_DUE":15,"MAX_LEN":1,"SEED":5,"sys_energy":2029.2686504695507,"direct_energy":2626.0649026040383,"avg_energy":145.98556480125424,"direct_avg_energy":172.31076163418584,"EE":2173.8222027031652,"direct_EE":1645.1688872096031,"model_sys_energy":11551.144961439233,"direct_model_sys_energy":15958.547909818135,"model_avg_energy":865.59824102051266,"direct_model_avg_energy":1086.0954785284175,"sum_rate":6.082925411052539E+6,"direct_sum_rate":4.3373194651326491E+6,"direct_avg_rate_DUE":63333.833423665645,"DUE_power_limit":2,"Mslot":2,"method":"proposed-1","time":1326.542942}