{"NUM_UE":16,"NUM_RUE":4,"connected":3,"NUM_DUE":12,"MAX_LEN":1,"SEED":10,"sys_energy":1696.5947677549809,"direct_energy":2108.2422811502483,"avg_energy":121.65363802302539,"direct_avg_energy":141.69934890568078,"EE":944.65666501833164,"direct_EE":732.24044279842576,"model_sys_energy":9653.0855155782228,"direct_model_sys_energy":12589.362134966977,"model_avg_energy":702.69224949265629,"direct_model_avg_energy":861.16432160490581,"sum_rate":2.3275784118749653E+6,"direct_sum_rate":1.5485939405315362E+6,"direct_avg_rate_DUE":39132.319096097555,"DUE_power_limit":2,"Mslot":2,"method":"proposed-1","time":1154.37731}