{"NUM_UE":24,"NUM_RUE":6,"connected":6,"NUM_DUE":18,"MAX_LEN":1,"SEED":26,"sys_energy":2846.9305524789456,"direct_energy":3884.9970145592179,"avg_energy":108.18259499881601,"direct_avg_energy":142.40402869234876,"EE":3016.0571379779485,"direct_EE":2159.786707451226,"model_sys_energy":17049.169850599275,"direct_model_sys_energy":24264.123344113581,"model_avg_energy":612.445079895518,"direct_model_avg_energy":866.87256267951125,"sum_rate":1.3205344120071759E+7,"direct_sum_rate":8.464940222904861E+6,"direct_avg_rate_DUE":170748.18115673974,"DUE_power_limit":2,"Mslot":2,"method":"proposed-1","time":4756.842659}