{"NUM_UE":20,"NUM_RUE":5,"connected":3,"NUM_DUE":15,"MAX_LEN":2,"SEED":34,"sys_energy":2022.8983104384836,"direct_energy":2747.1066402818051,"avg_energy":129.4896531369838,"direct_avg_energy":150.17151225237893,"EE":3154.1296974754173,"direct_EE":2166.3684007922848,"model_sys_energy":12295.638901808772,"direct_model_sys_energy":17196.225746283522,"model_avg_energy":795.88156537502607,"direct_model_avg_energy":928.36933277276307,"sum_rate":1.2893611084667481E+7,"direct_sum_rate":6.0774496457615132E+6,"direct_avg_rate_DUE":110056.57746332973,"DUE_power_limit":2,"Mslot":2,"method":"proposed-2","time":4733.558295}