{"NUM_UE":8,"NUM_RUE":2,"connected":1,"NUM_DUE":6,"MAX_LEN":2,"SEED":33,"sys_energy":1049.3449401345938,"direct_energy":1368.62795875324,"avg_energy":189.30512479331733,"direct_avg_energy":202.24420099208334,"EE":1673.1343245555631,"direct_EE":1251.4245426666798,"model_sys_energy":6273.0346102742806,"direct_model_sys_energy":8531.6322403342147,"model_avg_energy":1111.4645923914563,"direct_model_avg_energy":1263.3904930632361,"sum_rate":2.4597141376665272E+6,"direct_sum_rate":1.7127346173636049E+6,"direct_avg_rate_DUE":49733.706326577762,"DUE_power_limit":2,"Mslot":2,"method":"proposed-2","time":982.005228}