{"NUM_UE":16,"NUM_RUE":4,"connected":2,"NUM_DUE":12,"MAX_LEN":1,"SEED":22,"sys_energy":2348.1122556629502,"direct_energy":2753.5624434458182,"avg_energy":173.1745889948084,"direct_avg_energy":190.4511716838395,"EE":4050.8321920965727,"direct_EE":3429.0673237736187,"model_sys_energy":14615.83324031132,"direct_model_sys_energy":17317.184117207642,"model_avg_energy":1075.6928514111498,"direct_model_avg_energy":1193.1981610577682,"sum_rate":1.1433519412843658E+7,"direct_sum_rate":9.4838290284976E+6,"direct_avg_rate_DUE":170306.30978027327,"DUE_power_limit":2,"Mslot":2,"method":"proposed-1","time":1634.030275}