{"NUM_UE":12,"NUM_RUE":3,"connected":2,"NUM_DUE":9,"MAX_LEN":2,"SEED":19,"sys_energy":1338.9435561335044,"direct_energy":1997.7632136237928,"avg_energy":150.51613066579034,"direct_avg_energy":156.92789282622053,"EE":1079.497627748495,"direct_EE":669.65443367909745,"model_sys_energy":7900.2319444770092,"direct_model_sys_energy":12544.431337887756,"model_avg_energy":857.77004182635028,"direct_model_avg_energy":979.30453511064934,"sum_rate":2.5596199028996718E+6,"direct_sum_rate":1.3514760559837481E+6,"direct_avg_rate_DUE":70287.893966649688,"DUE_power_limit":2,"Mslot":2,"method":"proposed-2","time":2441.556933}