{"NUM_UE":16,"NUM_RUE":4,"connected":4,"NUM_DUE":12,"MAX_LEN":1,"SEED":21,"sys_energy":1416.9531826999105,"direct_energy":2016.0678583085037,"avg_energy":84.613055279861285,"direct_avg_energy":133.99907555111625,"EE":1648.2863243572729,"direct_EE":1120.6259891286923,"model_sys_energy":7988.27970872507,"direct_model_sys_energy":11984.349514790783,"model_avg_energy":476.06916112445066,"direct_model_avg_energy":798.32609831178411,"sum_rate":5.5122796579708979E+6,"direct_sum_rate":2.2660292479761029E+6,"direct_avg_rate_DUE":27260.586872771888,"DUE_power_limit":2,"Mslot":2,"method":"proposed-1","time":2219.37735}