{"NUM_UE":12,"NUM_RUE":3,"connected":2,"NUM_DUE":9,"MAX_LEN":2,"SEED":4,"sys_energy":1142.7798879413422,"direct_energy":1641.3596016237498,"avg_energy":160.65794160847818,"direct_avg_energy":177.24947164148011,"EE":2951.3612644733139,"direct_EE":2006.8355874520471,"model_sys_energy":6690.7762083769085,"direct_model_sys_energy":9973.25665521287,"model_avg_energy":1004.441901580061,"direct_model_avg_energy":1117.8838015706117,"sum_rate":4.5660155734573575E+6,"direct_sum_rate":3.3038275126191857E+6,"direct_avg_rate_DUE":59470.4046285901,"DUE_power_limit":2,"Mslot":2,"method":"proposed-2","time":2064.169667}