{"NUM_UE":24,"NUM_RUE":6,"connected":6,"NUM_DUE":18,"MAX_LEN":1,"SEED":27,"sys_energy":1906.7389598801078,"direct_energy":2687.7790285472088,"avg_energy":94.868777064305462,"direct_avg_energy":133.06210507354618,"EE":1144.4904174577596,"direct_EE":784.53390354595058,"model_sys_energy":10540.686718549616,"direct_model_sys_energy":15952.493205639181,"model_avg_energy":522.49182625006,"direct_model_avg_energy":790.76442826143159,"sum_rate":3.9052635748794428E+6,"direct_sum_rate":2.1446835766544705E+6,"direct_avg_rate_DUE":17028.497440520754,"DUE_power_limit":2,"Mslot":2,"method":"proposed-1","time":3530.545189}