{"NUM_UE":24,"NUM_RUE":6,"connected":4,"NUM_DUE":18,"MAX_LEN":2,"SEED":12,"sys_energy":2634.4072247061722,"direct_energy":3651.6021046031606,"avg_energy":134.18037093836708,"direct_avg_energy":168.49355700631915,"EE":2808.1099787644389,"direct_EE":1975.884905394732,"model_sys_energy":15849.239277868779,"direct_model_sys_energy":22999.737215955116,"model_avg_energy":820.31556151313055,"direct_model_avg_energy":1060.7312567007227,"sum_rate":1.7536468136548977E+7,"direct_sum_rate":7.2686096595700979E+6,"direct_avg_rate_DUE":74848.995531273249,"DUE_power_limit":2,"Mslot":2,"method":"proposed-2","time":23722.183226}