{"NUM_UE":12,"NUM_RUE":3,"connected":3,"NUM_DUE":9,"MAX_LEN":1,"SEED":14,"sys_energy":1147.3372967937867,"direct_energy":1696.730459291867,"avg_energy":89.38615434846264,"direct_avg_energy":134.98871396195062,"EE":693.49901751301525,"direct_EE":442.07585982383137,"model_sys_energy":6882.94068430482,"direct_model_sys_energy":10453.217294464512,"model_avg_energy":561.35541026604972,"direct_model_avg_energy":806.36585034391589,"sum_rate":1.6079768309554579E+6,"direct_sum_rate":762025.034814173,"direct_avg_rate_DUE":25191.433895030539,"DUE_power_limit":2,"Mslot":2,"method":"proposed-1","time":1213.975618}