{"NUM_UE":8,"NUM_RUE":2,"connected":0,"NUM_DUE":6,"MAX_LEN":1,"SEED":25,"sys_energy":1115.6558763492774,"direct_energy":1115.6558763492774,"avg_energy":170.49760790407967,"direct_avg_energy":170.49760790407967,"EE":411.11415914683653,"direct_EE":411.11415914683653,"model_sys_energy":6732.5987494639548,"direct_model_sys_energy":6732.5987494639548,"model_avg_energy":1074.1364467879332,"direct_model_avg_energy":1074.1364467879328,"sum_rate":462726.36828582652,"direct_sum_rate":462726.36828582652,"direct_avg_rate_DUE":20207.502616721144,"DUE_power_limit":2,"Mslot":2,"method":"proposed-1","time":256.867643}