{"NUM_UE":20,"NUM_RUE":5,"connected":4,"NUM_DUE":15,"MAX_LEN":1,"SEED":10,"sys_energy":2158.1089330174436,"direct_energy":2774.6049045335676,"avg_energy":97.430937266751087,"direct_avg_energy":117.71127426228557,"EE":2316.9856219621806,"direct_EE":1741.2573081083008,"model_sys_energy":12863.257684032173,"direct_model_sys_energy":17373.881084442495,"model_avg_energy":548.85259231470616,"direct_model_avg_energy":723.76516486174728,"sum_rate":7.94105674635082E+6,"direct_sum_rate":4.9741296021413226E+6,"direct_avg_rate_DUE":153941.09737498505,"DUE_power_limit":2,"Mslot":2,"method":"proposed-1","time":1333.719873}