{"NUM_UE":16,"NUM_RUE":4,"connected":4,"NUM_DUE":12,"MAX_LEN":2,"SEED":20,"sys_energy":1287.5778464611476,"direct_energy":2226.6384190424783,"avg_energy":97.403080612223221,"direct_avg_energy":132.98290235054714,"EE":3051.0998935550806,"direct_EE":1671.0183404550735,"model_sys_energy":7281.46779266102,"direct_model_sys_energy":13662.189617685179,"model_avg_energy":571.74283404280311,"direct_model_avg_energy":790.12808365241472,"sum_rate":7.6303639587592324E+6,"direct_sum_rate":3.7549463520195028E+6,"direct_avg_rate_DUE":104409.2830655009,"DUE_power_limit":2,"Mslot":2,"method":"proposed-2","time":9491.072462}