{"NUM_UE":24,"NUM_RUE":6,"connected":6,"NUM_DUE":18,"MAX_LEN":1,"SEED":8,"sys_energy":2212.8562219702244,"direct_energy":3188.622601136854,"avg_energy":100.72838411117475,"direct_avg_energy":138.05235404455928,"EE":1882.74574673867,"direct_EE":1186.9818494975862,"model_sys_energy":12951.57485933399,"direct_model_sys_energy":19776.107782087474,"model_avg_energy":582.319645755083,"direct_model_avg_energy":831.41456751406906,"sum_rate":8.2357213859303892E+6,"direct_sum_rate":3.8845435629333286E+6,"direct_avg_rate_DUE":63123.847121406929,"DUE_power_limit":2,"Mslot":2,"method":"proposed-1","time":4917.392208}