{"NUM_UE":16,"NUM_RUE":4,"connected":1,"NUM_DUE":12,"MAX_LEN":2,"SEED":27,"sys_energy":1931.6837147656413,"direct_energy":2224.1136445478114,"avg_energy":122.06875419319272,"direct_avg_energy":132.29373731585338,"EE":1253.3956152233097,"direct_EE":1059.2973782349977,"model_sys_energy":11505.130039129519,"direct_model_sys_energy":13654.088870130623,"model_avg_energy":702.71101813386065,"direct_model_avg_energy":784.6136963639666,"sum_rate":2.816211825475812E+6,"direct_sum_rate":2.3718474890375533E+6,"direct_avg_rate_DUE":32850.118108848117,"DUE_power_limit":2,"Mslot":2,"method":"proposed-2","time":8003.774384}