{"NUM_UE":24,"NUM_RUE":6,"connected":6,"NUM_DUE":18,"MAX_LEN":1,"SEED":35,"sys_energy":2742.1932442419411,"direct_energy":3531.887573468443,"avg_energy":157.44187854641777,"direct_avg_energy":185.65456308057628,"EE":2700.6538947292916,"direct_EE":2069.5548993299103,"model_sys_energy":16119.616802381308,"direct_model_sys_energy":21969.380814403594,"model_avg_energy":911.286354878322,"direct_model_avg_energy":1169.5091015569928,"sum_rate":9.2478831617031936E+6,"direct_sum_rate":7.3357215810869448E+6,"direct_avg_rate_DUE":50962.511762827511,"DUE_power_limit":2,"Mslot":2,"method":"proposed-1","time":1462.957719}