{"NUM_UE":20,"NUM_RUE":5,"connected":3,"NUM_DUE":15,"MAX_LEN":1,"SEED":13,"sys_energy":2412.3166547315477,"direct_energy":2821.0352176837705,"avg_energy":197.45331840013824,"direct_avg_energy":204.60622799115089,"EE":2212.8958494990088,"direct_EE":1871.6838170701978,"model_sys_energy":14457.528789775815,"direct_model_sys_energy":17207.508882627069,"model_avg_energy":1210.9346377631848,"direct_model_avg_energy":1274.3830959136706,"sum_rate":5.8090810705465218E+6,"direct_sum_rate":5.3441257565805567E+6,"direct_avg_rate_DUE":69882.366076742575,"DUE_power_limit":2,"Mslot":2,"method":"proposed-1","time":2019.509967}