{"NUM_UE":24,"NUM_RUE":6,"connected":4,"NUM_DUE":18,"MAX_LEN":1,"SEED":33,"sys_energy":3051.0826461323049,"direct_energy":3658.8340768011381,"avg_energy":191.53397061790318,"direct_avg_energy":208.05698328357778,"EE":1454.367387188144,"direct_EE":1184.7331598320693,"model_sys_energy":18020.06326508542,"direct_model_sys_energy":22798.425591182076,"model_avg_energy":1090.8442579591117,"direct_model_avg_energy":1291.4723254160788,"sum_rate":6.9165083333350355E+6,"direct_sum_rate":4.402201173863044E+6,"direct_avg_rate_DUE":83315.955879660673,"DUE_power_limit":2,"Mslot":2,"method":"proposed-1","time":2331.555927}