{"NUM_UE":20,"NUM_RUE":5,"connected":2,"NUM_DUE":15,"MAX_LEN":2,"SEED":8,"sys_energy":2798.5828731606234,"direct_energy":3525.0681887849473,"avg_energy":134.06947446134274,"direct_avg_energy":146.52156469621076,"EE":1968.8501576065664,"direct_EE":1533.2005885773633,"model_sys_energy":17073.061642440749,"direct_model_sys_energy":22012.271576505984,"model_avg_energy":796.98891014101434,"direct_model_avg_energy":899.83029331234661,"sum_rate":6.9127137740338752E+6,"direct_sum_rate":5.4265210015230272E+6,"direct_avg_rate_DUE":104870.78378325752,"DUE_power_limit":2,"Mslot":2,"method":"proposed-2","time":10960.062308}