{"NUM_UE":24,"NUM_RUE":6,"connected":5,"NUM_DUE":18,"MAX_LEN":1,"SEED":24,"sys_energy":3420.8687060570687,"direct_energy":4258.650532677203,"avg_energy":145.889915968921,"direct_avg_energy":171.54126033116924,"EE":952.18732713357474,"direct_EE":736.591420203629,"model_sys_energy":20524.882165511488,"direct_model_sys_energy":26603.346175464481,"model_avg_energy":841.21252344563811,"direct_model_avg_energy":1081.0394647023943,"sum_rate":5.1569671755915284E+6,"direct_sum_rate":3.2005609842894706E+6,"direct_avg_rate_DUE":82205.800650833728,"DUE_power_limit":2,"Mslot":2,"method":"proposed-1","time":2800.652319}