{"NUM_UE":12,"NUM_RUE":3,"connected":2,"NUM_DUE":9,"MAX_LEN":1,"SEED":31,"sys_energy":1469.8101353906181,"direct_energy":1782.6565817284713,"avg_energy":123.93771470120321,"direct_avg_energy":141.40299163227056,"EE":2353.87095876296,"direct_EE":1877.7070759817345,"model_sys_energy":8671.3485184496458,"direct_model_sys_energy":10947.224988910471,"model_avg_energy":697.03039383993053,"direct_model_avg_energy":858.75880590284612,"sum_rate":5.8742169796784976E+6,"direct_sum_rate":3.347306877556962E+6,"direct_avg_rate_DUE":66384.021993917588,"DUE_power_limit":2,"Mslot":2,"method":"proposed-1","time":1112.109301}