{"NUM_UE":12,"NUM_RUE":3,"connected":2,"NUM_DUE":9,"MAX_LEN":1,"SEED":26,"sys_energy":1719.0069213544671,"direct_energy":1992.4208150464424,"avg_energy":192.0583677067722,"direct_avg_energy":192.71931940389126,"EE":822.41123520810652,"direct_EE":693.68984296362964,"model_sys_energy":10489.176692986777,"direct_model_sys_energy":12424.245349716726,"model_avg_energy":1198.6316300943117,"direct_model_avg_energy":1210.700860092267,"sum_rate":1.542141971801583E+6,"direct_sum_rate":1.3821220823070337E+6,"direct_avg_rate_DUE":42890.2840847812,"DUE_power_limit":2,"Mslot":2,"method":"proposed-1","time":1161.895955}