{"NUM_UE":16,"NUM_RUE":4,"connected":4,"NUM_DUE":12,"MAX_LEN":1,"SEED":30,"sys_energy":1736.8360455367927,"direct_energy":2314.5153829666147,"avg_energy":111.63562476032013,"direct_avg_energy":141.43471082637419,"EE":1437.4597639052506,"direct_EE":1021.0278888731746,"model_sys_energy":10238.497096902134,"direct_model_sys_energy":14293.904644270822,"model_avg_energy":656.33684287085009,"direct_model_avg_energy":859.01639998996177,"sum_rate":4.5596386691407012E+6,"direct_sum_rate":2.372201847069886E+6,"direct_avg_rate_DUE":47636.197064503292,"DUE_power_limit":2,"Mslot":2,"method":"proposed-1","time":1235.772838}