{"NUM_UE":20,"NUM_RUE":5,"connected":3,"NUM_DUE":15,"MAX_LEN":2,"SEED":13,"sys_energy":2043.0679701716506,"direct_energy":2821.0352176837705,"avg_energy":198.12817913317789,"direct_avg_energy":204.60622799115089,"EE":2688.9858279350237,"direct_EE":1871.6838170701978,"model_sys_energy":12048.87548836007,"direct_model_sys_energy":17207.508882627069,"model_avg_energy":1212.3180381227332,"direct_model_avg_energy":1274.3830959136706,"sum_rate":7.0536839370536134E+6,"direct_sum_rate":5.3441257565805567E+6,"direct_avg_rate_DUE":69882.366076742575,"DUE_power_limit":2,"Mslot":2,"method":"proposed-2","time":10755.516059}