{"NUM_UE":16,"NUM_RUE":4,"connected":4,"NUM_DUE":12,"MAX_LEN":1,"SEED":35,"sys_energy":1457.0130670807962,"direct_energy":2104.2724302953593,"avg_energy":89.455081565685248,"direct_avg_energy":131.4370320861687,"EE":3884.4912533522311,"direct_EE":2659.7854302675873,"model_sys_energy":8151.1816892230136,"direct_model_sys_energy":12566.089755023755,"model_avg_energy":469.79380214991852,"direct_model_avg_energy":771.46486416547782,"sum_rate":9.2081671601379514E+6,"direct_sum_rate":5.5999470642857384E+6,"direct_avg_rate_DUE":47889.441491354948,"DUE_power_limit":2,"Mslot":2,"method":"proposed-1","time":1228.230698}