{"NUM_UE":20,"NUM_RUE":5,"connected":5,"NUM_DUE":15,"MAX_LEN":1,"SEED":26,"sys_energy":2263.842663283187,"direct_energy":3026.8254771299744,"avg_energy":117.44556350362768,"direct_avg_energy":154.59229764439453,"EE":2214.7012354887183,"direct_EE":1583.9201409810491,"model_sys_energy":13656.175948796379,"direct_model_sys_energy":19007.209459378621,"model_avg_energy":689.19398746219542,"direct_model_avg_energy":959.52295855738646,"sum_rate":8.0750330127842352E+6,"direct_sum_rate":4.8921485089612836E+6,"direct_avg_rate_DUE":155860.80929338574,"DUE_power_limit":2,"Mslot":2,"method":"proposed-1","time":3122.646037}