{"NUM_UE":24,"NUM_RUE":6,"connected":3,"NUM_DUE":18,"MAX_LEN":2,"SEED":21,"sys_energy":2648.1885231856381,"direct_energy":3450.7547553909471,"avg_energy":175.38208474569487,"direct_avg_energy":199.39057904193547,"EE":3036.681986291263,"direct_EE":2284.9109130211682,"model_sys_energy":15592.862964695032,"direct_model_sys_energy":21129.01744920672,"model_avg_energy":1053.1956403482357,"direct_model_avg_energy":1247.9274020354867,"sum_rate":1.0948918632654877E+7,"direct_sum_rate":7.9026953234092891E+6,"direct_avg_rate_DUE":29881.787344822587,"DUE_power_limit":2,"Mslot":2,"method":"proposed-2","time":25983.461262}