{"NUM_UE":16,"NUM_RUE":4,"connected":2,"NUM_DUE":12,"MAX_LEN":2,"SEED":23,"sys_energy":1822.8611697209647,"direct_energy":2351.3059149741575,"avg_energy":144.86168594907809,"direct_avg_energy":158.60552392028282,"EE":1178.1218257594551,"direct_EE":876.75949370919,"model_sys_energy":10864.195060792998,"direct_model_sys_energy":14676.541786996171,"model_avg_energy":879.68859775645547,"direct_model_avg_energy":991.56132005127574,"sum_rate":2.8763547088101557E+6,"direct_sum_rate":2.0978129866857273E+6,"direct_avg_rate_DUE":41128.237618096609,"DUE_power_limit":2,"Mslot":2,"method":"proposed-2","time":10116.732021}