{"NUM_UE":16,"NUM_RUE":4,"connected":2,"NUM_DUE":12,"MAX_LEN":2,"SEED":10,"sys_energy":1622.3353642269126,"direct_energy":2108.2422811502483,"avg_energy":131.51269616880694,"direct_avg_energy":141.69934890568078,"EE":1000.2293462931723,"direct_EE":732.24044279842576,"model_sys_energy":9329.9647463238034,"direct_model_sys_energy":12589.362134966977,"model_avg_energy":772.34544915513243,"direct_model_avg_energy":861.16432160490581,"sum_rate":2.3055771875461903E+6,"direct_sum_rate":1.5485939405315362E+6,"direct_avg_rate_DUE":39132.319096097555,"DUE_power_limit":2,"Mslot":2,"method":"proposed-2","time":6821.36118}