{"NUM_UE":24,"NUM_RUE":6,"connected":5,"NUM_DUE":18,"MAX_LEN":1,"SEED":10,"sys_energy":2997.26953721198,"direct_energy":3946.3789669746957,"avg_energy":137.67339660978806,"direct_avg_energy":159.40934209501015,"EE":2466.1125974970273,"direct_EE":1802.975026989913,"model_sys_energy":18072.924385421458,"direct_model_sys_energy":24743.640536607258,"model_avg_energy":827.99874855018652,"direct_model_avg_energy":998.862194104407,"sum_rate":1.0172341593999933E+7,"direct_sum_rate":7.2802925204628995E+6,"direct_avg_rate_DUE":195553.12298618341,"DUE_power_limit":2,"Mslot":2,"method":"proposed-1","time":3368.273148}