{"NUM_UE":20,"NUM_RUE":5,"connected":5,"NUM_DUE":15,"MAX_LEN":1,"SEED":16,"sys_energy":1608.2277074052522,"direct_energy":2288.9467934132695,"avg_energy":101.16094030306617,"direct_avg_energy":134.13362083393139,"EE":1901.6726038834242,"direct_EE":1302.9191579957128,"model_sys_energy":8929.9363346097525,"direct_model_sys_energy":13563.900616194935,"model_avg_energy":585.28911769830609,"direct_model_avg_energy":796.76399704144171,"sum_rate":6.1722587320332667E+6,"direct_sum_rate":3.0059990428969315E+6,"direct_avg_rate_DUE":14715.685255068309,"DUE_power_limit":2,"Mslot":2,"method":"proposed-1","time":2039.995072}