{"NUM_UE":24,"NUM_RUE":6,"connected":1,"NUM_DUE":18,"MAX_LEN":2,"SEED":27,"sys_energy":2454.7969267248482,"direct_energy":2687.7790285472088,"avg_energy":122.74105113272169,"direct_avg_energy":133.06210507354618,"EE":865.975326483752,"direct_EE":784.53390354595058,"model_sys_energy":14383.220516562678,"direct_model_sys_energy":15952.493205639181,"model_avg_energy":720.31140666946033,"direct_model_avg_energy":790.76442826143159,"sum_rate":2.3821842324255561E+6,"direct_sum_rate":2.1446835766544705E+6,"direct_avg_rate_DUE":17028.497440520754,"DUE_power_limit":2,"Mslot":2,"method":"proposed-2","time":21138.046816}