{"NUM_UE":8,"NUM_RUE":2,"connected":0,"NUM_DUE":6,"MAX_LEN":2,"SEED":29,"sys_energy":1147.8994320345416,"direct_energy":1147.8994320345416,"avg_energy":161.76937792160871,"direct_avg_energy":161.76937792160874,"EE":3504.5857771822075,"direct_EE":3504.5857771822075,"model_sys_energy":7008.3765159964178,"direct_model_sys_energy":7008.3765159964178,"model_avg_energy":1002.7864601468236,"direct_model_avg_energy":1002.7864601468236,"sum_rate":4.0258470621449095E+6,"direct_sum_rate":4.0258470621449105E+6,"direct_avg_rate_DUE":123411.28351143836,"DUE_power_limit":2,"Mslot":2,"method":"proposed-2","time":347.186796}