{"NUM_UE":12,"NUM_RUE":3,"connected":1,"NUM_DUE":9,"MAX_LEN":2,"SEED":26,"sys_energy":1701.712198874465,"direct_energy":1992.4208150464424,"avg_energy":191.51910095809436,"direct_avg_energy":192.71931940389126,"EE":829.78470485063758,"direct_EE":693.68984296362964,"model_sys_energy":10406.970906442562,"direct_model_sys_energy":12424.245349716726,"model_avg_energy":1177.4273106369917,"direct_model_avg_energy":1210.700860092267,"sum_rate":1.6929007278008196E+6,"direct_sum_rate":1.3821220823070337E+6,"direct_avg_rate_DUE":42890.2840847812,"DUE_power_limit":2,"Mslot":2,"method":"proposed-2","time":2610.731504}