{"NUM_UE":16,"NUM_RUE":4,"connected":4,"NUM_DUE":12,"MAX_LEN":1,"SEED":7,"sys_energy":1757.0980789110395,"direct_energy":2242.2214296555421,"avg_energy":183.67429591955397,"direct_avg_energy":198.61695723687268,"EE":3239.20436363616,"direct_EE":2479.0061540688134,"model_sys_energy":10052.650514972644,"direct_model_sys_energy":13533.319071364853,"model_avg_energy":1081.1151173855669,"direct_model_avg_energy":1243.6890067819279,"sum_rate":6.7370255931545347E+6,"direct_sum_rate":5.5755058361845668E+6,"direct_avg_rate_DUE":27231.209770564677,"DUE_power_limit":2,"Mslot":2,"method":"proposed-1","time":2885.789673}