{"NUM_UE":16,"NUM_RUE":4,"connected":2,"NUM_DUE":12,"MAX_LEN":2,"SEED":2,"sys_energy":2315.8410659550714,"direct_energy":2898.480313804831,"avg_energy":163.44914647552565,"direct_avg_energy":183.76840849910741,"EE":1874.6105895849603,"direct_EE":1468.6219819032481,"model_sys_energy":14220.276569966145,"direct_model_sys_energy":18159.210460826955,"model_avg_energy":995.89615868732221,"direct_model_avg_energy":1153.4508209152195,"sum_rate":6.9085792020992525E+6,"direct_sum_rate":4.2788944971234025E+6,"direct_avg_rate_DUE":67883.183045016543,"DUE_power_limit":2,"Mslot":2,"method":"proposed-2","time":6297.660445}