{"NUM_UE":12,"NUM_RUE":3,"connected":2,"NUM_DUE":9,"MAX_LEN":1,"SEED":9,"sys_energy":1377.4249111983502,"direct_energy":1684.5449232387207,"avg_energy":133.51651904989956,"direct_avg_energy":154.58265050884947,"EE":4571.5103105822282,"direct_EE":3706.5159972795213,"model_sys_energy":8163.3439655220554,"direct_model_sys_energy":10291.56909696466,"model_avg_energy":813.23893705771945,"direct_model_avg_energy":961.909523672504,"sum_rate":8.4576871123786867E+6,"direct_sum_rate":6.2484948430360379E+6,"direct_avg_rate_DUE":45929.931542910846,"DUE_power_limit":2,"Mslot":2,"method":"proposed-1","time":757.415682}