{"NUM_UE":20,"NUM_RUE":5,"connected":4,"NUM_DUE":15,"MAX_LEN":1,"SEED":27,"sys_energy":2175.1509697786209,"direct_energy":2784.278841087249,"avg_energy":148.57842745028171,"direct_avg_energy":178.27267547527325,"EE":2031.5456484637696,"direct_EE":1546.1021767788434,"model_sys_energy":12860.753488099528,"direct_model_sys_energy":17322.642757120408,"model_avg_energy":866.56918709934928,"direct_model_avg_energy":1124.3307034472155,"sum_rate":5.7006347856202759E+6,"direct_sum_rate":4.3535179188044118E+6,"direct_avg_rate_DUE":28795.439591207247,"DUE_power_limit":2,"Mslot":2,"method":"proposed-1","time":1309.348886}