{"NUM_UE":24,"NUM_RUE":6,"connected":6,"NUM_DUE":18,"MAX_LEN":1,"SEED":22,"sys_energy":2355.4925113227746,"direct_energy":3473.7710498755205,"avg_energy":83.18241689781722,"direct_avg_energy":132.90583759461279,"EE":2538.97426255383,"direct_EE":1677.557576007096,"model_sys_energy":13722.669170153627,"direct_model_sys_energy":21524.560253147094,"model_avg_energy":448.59340982999555,"direct_model_avg_energy":789.509397388006,"sum_rate":1.4292981128444059E+7,"direct_sum_rate":5.86696767486052E+6,"direct_avg_rate_DUE":116818.9364837488,"DUE_power_limit":2,"Mslot":2,"method":"proposed-1","time":4504.014586}