{"NUM_UE":20,"NUM_RUE":5,"connected":4,"NUM_DUE":15,"MAX_LEN":1,"SEED":30,"sys_energy":2522.2478498711357,"direct_energy":3026.254586704029,"avg_energy":140.98363699047849,"direct_avg_energy":157.36618506598188,"EE":1211.5012671871657,"direct_EE":993.518865301082,"model_sys_energy":14801.088900390709,"direct_model_sys_energy":18908.16612889709,"model_avg_energy":787.09038108133734,"direct_model_avg_energy":982.52166783203518,"sum_rate":5.2096504519935921E+6,"direct_sum_rate":3.0187689652238847E+6,"direct_avg_rate_DUE":45736.633481720448,"DUE_power_limit":2,"Mslot":2,"method":"proposed-1","time":1322.136241}