{"NUM_UE":12,"NUM_RUE":3,"connected":2,"NUM_DUE":9,"MAX_LEN":1,"SEED":19,"sys_energy":1630.0024696322359,"direct_energy":1997.7632136237928,"avg_energy":133.64696734540641,"direct_avg_energy":156.92789282622053,"EE":846.72897382596432,"direct_EE":669.65443367909745,"model_sys_energy":9901.101670560085,"direct_model_sys_energy":12544.431337887756,"model_avg_energy":760.04126395078856,"direct_model_avg_energy":979.30453511064934,"sum_rate":2.2435460911423611E+6,"direct_sum_rate":1.3514760559837481E+6,"direct_avg_rate_DUE":70287.893966649688,"DUE_power_limit":2,"Mslot":2,"method":"proposed-1","time":1080.494797}