{"NUM_UE":12,"NUM_RUE":3,"connected":1,"NUM_DUE":9,"MAX_LEN":2,"SEED":33,"sys_energy":1275.2816542131268,"direct_energy":1592.2848398524566,"avg_energy":126.05823976036027,"direct_avg_energy":145.1736550269213,"EE":1800.4119598742732,"direct_EE":1400.3732743291298,"model_sys_energy":7580.0381909103608,"direct_model_sys_energy":9704.0770495046581,"model_avg_energy":749.33422959780137,"direct_model_avg_energy":889.12322799203366,"sum_rate":3.958118164048376E+6,"direct_sum_rate":2.2534836866080919E+6,"direct_avg_rate_DUE":113197.22104522247,"DUE_power_limit":2,"Mslot":2,"method":"proposed-2","time":3109.082215}