{"NUM_UE":12,"NUM_RUE":3,"connected":3,"NUM_DUE":9,"MAX_LEN":1,"SEED":11,"sys_energy":1403.23592119942,"direct_energy":1999.9896736413791,"avg_energy":102.41058784131228,"direct_avg_energy":139.00884237026364,"EE":2622.9488070523907,"direct_EE":1667.2600371562332,"model_sys_energy":8216.60032022832,"direct_model_sys_energy":12459.936225896741,"model_avg_energy":542.88843806971272,"direct_model_avg_energy":839.24071782848921,"sum_rate":7.8701609034637632E+6,"direct_sum_rate":3.3455483795871413E+6,"direct_avg_rate_DUE":147166.94783170367,"DUE_power_limit":2,"Mslot":2,"method":"proposed-1","time":844.404542}