{"NUM_UE":12,"NUM_RUE":3,"connected":3,"NUM_DUE":9,"MAX_LEN":2,"SEED":2,"sys_energy":927.15834277236752,"direct_energy":1675.8685868927337,"avg_energy":134.56189175819287,"direct_avg_energy":144.4777176157146,"EE":2041.7939680586182,"direct_EE":1023.8589465083581,"model_sys_energy":4994.0035988186683,"direct_model_sys_energy":10092.832290308161,"model_avg_energy":792.0794208790204,"direct_model_avg_energy":883.56239848280165,"sum_rate":3.0333407635648442E+6,"direct_sum_rate":1.7158530458624451E+6,"direct_avg_rate_DUE":17653.220614293146,"DUE_power_limit":2,"Mslot":2,"method":"proposed-2","time":6369.004159}