{"NUM_UE":8,"NUM_RUE":2,"connected":1,"NUM_DUE":6,"MAX_LEN":2,"SEED":32,"sys_energy":1062.5400665078112,"direct_energy":1435.4806913481275,"avg_energy":137.21089505461373,"direct_avg_energy":147.31237344579694,"EE":828.70869785907507,"direct_EE":531.7075778619793,"model_sys_energy":6460.5470845964373,"direct_model_sys_energy":8951.5182761201613,"model_avg_energy":817.11486911031216,"direct_model_avg_energy":906.07133552053278,"sum_rate":1.9337526417668876E+6,"direct_sum_rate":763255.96146435244,"direct_avg_rate_DUE":50645.374919874535,"DUE_power_limit":2,"Mslot":2,"method":"proposed-2","time":724.007071}