{"NUM_UE":20,"NUM_RUE":5,"connected":3,"NUM_DUE":15,"MAX_LEN":2,"SEED":15,"sys_energy":1847.7596794721321,"direct_energy":2399.3507347038344,"avg_energy":149.21357267654437,"direct_avg_energy":158.92287249958881,"EE":2339.9221291907852,"direct_EE":1718.8095420037189,"model_sys_energy":10503.209514605873,"direct_model_sys_energy":14417.574824794872,"model_avg_energy":878.76397595988817,"direct_model_avg_energy":993.86246796435557,"sum_rate":6.6379590720273629E+6,"direct_sum_rate":4.1438345587137206E+6,"direct_avg_rate_DUE":18092.801987933508,"DUE_power_limit":2,"Mslot":2,"method":"proposed-2","time":10759.647104}