{"NUM_UE":16,"NUM_RUE":4,"connected":4,"NUM_DUE":12,"MAX_LEN":1,"SEED":3,"sys_energy":1479.0295004592681,"direct_energy":2058.1687514884006,"avg_energy":100.20876382497558,"direct_avg_energy":141.40498314658598,"EE":3767.5806712035132,"direct_EE":2660.716850401051,"model_sys_energy":8091.0898141492034,"direct_model_sys_energy":12256.764105712393,"model_avg_energy":527.77042531410871,"direct_model_avg_energy":858.774980057532,"sum_rate":1.3888682443337059E+7,"direct_sum_rate":5.4865564751827093E+6,"direct_avg_rate_DUE":42049.394249482459,"DUE_power_limit":2,"Mslot":2,"method":"proposed-1","time":3220.030771}