{"NUM_UE":16,"NUM_RUE":4,"connected":3,"NUM_DUE":12,"MAX_LEN":1,"SEED":24,"sys_energy":1912.816826565678,"direct_energy":2290.4048272563618,"avg_energy":164.05173819922709,"direct_avg_energy":177.97833089106194,"EE":1005.0774007005277,"direct_EE":824.55206151432742,"model_sys_energy":11238.294355513321,"direct_model_sys_energy":13943.027924488319,"model_avg_energy":994.98838020735514,"direct_model_avg_energy":1122.4808937560108,"sum_rate":2.6272908296015831E+6,"direct_sum_rate":1.8916674390134898E+6,"direct_avg_rate_DUE":24127.076387419587,"DUE_power_limit":2,"Mslot":2,"method":"proposed-1","time":1564.234358}