{"NUM_UE":20,"NUM_RUE":5,"connected":4,"NUM_DUE":15,"MAX_LEN":2,"SEED":29,"sys_energy":1526.782087406755,"direct_energy":2534.2633714624403,"avg_energy":115.30966777658223,"direct_avg_energy":149.58827451328833,"EE":3058.2781855135149,"direct_EE":1763.3493542604374,"model_sys_energy":8433.3482450817646,"direct_model_sys_energy":15258.416381314511,"model_avg_energy":684.16481072550118,"direct_model_avg_energy":923.85552336721685,"sum_rate":8.39754137509206E+6,"direct_sum_rate":4.4911580631877827E+6,"direct_avg_rate_DUE":43444.402742047823,"DUE_power_limit":2,"Mslot":2,"method":"proposed-2","time":30449.337387}