{"NUM_UE":12,"NUM_RUE":3,"connected":1,"NUM_DUE":9,"MAX_LEN":2,"SEED":23,"sys_energy":1667.0556844520086,"direct_energy":1970.2775784074324,"avg_energy":192.24145886776023,"direct_avg_energy":196.51928648174979,"EE":1746.1566644743534,"direct_EE":1447.541025538058,"model_sys_energy":10248.974288101343,"direct_model_sys_energy":12291.376728279729,"model_avg_energy":1193.3213297223281,"direct_model_avg_energy":1232.0946960379504,"sum_rate":3.3301050401222981E+6,"direct_sum_rate":2.859043064782741E+6,"direct_avg_rate_DUE":45889.465269733686,"DUE_power_limit":2,"Mslot":2,"method":"proposed-2","time":1712.071234}