{"NUM_UE":20,"NUM_RUE":5,"connected":1,"NUM_DUE":15,"MAX_LEN":2,"SEED":31,"sys_energy":3300.0623630458608,"direct_energy":3645.8659459558853,"avg_energy":180.22620189258512,"direct_avg_energy":182.65849225274033,"EE":2181.7672171110266,"direct_EE":1956.9585022835258,"model_sys_energy":20457.872084991774,"direct_model_sys_energy":22750.680296564769,"model_avg_energy":1125.5841414382626,"direct_model_avg_energy":1147.6317747673133,"sum_rate":7.831397800508379E+6,"direct_sum_rate":7.2099645428834613E+6,"direct_avg_rate_DUE":117708.19967074566,"DUE_power_limit":2,"Mslot":2,"method":"proposed-2","time":10949.830884}