{"NUM_UE":12,"NUM_RUE":3,"connected":1,"NUM_DUE":9,"MAX_LEN":2,"SEED":7,"sys_energy":1453.1398957182912,"direct_energy":1766.5660907425731,"avg_energy":149.10090476395621,"direct_avg_energy":169.91541688457036,"EE":2781.7866078544043,"direct_EE":2258.0324390809383,"model_sys_energy":8683.1693977041159,"direct_model_sys_energy":10797.466365708769,"model_avg_energy":913.08444059784051,"direct_model_avg_energy":1070.2625837589376,"sum_rate":7.1300195194446594E+6,"direct_sum_rate":3.9889635386771308E+6,"direct_avg_rate_DUE":39685.791026680177,"DUE_power_limit":2,"Mslot":2,"method":"proposed-2","time":4860.090945}