{"NUM_UE":20,"NUM_RUE":5,"connected":5,"NUM_DUE":15,"MAX_LEN":1,"SEED":35,"sys_energy":2499.9118902869859,"direct_energy":3272.191139104983,"avg_energy":172.26435649599526,"direct_avg_energy":192.59739881432489,"EE":4173.7407154999291,"direct_EE":3157.8369847139784,"model_sys_energy":14841.725317878558,"direct_model_sys_energy":20573.520812897816,"model_avg_energy":996.99004379460735,"direct_model_avg_energy":1206.4806318964447,"sum_rate":1.2718963500824306E+7,"direct_sum_rate":1.0447213441531183E+7,"direct_avg_rate_DUE":96221.998005701258,"DUE_power_limit":2,"Mslot":2,"method":"proposed-1","time":1944.606801}