{"NUM_UE":12,"NUM_RUE":3,"connected":1,"NUM_DUE":9,"MAX_LEN":1,"SEED":17,"sys_energy":1555.0633428079971,"direct_energy":1685.4988986765402,"avg_energy":186.01302057757502,"direct_avg_energy":190.66996324596812,"EE":473.01025547746718,"direct_EE":433.551229435721,"model_sys_energy":9191.2206656841554,"direct_model_sys_energy":10141.22128938085,"model_avg_energy":1133.1591147504505,"direct_model_avg_energy":1198.9466188991553,"sum_rate":901534.17219864286,"direct_sum_rate":734211.146679648,"direct_avg_rate_DUE":11910.49005668987,"DUE_power_limit":2,"Mslot":2,"method":"proposed-1","time":503.031869}