{"NUM_UE":20,"NUM_RUE":5,"connected":5,"NUM_DUE":15,"MAX_LEN":1,"SEED":4,"sys_energy":2052.4543813776172,"direct_energy":2664.537126141965,"avg_energy":171.96812599692481,"direct_avg_energy":195.65853558956019,"EE":4782.2978446298766,"direct_EE":3507.8436126189954,"model_sys_energy":12037.582187594939,"direct_model_sys_energy":16186.957740995487,"model_avg_energy":1056.9044813212663,"direct_model_avg_energy":1227.2933250533492,"sum_rate":1.1534174158533936E+7,"direct_sum_rate":9.38931799622719E+6,"direct_avg_rate_DUE":101129.10969528745,"DUE_power_limit":2,"Mslot":2,"method":"proposed-1","time":2544.925656}