{"NUM_UE":8,"NUM_RUE":2,"connected":1,"NUM_DUE":6,"MAX_LEN":1,"SEED":30,"sys_energy":1343.846551964368,"direct_energy":1536.9383808608848,"avg_energy":154.13542185151829,"direct_avg_energy":154.10288686242654,"EE":1755.974627972086,"direct_EE":1512.7048066323516,"model_sys_energy":8281.4992580051967,"direct_model_sys_energy":9546.1471673703163,"model_avg_energy":948.80011207768644,"direct_model_avg_energy":958.313514125065,"sum_rate":2.6035447513448433E+6,"direct_sum_rate":2.3249340762260044E+6,"direct_avg_rate_DUE":60643.862634860205,"DUE_power_limit":2,"Mslot":2,"method":"proposed-1","time":450.305719}