{"NUM_UE":24,"NUM_RUE":6,"connected":5,"NUM_DUE":18,"MAX_LEN":1,"SEED":20,"sys_energy":3255.6858698424967,"direct_energy":4161.2933056628153,"avg_energy":154.74748070846377,"direct_avg_energy":183.99611478701368,"EE":2796.6415530078148,"direct_EE":2142.1556916682384,"model_sys_energy":19582.822062391482,"direct_model_sys_energy":26111.331961070427,"model_avg_energy":889.53118639401328,"direct_model_avg_energy":1150.5824128512281,"sum_rate":1.2371300358808812E+7,"direct_sum_rate":9.0071211327706985E+6,"direct_avg_rate_DUE":231383.42620288613,"DUE_power_limit":2,"Mslot":2,"method":"proposed-1","time":4066.928946}