{"NUM_UE":8,"NUM_RUE":2,"connected":2,"NUM_DUE":6,"MAX_LEN":1,"SEED":28,"sys_energy":984.03482880689148,"direct_energy":1342.5557446566738,"avg_energy":117.48349637932037,"direct_avg_energy":141.15270718144382,"EE":821.62516849033136,"direct_EE":567.69609671068577,"model_sys_energy":5769.1438515789869,"direct_model_sys_energy":8363.4440389575757,"model_avg_energy":633.78342215944713,"direct_model_avg_energy":843.35843706214519,"sum_rate":1.619434038385984E+6,"direct_sum_rate":762163.65585810191,"direct_avg_rate_DUE":26514.095510254057,"DUE_power_limit":2,"Mslot":2,"method":"proposed-1","time":607.53922}