{"NUM_UE":16,"NUM_RUE":4,"connected":3,"NUM_DUE":12,"MAX_LEN":1,"SEED":5,"sys_energy":1749.9939653316576,"direct_energy":2229.6523878018534,"avg_energy":139.28821276922847,"direct_avg_energy":167.93920027122363,"EE":1573.8681085503231,"direct_EE":1223.5123902763762,"model_sys_energy":10248.774712716047,"direct_model_sys_energy":13506.106191900411,"model_avg_energy":833.35631959024158,"direct_model_avg_energy":1056.9878408588884,"sum_rate":3.7625320979934083E+6,"direct_sum_rate":2.7406455243592975E+6,"direct_avg_rate_DUE":47344.132728981691,"DUE_power_limit":2,"Mslot":2,"method":"proposed-1","time":1389.264123}