{"NUM_UE":12,"NUM_RUE":3,"connected":1,"NUM_DUE":9,"MAX_LEN":1,"SEED":15,"sys_energy":1735.2299700198096,"direct_energy":1908.4896943495523,"avg_energy":145.77301195930181,"direct_avg_energy":151.75729648273941,"EE":2168.6050383714855,"direct_EE":1954.7189818334903,"model_sys_energy":10695.026055845821,"direct_model_sys_energy":11912.684054910451,"model_avg_energy":865.62354215022151,"direct_model_avg_energy":932.23772728279312,"sum_rate":4.535400953754779E+6,"direct_sum_rate":3.7336482856422965E+6,"direct_avg_rate_DUE":63932.190523764235,"DUE_power_limit":2,"Mslot":2,"method":"proposed-1","time":555.627496}