{"NUM_UE":16,"NUM_RUE":4,"connected":4,"NUM_DUE":12,"MAX_LEN":1,"SEED":16,"sys_energy":1822.6196159335555,"direct_energy":2399.8227820539887,"avg_energy":159.29676287601023,"direct_avg_energy":188.90124392645978,"EE":3309.676835808953,"direct_EE":2482.5403375278706,"model_sys_energy":10683.297658260322,"direct_model_sys_energy":14664.360554439685,"model_avg_energy":958.460328277187,"direct_model_avg_energy":1188.6759151255553,"sum_rate":7.3081601279211659E+6,"direct_sum_rate":5.9602858615167029E+6,"direct_avg_rate_DUE":21723.816299684662,"DUE_power_limit":2,"Mslot":2,"method":"proposed-1","time":2746.759915}