{"NUM_UE":24,"NUM_RUE":6,"connected":5,"NUM_DUE":18,"MAX_LEN":2,"SEED":4,"sys_energy":1933.5368294630482,"direct_energy":3237.2507525939664,"avg_energy":148.20990558212665,"direct_avg_energy":170.75565086237225,"EE":5051.64751644795,"direct_EE":2860.3196221694334,"model_sys_energy":10668.23285407661,"direct_model_sys_energy":20050.757786458704,"model_avg_energy":861.61639750413235,"direct_model_avg_energy":1075.8481439958446,"sum_rate":1.5924074006718831E+7,"direct_sum_rate":9.3185499354195539E+6,"direct_avg_rate_DUE":123297.47916522785,"DUE_power_limit":2,"Mslot":2,"method":"proposed-2","time":36454.609237}