{"NUM_UE":24,"NUM_RUE":6,"connected":6,"NUM_DUE":18,"MAX_LEN":1,"SEED":12,"sys_energy":2618.1197979610583,"direct_energy":3651.6021046031606,"avg_energy":126.5898082681781,"direct_avg_energy":168.49355700631915,"EE":2819.3668748488576,"direct_EE":1975.884905394732,"model_sys_energy":15578.598376597432,"direct_model_sys_energy":22999.737215955116,"model_avg_energy":729.52781121925125,"direct_model_avg_energy":1060.7312567007227,"sum_rate":1.5193031513253879E+7,"direct_sum_rate":7.2686096595700979E+6,"direct_avg_rate_DUE":74848.995531273249,"DUE_power_limit":2,"Mslot":2,"method":"proposed-1","time":2628.384583}