{"NUM_UE":16,"NUM_RUE":4,"connected":3,"NUM_DUE":12,"MAX_LEN":2,"SEED":5,"sys_energy":1437.5672430327345,"direct_energy":2229.6523878018534,"avg_energy":151.91453127427258,"direct_avg_energy":167.93920027122363,"EE":1944.3374081628219,"direct_EE":1223.5123902763762,"model_sys_energy":8232.3985670841,"direct_model_sys_energy":13506.106191900411,"model_avg_energy":917.95595828860439,"direct_model_avg_energy":1056.9878408588884,"sum_rate":4.1516391129469704E+6,"direct_sum_rate":2.7406455243592975E+6,"direct_avg_rate_DUE":47344.132728981691,"DUE_power_limit":2,"Mslot":2,"method":"proposed-2","time":7971.993455}