{"NUM_UE":24,"NUM_RUE":6,"connected":4,"NUM_DUE":18,"MAX_LEN":2,"SEED":16,"sys_energy":2730.3478634179723,"direct_energy":3966.0755768527983,"avg_energy":167.37091076594155,"direct_avg_energy":204.62790504389912,"EE":2401.6084465170225,"direct_EE":1579.2984092894822,"model_sys_energy":16065.422808246321,"direct_model_sys_energy":24906.420412128438,"model_avg_energy":1000.9323745531419,"direct_model_avg_energy":1276.1063623123966,"sum_rate":1.1950527782100217E+7,"direct_sum_rate":6.3201357824239023E+6,"direct_avg_rate_DUE":41585.109143044014,"DUE_power_limit":2,"Mslot":2,"method":"proposed-2","time":12358.541136}