{"NUM_UE":20,"NUM_RUE":5,"connected":5,"NUM_DUE":15,"MAX_LEN":1,"SEED":23,"sys_energy":1740.15894475925,"direct_energy":2498.8823973248277,"avg_energy":101.64313318781171,"direct_avg_energy":137.42963632564914,"EE":784.72425029598708,"direct_EE":507.15671234300817,"model_sys_energy":10015.795397716509,"direct_model_sys_energy":15025.830760999153,"model_avg_energy":599.63372879819076,"direct_model_avg_energy":826.31624752764492,"sum_rate":2.6339080165062775E+6,"direct_sum_rate":1.293524898968885E+6,"direct_avg_rate_DUE":21719.070700008702,"DUE_power_limit":2,"Mslot":2,"method":"proposed-1","time":1361.744673}