{"NUM_UE":16,"NUM_RUE":4,"connected":2,"NUM_DUE":12,"MAX_LEN":2,"SEED":6,"sys_energy":1677.3906098654929,"direct_energy":2170.7662691985593,"avg_energy":143.794004343109,"direct_avg_energy":158.36246475294,"EE":1059.0483704251835,"direct_EE":792.036406339628,"model_sys_energy":9630.3120827869643,"direct_model_sys_energy":13019.728253372628,"model_avg_energy":843.33093630261965,"direct_model_avg_energy":983.90957829754291,"sum_rate":2.3775330763204521E+6,"direct_sum_rate":1.7203068656488811E+6,"direct_avg_rate_DUE":35710.53321743726,"DUE_power_limit":2,"Mslot":2,"method":"proposed-2","time":6377.277472}