{"NUM_UE":24,"NUM_RUE":6,"connected":5,"NUM_DUE":18,"MAX_LEN":2,"SEED":26,"sys_energy":2497.8729122525324,"direct_energy":3884.9970145592179,"avg_energy":122.74565703694388,"direct_avg_energy":142.40402869234876,"EE":3537.18070757196,"direct_EE":2159.786707451226,"model_sys_energy":14730.501477653843,"direct_model_sys_energy":24264.123344113581,"model_avg_energy":700.50484006902059,"direct_model_avg_energy":866.87256267951125,"sum_rate":1.5616010760002142E+7,"direct_sum_rate":8.464940222904861E+6,"direct_avg_rate_DUE":170748.18115673974,"DUE_power_limit":2,"Mslot":2,"method":"proposed-2","time":18599.311085}