{"NUM_UE":16,"NUM_RUE":4,"connected":4,"NUM_DUE":12,"MAX_LEN":1,"SEED":33,"sys_energy":1728.4452138179652,"direct_energy":2298.331467346341,"avg_energy":162.47112457071802,"direct_avg_energy":186.14833985202725,"EE":1955.1022270219819,"direct_EE":1441.0068861587952,"model_sys_energy":10159.421646393568,"direct_model_sys_energy":14109.060057803108,"model_avg_energy":967.484990441081,"direct_model_avg_energy":1172.4508497066809,"sum_rate":4.4664258691214416E+6,"direct_sum_rate":3.3220208011344238E+6,"direct_avg_rate_DUE":77599.964298859457,"DUE_power_limit":2,"Mslot":2,"method":"proposed-1","time":2292.444217}