{"NUM_UE":12,"NUM_RUE":3,"connected":1,"NUM_DUE":9,"MAX_LEN":2,"SEED":16,"sys_energy":1665.271458862976,"direct_energy":2048.3747883800515,"avg_energy":121.98296329117306,"direct_avg_energy":138.54143979701561,"EE":2638.945448113142,"direct_EE":2113.9868150230373,"model_sys_energy":10269.948387082071,"direct_model_sys_energy":12776.861071187215,"model_avg_energy":741.29660185388468,"direct_model_avg_energy":835.41749207900887,"sum_rate":5.3082296525363121E+6,"direct_sum_rate":4.3302372948610326E+6,"direct_avg_rate_DUE":58299.660453307646,"DUE_power_limit":2,"Mslot":2,"method":"proposed-2","time":745.517874}