{"NUM_UE":12,"NUM_RUE":3,"connected":2,"NUM_DUE":9,"MAX_LEN":2,"SEED":21,"sys_energy":1180.6024205195322,"direct_energy":1863.9728860796745,"avg_energy":107.28956597875657,"direct_avg_energy":139.87711268973362,"EE":2165.2036280514176,"direct_EE":1310.1416675853773,"model_sys_energy":6962.6677628886791,"direct_model_sys_energy":11567.53625035372,"model_avg_energy":617.27745778606061,"direct_model_avg_energy":846.33407009102029,"sum_rate":5.5790972710922556E+6,"direct_sum_rate":2.4420685453023533E+6,"direct_avg_rate_DUE":57376.163512337138,"DUE_power_limit":2,"Mslot":2,"method":"proposed-2","time":3909.759871}