{"NUM_UE":8,"NUM_RUE":2,"connected":1,"NUM_DUE":6,"MAX_LEN":1,"SEED":33,"sys_energy":1220.9660423499045,"direct_energy":1368.62795875324,"avg_energy":201.26742540488988,"direct_avg_energy":202.24420099208334,"EE":1421.2472007081096,"direct_EE":1251.4245426666798,"model_sys_energy":7523.0096518012015,"direct_model_sys_energy":8531.6322403342147,"model_avg_energy":1246.0102322423852,"direct_model_avg_energy":1263.3904930632361,"sum_rate":1.8932140287622123E+6,"direct_sum_rate":1.7127346173636049E+6,"direct_avg_rate_DUE":49733.706326577762,"DUE_power_limit":2,"Mslot":2,"method":"proposed-1","time":470.174834}