{"NUM_UE":12,"NUM_RUE":3,"connected":2,"NUM_DUE":9,"MAX_LEN":1,"SEED":21,"sys_energy":1475.3247187960255,"direct_energy":1863.9728860796745,"avg_energy":107.83475200128576,"direct_avg_energy":139.87711268973362,"EE":1679.1307345898069,"direct_EE":1310.1416675853773,"model_sys_energy":8917.8585692707366,"direct_model_sys_energy":11567.53625035372,"model_avg_energy":620.48946976229354,"direct_model_avg_energy":846.33407009102029,"sum_rate":5.1501321938695805E+6,"direct_sum_rate":2.4420685453023533E+6,"direct_avg_rate_DUE":57376.163512337138,"DUE_power_limit":2,"Mslot":2,"method":"proposed-1","time":1027.256742}