{"NUM_UE":16,"NUM_RUE":4,"connected":3,"NUM_DUE":12,"MAX_LEN":1,"SEED":18,"sys_energy":1869.662970809942,"direct_energy":2260.0806171240997,"avg_energy":149.72665426476374,"direct_avg_energy":166.0200831971805,"EE":535.48953596121817,"direct_EE":410.29187996207583,"model_sys_energy":11102.713139501515,"direct_model_sys_energy":13778.785722144403,"model_avg_energy":932.16806001941643,"direct_model_avg_energy":1043.9083631692677,"sum_rate":1.5507804744039266E+6,"direct_sum_rate":932661.61860901047,"direct_avg_rate_DUE":18373.367299577221,"DUE_power_limit":2,"Mslot":2,"method":"proposed-1","time":1046.232281}