{"NUM_UE":24,"NUM_RUE":6,"connected":3,"NUM_DUE":18,"MAX_LEN":2,"SEED":6,"sys_energy":2420.7939982318612,"direct_energy":3074.2236214029754,"avg_energy":134.24798118712849,"direct_avg_energy":151.90808033910869,"EE":1168.9819132407131,"direct_EE":872.29172763513111,"model_sys_energy":14181.612720370635,"direct_model_sys_energy":18916.353025449665,"model_avg_energy":795.53704891859536,"direct_model_avg_energy":939.63307186789416,"sum_rate":4.59931992416104E+6,"direct_sum_rate":2.7324051881922353E+6,"direct_avg_rate_DUE":53433.359935831948,"DUE_power_limit":2,"Mslot":2,"method":"proposed-2","time":19651.756354}