{"NUM_UE":12,"NUM_RUE":3,"connected":2,"NUM_DUE":9,"MAX_LEN":1,"SEED":7,"sys_energy":1435.7628039701949,"direct_energy":1766.5660907425731,"avg_energy":138.68826747648768,"direct_avg_energy":169.91541688457036,"EE":2842.031419412443,"direct_EE":2258.0324390809383,"model_sys_energy":8564.17818524197,"direct_model_sys_energy":10797.466365708769,"model_avg_energy":868.55803794807343,"direct_model_avg_energy":1070.2625837589376,"sum_rate":7.4615540811282722E+6,"direct_sum_rate":3.9889635386771308E+6,"direct_avg_rate_DUE":39685.791026680177,"DUE_power_limit":2,"Mslot":2,"method":"proposed-1","time":1071.15668}