{"NUM_UE":8,"NUM_RUE":2,"connected":1,"NUM_DUE":6,"MAX_LEN":1,"SEED":12,"sys_energy":1103.0117881440092,"direct_energy":1276.0518431197002,"avg_energy":133.00682150182189,"direct_avg_energy":144.92293787534459,"EE":399.99167158290084,"direct_EE":336.26721105749317,"model_sys_energy":6788.5143591339111,"direct_model_sys_energy":7924.4901521418433,"model_avg_energy":822.619799885015,"direct_model_avg_energy":887.12238031661025,"sum_rate":561194.76704222208,"direct_sum_rate":429094.39445063536,"direct_avg_rate_DUE":31917.507249116054,"DUE_power_limit":2,"Mslot":2,"method":"proposed-1","time":355.113249}