{"NUM_UE":12,"NUM_RUE":3,"connected":3,"NUM_DUE":9,"MAX_LEN":1,"SEED":30,"sys_energy":1465.950574681038,"direct_energy":1907.878416706805,"avg_energy":137.15701033540668,"direct_avg_energy":158.63778243348406,"EE":2041.3278905826428,"direct_EE":1545.3727401342062,"model_sys_energy":8881.259976653806,"direct_model_sys_energy":11957.777287471165,"model_avg_energy":823.16551222255157,"direct_model_avg_energy":991.79548404931677,"sum_rate":4.1017456541412459E+6,"direct_sum_rate":2.9542625159530346E+6,"direct_avg_rate_DUE":52368.659897357393,"DUE_power_limit":2,"Mslot":2,"method":"proposed-1","time":845.04364}