{"NUM_UE":16,"NUM_RUE":4,"connected":3,"NUM_DUE":12,"MAX_LEN":2,"SEED":31,"sys_energy":1584.8980923239508,"direct_energy":2475.0345447123022,"avg_energy":150.33036341391755,"direct_avg_energy":173.87335132491711,"EE":3602.5678118239744,"direct_EE":2234.464850125898,"model_sys_energy":9272.673100823893,"direct_model_sys_energy":15487.8437062173,"model_avg_energy":914.568037975195,"direct_model_avg_energy":1096.275735248631,"sum_rate":8.1461427968632961E+6,"direct_sum_rate":5.5494486081603309E+6,"direct_avg_rate_DUE":72707.033290944863,"DUE_power_limit":2,"Mslot":2,"method":"proposed-2","time":9224.795763}