{"NUM_UE":8,"NUM_RUE":2,"connected":1,"NUM_DUE":6,"MAX_LEN":1,"SEED":20,"sys_energy":1111.6088263835095,"direct_energy":1286.9632799249002,"avg_energy":187.0955673305312,"direct_avg_energy":207.86140077685712,"EE":1684.9669377610032,"direct_EE":1443.7736697304222,"model_sys_energy":6566.3459189443483,"direct_model_sys_energy":7870.1376312007233,"model_avg_energy":1074.438088098118,"direct_model_avg_energy":1293.0735625326884,"sum_rate":3.1051401620788393E+6,"direct_sum_rate":1.8580836974654738E+6,"direct_avg_rate_DUE":81800.420203028843,"DUE_power_limit":2,"Mslot":2,"method":"proposed-1","time":531.220853}