{"NUM_UE":20,"NUM_RUE":5,"connected":5,"NUM_DUE":15,"MAX_LEN":2,"SEED":20,"sys_energy":1798.0662991777247,"direct_energy":2813.1918831431231,"avg_energy":91.249656648980675,"direct_avg_energy":132.02028161046908,"EE":2017.3757767130921,"direct_EE":1239.8977953600297,"model_sys_energy":10236.199605560656,"direct_model_sys_energy":17362.425224025777,"model_avg_energy":482.32795826770626,"direct_model_avg_energy":796.96698572611626,"sum_rate":6.5122905627789414E+6,"direct_sum_rate":3.5059305744999018E+6,"direct_avg_rate_DUE":84622.790403476873,"DUE_power_limit":2,"Mslot":2,"method":"proposed-2","time":8989.816802}