{"NUM_UE":12,"NUM_RUE":3,"connected":3,"NUM_DUE":9,"MAX_LEN":2,"SEED":28,"sys_energy":793.38100016978058,"direct_energy":1587.9687616744086,"avg_energy":91.362440850927612,"direct_avg_energy":132.74623155445366,"EE":1055.5818853434364,"direct_EE":486.08754169001821,"model_sys_energy":4137.529598995251,"direct_model_sys_energy":9483.6922121908738,"model_avg_energy":521.62056399890184,"direct_model_avg_energy":788.2296205365061,"sum_rate":1.8816369411251333E+6,"direct_sum_rate":773786.39702314057,"direct_avg_rate_DUE":23685.679977407191,"DUE_power_limit":2,"Mslot":2,"method":"proposed-2","time":3936.384159}