{"NUM_UE":12,"NUM_RUE":3,"connected":2,"NUM_DUE":9,"MAX_LEN":2,"SEED":20,"sys_energy":1558.9083309801326,"direct_energy":2103.9302177630084,"avg_energy":135.272755841475,"direct_avg_energy":163.03671908853667,"EE":3824.4594600024461,"direct_EE":2712.3780340627591,"model_sys_energy":9355.914587626703,"direct_model_sys_energy":13131.542235627761,"model_avg_energy":774.15446862460169,"direct_model_avg_energy":1013.7575470632937,"sum_rate":1.2601677588669179E+7,"direct_sum_rate":5.8064389230032945E+6,"direct_avg_rate_DUE":268397.81202766031,"DUE_power_limit":2,"Mslot":2,"method":"proposed-2","time":1835.258948}