{"NUM_UE":12,"NUM_RUE":3,"connected":1,"NUM_DUE":9,"MAX_LEN":1,"SEED":25,"sys_energy":1613.7345774805935,"direct_energy":1726.5203671016311,"avg_energy":185.56204316618451,"direct_avg_energy":194.29450310069865,"EE":472.18539513867387,"direct_EE":438.48790461056956,"model_sys_energy":9645.03420486414,"direct_model_sys_energy":10442.487159993887,"model_avg_energy":1147.7593344343907,"direct_model_avg_energy":1219.6313908449677,"sum_rate":871051.069946637,"direct_sum_rate":760958.11576440244,"direct_avg_rate_DUE":18866.548739890968,"DUE_power_limit":2,"Mslot":2,"method":"proposed-1","time":877.026056}