{"NUM_UE":12,"NUM_RUE":3,"connected":1,"NUM_DUE":9,"MAX_LEN":1,"SEED":16,"sys_energy":1872.2420488531702,"direct_energy":2048.3747883800515,"avg_energy":135.33210748573239,"direct_avg_energy":138.54143979701561,"EE":2333.1846596106275,"direct_EE":2113.9868150230373,"model_sys_energy":11623.556245812459,"direct_model_sys_energy":12776.861071187215,"model_avg_energy":819.87353618934151,"direct_model_avg_energy":835.41749207900887,"sum_rate":4.6971378265345711E+6,"direct_sum_rate":4.3302372948610326E+6,"direct_avg_rate_DUE":58299.660453307646,"DUE_power_limit":2,"Mslot":2,"method":"proposed-1","time":449.019097}