{"NUM_UE":24,"NUM_RUE":6,"connected":3,"NUM_DUE":18,"MAX_LEN":2,"SEED":34,"sys_energy":2267.9928124248522,"direct_energy":2835.45040399803,"avg_energy":115.78933687820718,"direct_avg_energy":122.6594973387722,"EE":1559.2878078228803,"direct_EE":1204.088058248441,"model_sys_energy":12742.880345692791,"direct_model_sys_energy":17061.899562763781,"model_avg_energy":649.22194344729689,"direct_model_avg_energy":725.99671241482326,"sum_rate":4.8806782132125264E+6,"direct_sum_rate":3.4850853673211825E+6,"direct_avg_rate_DUE":54190.869188383338,"DUE_power_limit":2,"Mslot":2,"method":"proposed-2","time":10878.255228}