{"NUM_UE":20,"NUM_RUE":5,"connected":5,"NUM_DUE":15,"MAX_LEN":1,"SEED":24,"sys_energy":2622.9693152151563,"direct_energy":3496.1783459863891,"avg_energy":130.80143341924841,"direct_avg_energy":157.49952307482778,"EE":939.19476485924292,"direct_EE":661.30175210876189,"model_sys_energy":15568.863580644958,"direct_model_sys_energy":21890.87651452611,"model_avg_energy":743.55703419098927,"direct_model_avg_energy":983.49828622266614,"sum_rate":4.19605164350102E+6,"direct_sum_rate":2.3426855130262091E+6,"direct_avg_rate_DUE":73964.705882381415,"DUE_power_limit":2,"Mslot":2,"method":"proposed-1","time":1769.975454}