{"NUM_UE":8,"NUM_RUE":2,"connected":0,"NUM_DUE":6,"MAX_LEN":2,"SEED":17,"sys_energy":1297.6010870450616,"direct_energy":1297.6010870450616,"avg_energy":177.02209763632629,"direct_avg_energy":177.02209763632627,"EE":471.46925159495294,"direct_EE":471.46925159495294,"model_sys_energy":8091.3806537207083,"direct_model_sys_energy":8091.3806537207083,"model_avg_energy":1106.3983596513408,"direct_model_avg_energy":1106.398359651339,"sum_rate":611779.01337793237,"direct_sum_rate":611779.0133779326,"direct_avg_rate_DUE":34612.425481605191,"DUE_power_limit":2,"Mslot":2,"method":"proposed-2","time":339.026854}