{"NUM_UE":8,"NUM_RUE":2,"connected":1,"NUM_DUE":6,"MAX_LEN":2,"SEED":26,"sys_energy":902.25807279011235,"direct_energy":1055.5731656936287,"avg_energy":124.78920171343447,"direct_avg_energy":150.05872516874854,"EE":634.64677634379143,"direct_EE":517.25092805586678,"model_sys_energy":5246.4532103768088,"direct_model_sys_energy":6286.9722969386821,"model_avg_energy":776.07543673273881,"direct_model_avg_energy":927.49786399056234,"sum_rate":929594.74603521416,"direct_sum_rate":550684.3902715476,"direct_avg_rate_DUE":20982.147464869162,"DUE_power_limit":2,"Mslot":2,"method":"proposed-2","time":664.512417}