{"NUM_UE":24,"NUM_RUE":6,"connected":6,"NUM_DUE":18,"MAX_LEN":1,"SEED":21,"sys_energy":2639.0462168761583,"direct_energy":3450.7547553909471,"avg_energy":168.61320482179312,"direct_avg_energy":199.39057904193547,"EE":3029.768272720461,"direct_EE":2284.9109130211682,"model_sys_energy":15382.495891701823,"direct_model_sys_energy":21129.01744920672,"model_avg_energy":1012.2980523758994,"direct_model_avg_energy":1247.9274020354867,"sum_rate":1.0252463688043602E+7,"direct_sum_rate":7.9026953234092891E+6,"direct_avg_rate_DUE":29881.787344822587,"DUE_power_limit":2,"Mslot":2,"method":"proposed-1","time":4492.375004}