{"NUM_UE":16,"NUM_RUE":4,"connected":3,"NUM_DUE":12,"MAX_LEN":2,"SEED":14,"sys_energy":1869.010219424179,"direct_energy":2442.315313421147,"avg_energy":166.10671167460958,"direct_avg_energy":193.35154239082937,"EE":1271.4506065429293,"direct_EE":943.43068256996014,"model_sys_energy":10973.305594464406,"direct_model_sys_energy":15116.334211756892,"model_avg_energy":957.3701127733724,"direct_model_avg_energy":1214.2959955471752,"sum_rate":3.4827151710732887E+6,"direct_sum_rate":2.30969246385753E+6,"direct_avg_rate_DUE":33360.7181112527,"DUE_power_limit":2,"Mslot":2,"method":"proposed-2","time":7595.716835}