{"NUM_UE":20,"NUM_RUE":5,"connected":5,"NUM_DUE":15,"MAX_LEN":1,"SEED":2,"sys_energy":2441.80152817813,"direct_energy":3121.3373087176433,"avg_energy":179.55378372377231,"direct_avg_energy":198.7497799221693,"EE":3197.936320915825,"direct_EE":2439.0249545682159,"model_sys_energy":14556.408860378862,"direct_model_sys_energy":19567.885903996084,"model_avg_energy":1048.3250048838597,"direct_model_avg_energy":1244.4181208514906,"sum_rate":1.0586552777621021E+7,"direct_sum_rate":7.651313670867282E+6,"direct_avg_rate_DUE":107628.93094011558,"DUE_power_limit":2,"Mslot":2,"method":"proposed-1","time":2181.597818}