{"NUM_UE":24,"NUM_RUE":6,"connected":5,"NUM_DUE":18,"MAX_LEN":2,"SEED":10,"sys_energy":2613.6930488161947,"direct_energy":3946.3789669746957,"avg_energy":142.65115161016709,"direct_avg_energy":159.40934209501015,"EE":2866.5347639920092,"direct_EE":1802.975026989913,"model_sys_energy":15414.378895356489,"direct_model_sys_energy":24743.640536607258,"model_avg_energy":837.88717217578551,"direct_model_avg_energy":998.862194104407,"sum_rate":1.0756542988642853E+7,"direct_sum_rate":7.2802925204628995E+6,"direct_avg_rate_DUE":195553.12298618341,"DUE_power_limit":2,"Mslot":2,"method":"proposed-2","time":14967.604492}