{"NUM_UE":12,"NUM_RUE":3,"connected":2,"NUM_DUE":9,"MAX_LEN":2,"SEED":9,"sys_energy":1213.2519773637237,"direct_energy":1684.5449232387207,"avg_energy":122.68525035454735,"direct_avg_energy":154.58265050884947,"EE":5210.3048415011117,"direct_EE":3706.5159972795213,"model_sys_energy":7115.2193696826953,"direct_model_sys_energy":10291.56909696466,"model_avg_energy":747.15170093555332,"direct_model_avg_energy":961.909523672504,"sum_rate":1.2430095315988105E+7,"direct_sum_rate":6.2484948430360379E+6,"direct_avg_rate_DUE":45929.931542910846,"DUE_power_limit":2,"Mslot":2,"method":"proposed-2","time":1956.05398}