{"NUM_UE":20,"NUM_RUE":5,"connected":3,"NUM_DUE":15,"MAX_LEN":2,"SEED":14,"sys_energy":2192.0424369306079,"direct_energy":2850.2077403359458,"avg_energy":111.79274184826002,"direct_avg_energy":134.43596100463375,"EE":636.04420841265733,"direct_EE":464.7602919035786,"model_sys_energy":13129.314557814532,"direct_model_sys_energy":17695.15174383928,"model_avg_energy":652.88321444827625,"direct_model_avg_energy":797.88489926291732,"sum_rate":2.0545063735520127E+6,"direct_sum_rate":1.3553593567035641E+6,"direct_avg_rate_DUE":43928.349198344738,"DUE_power_limit":2,"Mslot":2,"method":"proposed-2","time":13066.881998}