{"NUM_UE":16,"NUM_RUE":4,"connected":4,"NUM_DUE":12,"MAX_LEN":1,"SEED":34,"sys_energy":1732.8333776717279,"direct_energy":2308.918039507806,"avg_energy":132.93334663956284,"direct_avg_energy":157.58070268359802,"EE":1758.6955769110916,"direct_EE":1283.402355158446,"model_sys_energy":10162.543707486993,"direct_model_sys_energy":14283.897700869666,"model_avg_energy":789.73854510665888,"direct_model_avg_energy":984.092396470076,"sum_rate":4.6402030386900064E+6,"direct_sum_rate":2.9749084173039957E+6,"direct_avg_rate_DUE":92365.551610573122,"DUE_power_limit":2,"Mslot":2,"method":"proposed-1","time":2090.465688}