{"NUM_UE":20,"NUM_RUE":5,"connected":3,"NUM_DUE":15,"MAX_LEN":1,"SEED":19,"sys_energy":2513.7922045261321,"direct_energy":2957.0698603938795,"avg_energy":163.40970698243149,"direct_avg_energy":181.41783417476864,"EE":1716.8386272240202,"direct_EE":1421.2228512206614,"model_sys_energy":15029.758314845811,"direct_model_sys_energy":18343.671743517887,"model_avg_energy":967.08525670463041,"direct_model_avg_energy":1143.8604804937909,"sum_rate":6.538641449956052E+6,"direct_sum_rate":4.2177122765512066E+6,"direct_avg_rate_DUE":40245.24708539142,"DUE_power_limit":2,"Mslot":2,"method":"proposed-1","time":1216.820957}