{"NUM_UE":24,"NUM_RUE":6,"connected":5,"NUM_DUE":18,"MAX_LEN":1,"SEED":19,"sys_energy":2280.2427240395768,"direct_energy":3084.1122608450287,"avg_energy":96.124045063361265,"direct_avg_energy":130.43377999535758,"EE":1828.9083146939215,"direct_EE":1312.2295719308404,"model_sys_energy":13656.023295296145,"direct_model_sys_energy":19256.975536290305,"model_avg_energy":555.21807164595577,"direct_model_avg_energy":793.79788878052068,"sum_rate":7.7753478574998826E+6,"direct_sum_rate":4.2720696889964845E+6,"direct_avg_rate_DUE":76401.34869166663,"DUE_power_limit":2,"Mslot":2,"method":"proposed-1","time":3353.184982}