{"NUM_UE":24,"NUM_RUE":6,"connected":6,"NUM_DUE":18,"MAX_LEN":2,"SEED":30,"sys_energy":1774.7344966307533,"direct_energy":3130.690506425678,"avg_energy":130.06576081013182,"direct_avg_energy":161.88751054692173,"EE":2506.919088005403,"direct_EE":1335.7621675065607,"model_sys_energy":9601.520296212153,"direct_model_sys_energy":19090.520062712083,"model_avg_energy":750.34905480444422,"direct_model_avg_energy":1015.0946581407288,"sum_rate":8.4388386898365784E+6,"direct_sum_rate":4.2041446013247622E+6,"direct_avg_rate_DUE":26368.048824391528,"DUE_power_limit":2,"Mslot":2,"method":"proposed-2","time":15547.297148}