{"NUM_UE":16,"NUM_RUE":4,"connected":3,"NUM_DUE":12,"MAX_LEN":1,"SEED":15,"sys_energy":1961.4889993919958,"direct_energy":2474.0064755042758,"avg_energy":115.54392395281485,"direct_avg_energy":136.54531590343191,"EE":1438.5765428172608,"direct_EE":1117.6651898363716,"model_sys_energy":11819.548510148939,"direct_model_sys_energy":15317.428344675662,"model_avg_energy":676.61308468009872,"direct_model_avg_energy":819.077725681917,"sum_rate":4.61826834820519E+6,"direct_sum_rate":2.7651109171008989E+6,"direct_avg_rate_DUE":47683.158268036146,"DUE_power_limit":2,"Mslot":2,"method":"proposed-1","time":1440.639882}