{"NUM_UE":12,"NUM_RUE":3,"connected":1,"NUM_DUE":9,"MAX_LEN":2,"SEED":27,"sys_energy":1429.4269465301811,"direct_energy":1703.4640251786043,"avg_energy":170.58870780904306,"direct_avg_energy":180.13341284556159,"EE":4449.2809578477236,"direct_EE":3719.3274143323561,"model_sys_energy":8577.2569749519116,"direct_model_sys_energy":10376.419778883839,"model_avg_energy":1071.4365487500502,"direct_model_avg_energy":1135.9365360689389,"sum_rate":6.6593040836813357E+6,"direct_sum_rate":6.34161718248606E+6,"direct_avg_rate_DUE":21974.871669874683,"DUE_power_limit":2,"Mslot":2,"method":"proposed-2","time":4723.55977}