{"NUM_UE":20,"NUM_RUE":5,"connected":5,"NUM_DUE":15,"MAX_LEN":1,"SEED":20,"sys_energy":1993.131418375958,"direct_energy":2813.1918831431231,"avg_energy":89.432581785673491,"direct_avg_energy":132.02028161046908,"EE":1820.6509352837202,"direct_EE":1239.8977953600297,"model_sys_energy":11651.54403195363,"direct_model_sys_energy":17362.425224025777,"model_avg_energy":485.57394883546749,"direct_model_avg_energy":796.96698572611626,"sum_rate":7.0015724251787234E+6,"direct_sum_rate":3.5059305744999018E+6,"direct_avg_rate_DUE":84622.790403476873,"DUE_power_limit":2,"Mslot":2,"method":"proposed-1","time":1710.958044}