{"NUM_UE":16,"NUM_RUE":4,"connected":4,"NUM_DUE":12,"MAX_LEN":1,"SEED":11,"sys_energy":2020.3234112212085,"direct_energy":2653.1809060179653,"avg_energy":150.14802169993044,"direct_avg_energy":173.84532122861947,"EE":2635.8480925477261,"direct_EE":1978.2742447307578,"model_sys_energy":12200.924399785366,"direct_model_sys_energy":16691.067995289821,"model_avg_energy":882.64360512650751,"direct_model_avg_energy":1096.0941333996536,"sum_rate":6.3612022190021994E+6,"direct_sum_rate":5.2646213220915673E+6,"direct_avg_rate_DUE":95918.409117530377,"DUE_power_limit":2,"Mslot":2,"method":"proposed-1","time":2135.553971}