{"NUM_UE":12,"NUM_RUE":3,"connected":2,"NUM_DUE":9,"MAX_LEN":2,"SEED":18,"sys_energy":1702.6993493864907,"direct_energy":2082.4835619749156,"avg_energy":112.27345690115806,"direct_avg_energy":142.7741077561366,"EE":478.30537424219415,"direct_EE":352.59918329746785,"model_sys_energy":10314.501553376373,"direct_model_sys_energy":12995.313836378242,"model_avg_energy":651.75275389532692,"direct_model_avg_energy":869.86339528111148,"sum_rate":1.5079505698503384E+6,"direct_sum_rate":741226.27038534335,"direct_avg_rate_DUE":52676.763122914315,"DUE_power_limit":2,"Mslot":2,"method":"proposed-2","time":1103.439824}