{"NUM_UE":16,"NUM_RUE":4,"connected":1,"NUM_DUE":12,"MAX_LEN":2,"SEED":13,"sys_energy":2174.7227693707114,"direct_energy":2505.703222550118,"avg_energy":161.83586171596937,"direct_avg_energy":172.45706356667847,"EE":1191.8733707399615,"direct_EE":1016.5305572956876,"model_sys_energy":13400.80046855074,"direct_model_sys_energy":15656.904927385192,"model_avg_energy":1001.2677425418606,"direct_model_avg_energy":1087.0535476878927,"sum_rate":3.5734705902788951E+6,"direct_sum_rate":2.5659510061786058E+6,"direct_avg_rate_DUE":67003.652096794583,"DUE_power_limit":2,"Mslot":2,"method":"proposed-2","time":1806.215669}