{"NUM_UE":20,"NUM_RUE":5,"connected":5,"NUM_DUE":15,"MAX_LEN":1,"SEED":18,"sys_energy":1698.901326914912,"direct_energy":2491.1543501279139,"avg_energy":85.670002742940568,"direct_avg_energy":132.08314408740813,"EE":1703.1202269598814,"direct_EE":1125.0484832425789,"model_sys_energy":9724.2629479567913,"direct_model_sys_energy":15130.517672763142,"model_avg_energy":480.79014114815084,"direct_model_avg_energy":782.93759718275464,"sum_rate":8.1875700963253193E+6,"direct_sum_rate":2.8519665523680476E+6,"direct_avg_rate_DUE":75314.545457176617,"DUE_power_limit":2,"Mslot":2,"method":"proposed-1","time":2950.33076}