{"NUM_UE":24,"NUM_RUE":6,"connected":6,"NUM_DUE":18,"MAX_LEN":1,"SEED":4,"sys_energy":2361.3144928517013,"direct_energy":3237.2507525939664,"avg_energy":142.75750190630512,"direct_avg_energy":170.75565086237225,"EE":4030.8849148306535,"direct_EE":2860.3196221694334,"model_sys_energy":13527.019643425943,"direct_model_sys_energy":20050.757786458704,"model_avg_energy":818.5811923711,"direct_model_avg_energy":1075.8481439958446,"sum_rate":1.3982007857073892E+7,"direct_sum_rate":9.3185499354195539E+6,"direct_avg_rate_DUE":123297.47916522785,"DUE_power_limit":2,"Mslot":2,"method":"proposed-1","time":6466.455823}