{"NUM_UE":20,"NUM_RUE":5,"connected":4,"NUM_DUE":15,"MAX_LEN":1,"SEED":7,"sys_energy":2632.9186276111095,"direct_energy":3298.6232648369187,"avg_energy":83.1408042287449,"direct_avg_energy":108.48460428072708,"EE":1607.9806400742698,"direct_EE":1223.8655291031166,"model_sys_energy":15663.535085322192,"direct_model_sys_energy":20373.708854727483,"model_avg_energy":453.93024244780679,"direct_model_avg_energy":649.11826052647962,"sum_rate":7.8750502492867764E+6,"direct_sum_rate":4.1823551094108708E+6,"direct_avg_rate_DUE":116545.96053937395,"DUE_power_limit":2,"Mslot":2,"method":"proposed-1","time":994.787148}