{"NUM_UE":12,"NUM_RUE":3,"connected":2,"NUM_DUE":9,"MAX_LEN":2,"SEED":24,"sys_energy":1182.1025448051803,"direct_energy":1635.0352105956263,"avg_energy":105.77234269009635,"direct_avg_energy":140.37316413181276,"EE":572.32100288043262,"direct_EE":391.45676754060332,"model_sys_energy":6837.1482600497,"direct_model_sys_energy":9760.4700220276882,"model_avg_energy":653.05580447350451,"direct_model_avg_energy":850.37978263828461,"sum_rate":1.287345376352933E+6,"direct_sum_rate":640045.59835483343,"direct_avg_rate_DUE":20237.610480083782,"DUE_power_limit":2,"Mslot":2,"method":"proposed-2","time":3369.602568}