{"NUM_UE":20,"NUM_RUE":5,"connected":3,"NUM_DUE":15,"MAX_LEN":2,"SEED":19,"sys_energy":2222.0391374715323,"direct_energy":2957.0698603938795,"avg_energy":161.74791062494842,"direct_avg_energy":181.41783417476864,"EE":1954.1848911465474,"direct_EE":1421.2228512206614,"model_sys_energy":13238.554407485046,"direct_model_sys_energy":18343.671743517887,"model_avg_energy":970.59843365627762,"direct_model_avg_energy":1143.8604804937909,"sum_rate":6.5203053109590448E+6,"direct_sum_rate":4.2177122765512066E+6,"direct_avg_rate_DUE":40245.24708539142,"DUE_power_limit":2,"Mslot":2,"method":"proposed-2","time":6551.434135}