{"NUM_UE":20,"NUM_RUE":5,"connected":5,"NUM_DUE":15,"MAX_LEN":1,"SEED":9,"sys_energy":1992.526072418982,"direct_energy":2882.1941502536652,"avg_energy":89.8026380196238,"direct_avg_energy":124.82150893013427,"EE":2065.2758380872547,"direct_EE":1380.6627864560387,"model_sys_energy":11713.378287739921,"direct_model_sys_energy":17919.584912997041,"model_avg_energy":503.24314313439515,"direct_model_avg_energy":738.59085050159865,"sum_rate":7.9551269613900464E+6,"direct_sum_rate":4.040388536246228E+6,"direct_avg_rate_DUE":71279.890468268422,"DUE_power_limit":2,"Mslot":2,"method":"proposed-1","time":2762.463287}