{"NUM_UE":12,"NUM_RUE":3,"connected":2,"NUM_DUE":9,"MAX_LEN":1,"SEED":29,"sys_energy":1354.4655839605994,"direct_energy":1697.5504980732865,"avg_energy":112.1921738439501,"direct_avg_energy":147.49407014474122,"EE":3007.9162992375154,"direct_EE":2355.8444031469644,"model_sys_energy":8035.6532517577489,"direct_model_sys_energy":10282.503089956106,"model_avg_energy":695.09121077046427,"direct_model_avg_energy":898.91191806578524,"sum_rate":5.1823039835682549E+6,"direct_sum_rate":3.999164839945294E+6,"direct_avg_rate_DUE":78761.986489298317,"DUE_power_limit":2,"Mslot":2,"method":"proposed-1","time":1371.703158}