{"NUM_UE":16,"NUM_RUE":4,"connected":3,"NUM_DUE":12,"MAX_LEN":2,"SEED":9,"sys_energy":1642.4271228544367,"direct_energy":2168.5313804158627,"avg_energy":146.07355800942136,"direct_avg_energy":182.31494541582143,"EE":3327.8697407100453,"direct_EE":2481.4268250775663,"model_sys_energy":9540.6765336021,"direct_model_sys_energy":13116.69677217432,"model_avg_energy":883.05933987455842,"direct_model_avg_energy":1149.35348291275,"sum_rate":1.390681364953519E+7,"direct_sum_rate":5.3893206493691131E+6,"direct_avg_rate_DUE":26805.245407482947,"DUE_power_limit":2,"Mslot":2,"method":"proposed-2","time":3562.732493}