{"NUM_UE":24,"NUM_RUE":6,"connected":3,"NUM_DUE":18,"MAX_LEN":2,"SEED":2,"sys_energy":2054.8171949212597,"direct_energy":2733.4278060825404,"avg_energy":124.56587196750353,"direct_avg_energy":139.66384004981651,"EE":1851.2179352503204,"direct_EE":1365.8056542849893,"model_sys_energy":11734.158547908579,"direct_model_sys_energy":16358.085557621678,"model_avg_energy":742.42964154776053,"direct_model_avg_energy":862.25903678281111,"sum_rate":5.3950269284333019E+6,"direct_sum_rate":3.8068774107653513E+6,"direct_avg_rate_DUE":35950.571306115846,"DUE_power_limit":2,"Mslot":2,"method":"proposed-2","time":10551.851303}