{"NUM_UE":8,"NUM_RUE":2,"connected":2,"NUM_DUE":6,"MAX_LEN":1,"SEED":11,"sys_energy":779.84003755934418,"direct_energy":1121.7080909141175,"avg_energy":91.6015913216416,"direct_avg_energy":135.32259632373638,"EE":712.6465937725709,"direct_EE":480.1433575183695,"model_sys_energy":4538.9229295230452,"direct_model_sys_energy":6758.9270260244657,"model_avg_energy":538.79181420164491,"direct_model_avg_energy":809.08720733491214,"sum_rate":899490.27980640437,"direct_sum_rate":538580.68892702484,"direct_avg_rate_DUE":55049.9125119107,"DUE_power_limit":2,"Mslot":2,"method":"proposed-1","time":666.077948}