{"NUM_UE":12,"NUM_RUE":3,"connected":1,"NUM_DUE":9,"MAX_LEN":2,"SEED":17,"sys_energy":1450.5955215075871,"direct_energy":1685.4988986765402,"avg_energy":190.01016719297604,"direct_avg_energy":190.66996324596812,"EE":512.66950161325781,"direct_EE":433.551229435721,"model_sys_energy":8607.9929107406679,"direct_model_sys_energy":10141.22128938085,"model_avg_energy":1189.6198517050677,"direct_model_avg_energy":1198.9466188991553,"sum_rate":837618.74579783494,"direct_sum_rate":734211.146679648,"direct_avg_rate_DUE":11910.49005668987,"DUE_power_limit":2,"Mslot":2,"method":"proposed-2","time":1145.758373}