{"NUM_UE":16,"NUM_RUE":4,"connected":1,"NUM_DUE":12,"MAX_LEN":1,"SEED":13,"sys_energy":2334.426208091701,"direct_energy":2505.703222550118,"avg_energy":165.91848581428854,"direct_avg_energy":172.45706356667847,"EE":1104.8860335463753,"direct_EE":1016.5305572956876,"model_sys_energy":14452.790906315971,"direct_model_sys_energy":15656.904927385192,"model_avg_energy":1024.8505175082073,"direct_model_avg_energy":1087.0535476878927,"sum_rate":3.1796351122135581E+6,"direct_sum_rate":2.5659510061786058E+6,"direct_avg_rate_DUE":67003.652096794583,"DUE_power_limit":2,"Mslot":2,"method":"proposed-1","time":839.608013}