{"NUM_UE":20,"NUM_RUE":5,"connected":5,"NUM_DUE":15,"MAX_LEN":1,"SEED":33,"sys_energy":2324.8438625285244,"direct_energy":3173.6429665410078,"avg_energy":126.7445710773297,"direct_avg_energy":157.2480441932818,"EE":1684.155337815514,"direct_EE":1135.2134788291435,"model_sys_energy":14061.002296832054,"direct_model_sys_energy":19950.114046328261,"model_avg_energy":762.16672851330327,"direct_model_avg_energy":981.6555395647523,"sum_rate":6.7680216979160309E+6,"direct_sum_rate":3.6525618274202594E+6,"direct_avg_rate_DUE":132524.13932763698,"DUE_power_limit":2,"Mslot":2,"method":"proposed-1","time":1955.143064}