{"NUM_UE":12,"NUM_RUE":3,"connected":2,"NUM_DUE":9,"MAX_LEN":1,"SEED":22,"sys_energy":1890.53816997184,"direct_energy":2307.3021701907542,"avg_energy":176.73701584814216,"direct_avg_energy":204.6716949598048,"EE":5920.7269560631958,"direct_EE":4815.6493685421365,"model_sys_energy":11490.033284937994,"direct_model_sys_energy":14459.774812343945,"model_avg_energy":1048.4651958917746,"direct_model_avg_energy":1276.3382876613766,"sum_rate":1.4573107455358494E+7,"direct_sum_rate":1.1111158238915006E+7,"direct_avg_rate_DUE":246377.25659031267,"DUE_power_limit":2,"Mslot":2,"method":"proposed-1","time":1181.25141}