{"NUM_UE":8,"NUM_RUE":2,"connected":1,"NUM_DUE":6,"MAX_LEN":1,"SEED":13,"sys_energy":1161.0538667031005,"direct_energy":1359.7720345269065,"avg_energy":147.57432624220294,"direct_avg_energy":167.84004004960579,"EE":1747.6885421110351,"direct_EE":1436.861649230698,"model_sys_energy":7134.8838617629763,"direct_model_sys_energy":8527.789689519559,"model_avg_energy":880.02977110081247,"direct_model_avg_energy":1056.3166098784341,"sum_rate":3.8794810098465076E+6,"direct_sum_rate":1.9538042881081125E+6,"direct_avg_rate_DUE":80878.98502118433,"DUE_power_limit":2,"Mslot":2,"method":"proposed-1","time":421.941302}