{"NUM_UE":8,"NUM_RUE":2,"connected":1,"NUM_DUE":6,"MAX_LEN":2,"SEED":3,"sys_energy":959.35729667328008,"direct_energy":1294.7694197180895,"avg_energy":132.95913252222709,"direct_avg_energy":147.33397724462139,"EE":4043.1726247281381,"direct_EE":2969.3138899171845,"model_sys_energy":5788.466431531866,"direct_model_sys_energy":8059.3709681431992,"model_avg_energy":791.30178207494055,"direct_model_avg_energy":906.24139700222713,"sum_rate":5.0735550670290105E+6,"direct_sum_rate":3.8445768222089359E+6,"direct_avg_rate_DUE":51842.027019653826,"DUE_power_limit":2,"Mslot":2,"method":"proposed-2","time":1159.694957}