{"NUM_UE":16,"NUM_RUE":4,"connected":3,"NUM_DUE":12,"MAX_LEN":2,"SEED":18,"sys_energy":1681.6842235692011,"direct_energy":2260.0806171240997,"avg_energy":152.91252229171528,"direct_avg_energy":166.0200831971805,"EE":616.753215721293,"direct_EE":410.29187996207583,"model_sys_energy":9751.0813979275426,"direct_model_sys_energy":13778.785722144403,"model_avg_energy":947.02035055005342,"direct_model_avg_energy":1043.9083631692677,"sum_rate":1.7946446469001814E+6,"direct_sum_rate":932661.61860901047,"direct_avg_rate_DUE":18373.367299577221,"DUE_power_limit":2,"Mslot":2,"method":"proposed-2","time":4025.588979}