{"NUM_UE":20,"NUM_RUE":5,"connected":4,"NUM_DUE":15,"MAX_LEN":1,"SEED":8,"sys_energy":2706.8300094190035,"direct_energy":3525.0681887849473,"avg_energy":119.73048022475227,"direct_avg_energy":146.52156469621076,"EE":2061.6440984821925,"direct_EE":1533.2005885773633,"model_sys_energy":16281.742926790455,"direct_model_sys_energy":22012.271576505984,"model_avg_energy":689.85134276759038,"direct_model_avg_energy":899.83029331234661,"sum_rate":1.0093977011757132E+7,"direct_sum_rate":5.4265210015230272E+6,"direct_avg_rate_DUE":104870.78378325752,"DUE_power_limit":2,"Mslot":2,"method":"proposed-1","time":1578.457927}