{"NUM_UE":20,"NUM_RUE":5,"connected":4,"NUM_DUE":15,"MAX_LEN":2,"SEED":30,"sys_energy":2057.9003523229949,"direct_energy":3026.254586704029,"avg_energy":138.252197952075,"direct_avg_energy":157.36618506598188,"EE":1513.9803455522331,"direct_EE":993.518865301082,"model_sys_energy":11825.366414004451,"direct_model_sys_energy":18908.16612889709,"model_avg_energy":779.03810198137273,"direct_model_avg_energy":982.52166783203518,"sum_rate":6.0775104726634612E+6,"direct_sum_rate":3.0187689652238847E+6,"direct_avg_rate_DUE":45736.633481720448,"DUE_power_limit":2,"Mslot":2,"method":"proposed-2","time":10521.866603}