{"NUM_UE":20,"NUM_RUE":5,"connected":4,"NUM_DUE":15,"MAX_LEN":2,"SEED":17,"sys_energy":1657.175643237734,"direct_energy":2531.5909972748541,"avg_energy":119.59095824867059,"direct_avg_energy":143.10289531129385,"EE":748.060228026403,"direct_EE":409.93695547987238,"model_sys_energy":9070.9943115361639,"direct_model_sys_energy":15392.137514643895,"model_avg_energy":684.42714334619143,"direct_model_avg_energy":872.51625162740675,"sum_rate":2.7313328643195326E+6,"direct_sum_rate":1.0584352525904158E+6,"direct_avg_rate_DUE":21464.603988092978,"DUE_power_limit":2,"Mslot":2,"method":"proposed-2","time":8882.016753}