{"NUM_UE":16,"NUM_RUE":4,"connected":2,"NUM_DUE":12,"MAX_LEN":2,"SEED":15,"sys_energy":1814.6387740754442,"direct_energy":2474.0064755042758,"avg_energy":118.82596937771626,"direct_avg_energy":136.54531590343191,"EE":1567.8706321981019,"direct_EE":1117.6651898363716,"model_sys_energy":10878.869665352657,"direct_model_sys_energy":15317.428344675662,"model_avg_energy":689.57160333445336,"direct_model_avg_energy":819.077725681917,"sum_rate":5.1269470167195871E+6,"direct_sum_rate":2.7651109171008989E+6,"direct_avg_rate_DUE":47683.158268036146,"DUE_power_limit":2,"Mslot":2,"method":"proposed-2","time":9907.653837}