{"NUM_UE":24,"NUM_RUE":6,"connected":6,"NUM_DUE":18,"MAX_LEN":1,"SEED":9,"sys_energy":2365.3944244826384,"direct_energy":2992.2260378380506,"avg_energy":147.30644783268869,"direct_avg_energy":185.39061562826257,"EE":2553.7154177185303,"direct_EE":1993.6164328531177,"model_sys_energy":13516.700145507599,"direct_model_sys_energy":18120.329360152842,"model_avg_energy":868.03594251383208,"direct_model_avg_energy":1167.9325999292969,"sum_rate":1.1652488222416785E+7,"direct_sum_rate":5.9895947320422921E+6,"direct_avg_rate_DUE":22095.708163451782,"DUE_power_limit":2,"Mslot":2,"method":"proposed-1","time":1892.954647}