{"NUM_UE":16,"NUM_RUE":4,"connected":3,"NUM_DUE":12,"MAX_LEN":2,"SEED":33,"sys_energy":1629.5980975546747,"direct_energy":2298.331467346341,"avg_energy":169.54672507629098,"direct_avg_energy":186.14833985202725,"EE":2104.278693159878,"direct_EE":1441.0068861587952,"model_sys_energy":9539.3031549542375,"direct_model_sys_energy":14109.060057803108,"model_avg_energy":1022.3636643358328,"direct_model_avg_energy":1172.4508497066809,"sum_rate":4.7181146772473361E+6,"direct_sum_rate":3.3220208011344238E+6,"direct_avg_rate_DUE":77599.964298859457,"DUE_power_limit":2,"Mslot":2,"method":"proposed-2","time":6631.9213}