{"NUM_UE":16,"NUM_RUE":4,"connected":3,"NUM_DUE":12,"MAX_LEN":1,"SEED":8,"sys_energy":2024.8570900678599,"direct_energy":2457.3848619509681,"avg_energy":148.08455842797389,"direct_avg_energy":170.39334345444371,"EE":1268.4346937330815,"direct_EE":1015.1702653591981,"model_sys_energy":12188.033644686915,"direct_model_sys_energy":15323.378367467973,"model_avg_energy":870.58249004688662,"direct_model_avg_energy":1073.44389856826,"sum_rate":3.6351707933124816E+6,"direct_sum_rate":2.506507815796237E+6,"direct_avg_rate_DUE":69863.153038637,"DUE_power_limit":2,"Mslot":2,"method":"proposed-1","time":719.289102}