{"NUM_UE":16,"NUM_RUE":4,"connected":1,"NUM_DUE":12,"MAX_LEN":2,"SEED":35,"sys_energy":1825.1301204426256,"direct_energy":2104.2724302953593,"avg_energy":114.69676817508399,"direct_avg_energy":131.4370320861687,"EE":3073.6142427852574,"direct_EE":2659.7854302675873,"model_sys_energy":10737.572079639993,"direct_model_sys_energy":12566.089755023755,"model_avg_energy":665.07158083269587,"direct_model_avg_energy":771.46486416547782,"sum_rate":5.8878083744681487E+6,"direct_sum_rate":5.5999470642857384E+6,"direct_avg_rate_DUE":47889.441491354948,"DUE_power_limit":2,"Mslot":2,"method":"proposed-2","time":10557.410691}