{"NUM_UE":20,"NUM_RUE":5,"connected":3,"NUM_DUE":15,"MAX_LEN":2,"SEED":23,"sys_energy":1794.9459584956985,"direct_energy":2498.8823973248277,"avg_energy":118.75511740592455,"direct_avg_energy":137.42963632564914,"EE":752.40467703420745,"direct_EE":507.15671234300817,"model_sys_energy":10184.65071013212,"direct_model_sys_energy":15025.830760999153,"model_avg_energy":672.88692870044,"direct_model_avg_energy":826.31624752764492,"sum_rate":2.8559636350160767E+6,"direct_sum_rate":1.293524898968885E+6,"direct_avg_rate_DUE":21719.070700008702,"DUE_power_limit":2,"Mslot":2,"method":"proposed-2","time":16693.699867}