{"NUM_UE":16,"NUM_RUE":4,"connected":3,"NUM_DUE":12,"MAX_LEN":2,"SEED":4,"sys_energy":1578.3800364486449,"direct_energy":2456.5035224930289,"avg_energy":117.23520999465518,"direct_avg_energy":141.56029137931046,"EE":4574.2773655491228,"direct_EE":2750.68882338778,"model_sys_energy":9282.759556036397,"direct_model_sys_energy":15329.301704553704,"model_avg_energy":679.94406483647276,"direct_model_avg_energy":853.37330080908168,"sum_rate":1.2641846313377744E+7,"direct_sum_rate":6.8328252712424733E+6,"direct_avg_rate_DUE":297661.25919396483,"DUE_power_limit":2,"Mslot":2,"method":"proposed-2","time":4994.898836}