{"NUM_UE":16,"NUM_RUE":4,"connected":2,"NUM_DUE":12,"MAX_LEN":2,"SEED":22,"sys_energy":1974.02101975178,"direct_energy":2753.5624434458182,"avg_energy":163.01952869884872,"direct_avg_energy":190.4511716838395,"EE":4845.5127119099507,"direct_EE":3429.0673237736187,"model_sys_energy":12137.398234456901,"direct_model_sys_energy":17317.184117207642,"model_avg_energy":1012.7902268139651,"direct_model_avg_energy":1193.1981610577682,"sum_rate":1.2987390394523291E+7,"direct_sum_rate":9.4838290284976E+6,"direct_avg_rate_DUE":170306.30978027327,"DUE_power_limit":2,"Mslot":2,"method":"proposed-2","time":6427.087232}