{"NUM_UE":20,"NUM_RUE":5,"connected":2,"NUM_DUE":15,"MAX_LEN":2,"SEED":21,"sys_energy":2282.7459861565408,"direct_energy":2837.9529609466858,"avg_energy":138.30983561541581,"direct_avg_energy":152.58537433739556,"EE":2281.6081438933388,"direct_EE":1780.9378392845172,"model_sys_energy":13518.535891638587,"direct_model_sys_energy":17565.188554765064,"model_avg_energy":815.32363191925344,"direct_model_avg_energy":946.85542566109871,"sum_rate":7.452132505338653E+6,"direct_sum_rate":5.0723925666059107E+6,"direct_avg_rate_DUE":42260.840687625976,"DUE_power_limit":2,"Mslot":2,"method":"proposed-2","time":21986.578988}