{"NUM_UE":24,"NUM_RUE":6,"connected":5,"NUM_DUE":18,"MAX_LEN":1,"SEED":31,"sys_energy":2726.939691825788,"direct_energy":3572.1457206378136,"avg_energy":90.389400183098431,"direct_avg_energy":124.00088837804778,"EE":1586.1946364325154,"direct_EE":1144.8841525624732,"model_sys_energy":16261.502322787643,"direct_model_sys_energy":22246.328090475123,"model_avg_energy":493.51792776503584,"direct_model_avg_energy":739.0711308645017,"sum_rate":9.06039843142558E+6,"direct_sum_rate":4.2188371727747088E+6,"direct_avg_rate_DUE":91258.1970569754,"DUE_power_limit":2,"Mslot":2,"method":"proposed-1","time":2975.049578}