{"NUM_UE":8,"NUM_RUE":2,"connected":1,"NUM_DUE":6,"MAX_LEN":1,"SEED":6,"sys_energy":1036.1339107143965,"direct_energy":1178.211284286594,"avg_energy":159.82794890188035,"direct_avg_energy":168.30766399986197,"EE":866.02233457879765,"direct_EE":755.88147217614835,"model_sys_energy":6160.490946122417,"direct_model_sys_energy":7162.4299030439324,"model_avg_energy":969.79708107121314,"direct_model_avg_energy":1059.4776927527887,"sum_rate":1.1445610820304598E+6,"direct_sum_rate":890588.08010110119,"direct_avg_rate_DUE":32465.954681177642,"DUE_power_limit":2,"Mslot":2,"method":"proposed-1","time":475.582726}