{"NUM_UE":24,"NUM_RUE":6,"connected":3,"NUM_DUE":18,"MAX_LEN":2,"SEED":5,"sys_energy":2486.9257541418847,"direct_energy":3152.0077861634513,"avg_energy":140.26790343094936,"direct_avg_energy":154.03225322486364,"EE":1579.6341633313905,"direct_EE":1198.3939106811151,"model_sys_energy":14780.880639921868,"direct_model_sys_energy":19416.511908303666,"model_avg_energy":868.60012604931,"direct_model_avg_energy":957.78301242665623,"sum_rate":5.5733600064949477E+6,"direct_sum_rate":3.8288542815149552E+6,"direct_avg_rate_DUE":74163.54548718415,"DUE_power_limit":2,"Mslot":2,"method":"proposed-2","time":10339.6223}