{"NUM_UE":16,"NUM_RUE":4,"connected":4,"NUM_DUE":12,"MAX_LEN":2,"SEED":16,"sys_energy":1418.486460554539,"direct_energy":2399.8227820539887,"avg_energy":155.91539837652422,"direct_avg_energy":188.90124392645978,"EE":4284.2450409826633,"direct_EE":2482.5403375278706,"model_sys_energy":7929.1690927671543,"direct_model_sys_energy":14664.360554439685,"model_avg_energy":894.082225704542,"direct_model_avg_energy":1188.6759151255553,"sum_rate":9.3371430930008031E+6,"direct_sum_rate":5.9602858615167029E+6,"direct_avg_rate_DUE":21723.816299684662,"DUE_power_limit":2,"Mslot":2,"method":"proposed-2","time":11882.859177}