{"NUM_UE":20,"NUM_RUE":5,"connected":3,"NUM_DUE":15,"MAX_LEN":2,"SEED":11,"sys_energy":2651.5868513890846,"direct_energy":3572.6420337112586,"avg_energy":135.01847585197535,"direct_avg_energy":152.90626134635525,"EE":2148.890620450175,"direct_EE":1532.2859586330642,"model_sys_energy":16011.40856827248,"direct_model_sys_energy":22283.41408747531,"model_avg_energy":790.1421219428687,"direct_model_avg_energy":944.35891156884315,"sum_rate":8.58298870733198E+6,"direct_sum_rate":5.6006048234101357E+6,"direct_avg_rate_DUE":156148.98157248116,"DUE_power_limit":2,"Mslot":2,"method":"proposed-2","time":4150.201172}