{"NUM_UE":24,"NUM_RUE":6,"connected":3,"NUM_DUE":18,"MAX_LEN":2,"SEED":13,"sys_energy":2991.3927106496803,"direct_energy":3529.0851146304703,"avg_energy":174.70108915213657,"direct_avg_energy":185.65456679762875,"EE":1774.7662303363632,"direct_EE":1466.2411264256125,"model_sys_energy":18152.221333992842,"direct_model_sys_energy":21966.582768528449,"model_avg_energy":1061.290558497072,"direct_model_avg_energy":1169.5091237385088,"sum_rate":6.64239576794199E+6,"direct_sum_rate":5.2273599515681081E+6,"direct_avg_rate_DUE":86889.529160998733,"DUE_power_limit":2,"Mslot":2,"method":"proposed-2","time":13062.663305}