{"NUM_UE":24,"NUM_RUE":6,"connected":4,"NUM_DUE":18,"MAX_LEN":1,"SEED":16,"sys_energy":3242.91950365367,"direct_energy":3966.0755768527983,"avg_energy":173.02612051252652,"direct_avg_energy":204.62790504389912,"EE":1971.1908253690856,"direct_EE":1579.2984092894822,"model_sys_energy":19690.330187490643,"direct_model_sys_energy":24906.420412128438,"model_avg_energy":1033.4780890439738,"direct_model_avg_energy":1276.1063623123966,"sum_rate":9.88558718692119E+6,"direct_sum_rate":6.3201357824239023E+6,"direct_avg_rate_DUE":41585.109143044014,"DUE_power_limit":2,"Mslot":2,"method":"proposed-1","time":2710.726922}