{"NUM_UE":24,"NUM_RUE":6,"connected":5,"NUM_DUE":18,"MAX_LEN":2,"SEED":20,"sys_energy":2740.5729430743409,"direct_energy":4161.2933056628153,"avg_energy":152.26237748983706,"direct_avg_energy":183.99611478701368,"EE":3419.7296936535531,"direct_EE":2142.1556916682384,"model_sys_energy":16318.615847989229,"direct_model_sys_energy":26111.331961070427,"model_avg_energy":918.74995215024308,"direct_model_avg_energy":1150.5824128512281,"sum_rate":1.5025157686628556E+7,"direct_sum_rate":9.0071211327706985E+6,"direct_avg_rate_DUE":231383.42620288613,"DUE_power_limit":2,"Mslot":2,"method":"proposed-2","time":12532.315309}