{"NUM_UE":16,"NUM_RUE":4,"connected":4,"NUM_DUE":12,"MAX_LEN":1,"SEED":28,"sys_energy":1614.1216559837528,"direct_energy":2154.4603134306412,"avg_energy":116.89397782112175,"direct_avg_energy":139.63467173657841,"EE":677.77517710480879,"direct_EE":485.21471092651655,"model_sys_energy":9350.74295014697,"direct_model_sys_energy":13033.602088315623,"model_avg_energy":703.59763308228139,"direct_model_avg_energy":844.3548269655073,"sum_rate":1.6048375951300813E+6,"direct_sum_rate":1.0517655218741256E+6,"direct_avg_rate_DUE":23207.3594169361,"DUE_power_limit":2,"Mslot":2,"method":"proposed-1","time":2272.684366}