{"NUM_UE":16,"NUM_RUE":4,"connected":3,"NUM_DUE":12,"MAX_LEN":2,"SEED":26,"sys_energy":1861.4397075267339,"direct_energy":2404.3488146295085,"avg_energy":163.44204660072938,"direct_avg_energy":193.45402525910202,"EE":1570.2822097145838,"direct_EE":1164.2065267287244,"model_sys_energy":10877.039178102812,"direct_model_sys_energy":14821.234673013678,"model_avg_energy":974.40701243501087,"direct_model_avg_energy":1214.8774032247509,"sum_rate":4.9290099108825941E+6,"direct_sum_rate":2.8115921141435481E+6,"direct_avg_rate_DUE":63351.280508388707,"DUE_power_limit":2,"Mslot":2,"method":"proposed-2","time":3323.414213}