{"NUM_UE":20,"NUM_RUE":5,"connected":3,"NUM_DUE":15,"MAX_LEN":2,"SEED":16,"sys_energy":1561.2955790531551,"direct_energy":2288.9467934132695,"avg_energy":118.51750641173996,"direct_avg_energy":134.13362083393139,"EE":2042.1755503930717,"direct_EE":1302.9191579957128,"model_sys_energy":8415.7495952673144,"direct_model_sys_energy":13563.900616194935,"model_avg_energy":637.73555838979962,"direct_model_avg_energy":796.76399704144171,"sum_rate":7.00829954847579E+6,"direct_sum_rate":3.0059990428969315E+6,"direct_avg_rate_DUE":14715.685255068309,"DUE_power_limit":2,"Mslot":2,"method":"proposed-2","time":12151.300335}