{"NUM_UE":20,"NUM_RUE":5,"connected":5,"NUM_DUE":15,"MAX_LEN":1,"SEED":31,"sys_energy":2755.3518234979292,"direct_energy":3645.8659459558853,"avg_energy":150.03450381468252,"direct_avg_energy":182.65849225274033,"EE":2671.3678753266331,"direct_EE":1956.9585022835258,"model_sys_energy":16449.846929347674,"direct_model_sys_energy":22750.680296564769,"model_avg_energy":877.237520364677,"direct_model_avg_energy":1147.6317747673133,"sum_rate":1.1047234369034462E+7,"direct_sum_rate":7.2099645428834613E+6,"direct_avg_rate_DUE":117708.19967074566,"DUE_power_limit":2,"Mslot":2,"method":"proposed-1","time":1888.145038}