{"NUM_UE":24,"NUM_RUE":6,"connected":5,"NUM_DUE":18,"MAX_LEN":1,"SEED":28,"sys_energy":3135.0625066378193,"direct_energy":4013.0648366433875,"avg_energy":143.37109340934265,"direct_avg_energy":169.86106319305281,"EE":2059.1614255154241,"direct_EE":1579.6218209484009,"model_sys_energy":19001.495930801397,"direct_model_sys_energy":25276.432274528524,"model_avg_energy":845.34825609447125,"direct_model_avg_energy":1069.9000680639183,"sum_rate":8.6002230566276573E+6,"direct_sum_rate":6.3655988796603726E+6,"direct_avg_rate_DUE":71296.866836100089,"DUE_power_limit":2,"Mslot":2,"method":"proposed-1","time":2469.949275}