{"NUM_UE":8,"NUM_RUE":2,"connected":2,"NUM_DUE":6,"MAX_LEN":2,"SEED":22,"sys_energy":542.82431279010552,"direct_energy":1123.9593986264954,"avg_energy":86.284047945754949,"direct_avg_energy":130.91870870217096,"EE":10295.871711290521,"direct_EE":4703.2547024948981,"model_sys_energy":2746.8746336721447,"direct_model_sys_energy":6771.2719365719577,"model_avg_energy":428.80959188774489,"direct_model_avg_energy":773.76316630251131,"sum_rate":1.3524037648067186E+7,"direct_sum_rate":5.2862673270034017E+6,"direct_avg_rate_DUE":182699.52825822061,"DUE_power_limit":2,"Mslot":2,"method":"proposed-2","time":5411.281411}