{"NUM_UE":16,"NUM_RUE":4,"connected":4,"NUM_DUE":12,"MAX_LEN":1,"SEED":6,"sys_energy":1641.6479736981644,"direct_energy":2170.7662691985593,"avg_energy":139.62355197009722,"direct_avg_energy":158.36246475294,"EE":1073.095586379613,"direct_EE":792.036406339628,"model_sys_energy":9298.4590805512125,"direct_model_sys_energy":13019.728253372628,"model_avg_energy":806.463068452658,"direct_model_avg_energy":983.90957829754291,"sum_rate":2.24883485381683E+6,"direct_sum_rate":1.7203068656488811E+6,"direct_avg_rate_DUE":35710.53321743726,"DUE_power_limit":2,"Mslot":2,"method":"proposed-1","time":1103.217422}