{"NUM_UE":16,"NUM_RUE":4,"connected":1,"NUM_DUE":12,"MAX_LEN":2,"SEED":8,"sys_energy":2213.1462594031382,"direct_energy":2457.3848619509681,"avg_energy":169.81292348489927,"direct_avg_energy":170.39334345444371,"EE":1144.8218660094838,"direct_EE":1015.1702653591981,"model_sys_energy":13661.427351336932,"direct_model_sys_energy":15323.378367467973,"model_avg_energy":1066.8321745491703,"direct_model_avg_energy":1073.44389856826,"sum_rate":2.8433446987550911E+6,"direct_sum_rate":2.506507815796237E+6,"direct_avg_rate_DUE":69863.153038637,"DUE_power_limit":2,"Mslot":2,"method":"proposed-2","time":2538.182923}