{"NUM_UE":24,"NUM_RUE":6,"connected":6,"NUM_DUE":18,"MAX_LEN":1,"SEED":11,"sys_energy":3080.4685366866447,"direct_energy":3990.0053122314675,"avg_energy":142.58873626960963,"direct_avg_energy":172.10275322955707,"EE":2116.4264762053604,"direct_EE":1593.0213041449981,"model_sys_energy":18477.893909817285,"direct_model_sys_energy":25114.166899981657,"model_avg_energy":825.021340651237,"direct_model_avg_energy":1084.7315590872192,"sum_rate":9.745254582865499E+6,"direct_sum_rate":6.4178543980787452E+6,"direct_avg_rate_DUE":112242.01650312163,"DUE_power_limit":2,"Mslot":2,"method":"proposed-1","time":4387.381935}