{"NUM_UE":16,"NUM_RUE":4,"connected":3,"NUM_DUE":12,"MAX_LEN":2,"SEED":3,"sys_energy":1208.9576451060491,"direct_energy":2058.1687514884006,"avg_energy":98.702112688873612,"direct_avg_energy":141.40498314658598,"EE":4618.4210990986057,"direct_EE":2660.716850401051,"model_sys_energy":6712.7120318480929,"direct_model_sys_energy":12256.764105712393,"model_avg_energy":572.44995680043917,"direct_model_avg_energy":858.774980057532,"sum_rate":1.094617659279611E+7,"direct_sum_rate":5.4865564751827093E+6,"direct_avg_rate_DUE":42049.394249482459,"DUE_power_limit":2,"Mslot":2,"method":"proposed-2","time":12660.330572}