{"NUM_UE":20,"NUM_RUE":5,"connected":4,"NUM_DUE":15,"MAX_LEN":2,"SEED":4,"sys_energy":1647.9132841110563,"direct_energy":2664.537126141965,"avg_energy":158.35473853243738,"direct_avg_energy":195.65853558956019,"EE":6015.3944682101455,"direct_EE":3507.8436126189954,"model_sys_energy":9387.0091990329183,"direct_model_sys_energy":16186.957740995487,"model_avg_energy":942.09183433317082,"direct_model_avg_energy":1227.2933250533492,"sum_rate":1.6424452101424221E+7,"direct_sum_rate":9.38931799622719E+6,"direct_avg_rate_DUE":101129.10969528745,"DUE_power_limit":2,"Mslot":2,"method":"proposed-2","time":20327.106177}