{"NUM_UE":12,"NUM_RUE":3,"connected":1,"NUM_DUE":9,"MAX_LEN":2,"SEED":5,"sys_energy":1920.1284403002649,"direct_energy":2094.0995107779654,"avg_energy":165.58124307194007,"direct_avg_energy":174.88488229260813,"EE":1830.7742902920959,"direct_EE":1663.4987317545028,"model_sys_energy":11840.70635338108,"direct_model_sys_energy":13173.881631819597,"model_avg_energy":1012.61196924051,"direct_model_avg_energy":1102.8047440838238,"sum_rate":3.7175656274010446E+6,"direct_sum_rate":3.4835318803468705E+6,"direct_avg_rate_DUE":123793.96379317353,"DUE_power_limit":2,"Mslot":2,"method":"proposed-2","time":677.512265}