{"NUM_UE":12,"NUM_RUE":3,"connected":3,"NUM_DUE":9,"MAX_LEN":1,"SEED":2,"sys_energy":1251.2502742114234,"direct_energy":1675.8685868927337,"avg_energy":121.90840464606079,"direct_avg_energy":144.4777176157146,"EE":1433.7161334282696,"direct_EE":1023.8589465083581,"model_sys_energy":7188.4818682052755,"direct_model_sys_energy":10092.832290308161,"model_avg_energy":719.92312984067587,"direct_model_avg_energy":883.56239848280165,"sum_rate":3.0205652556354445E+6,"direct_sum_rate":1.7158530458624451E+6,"direct_avg_rate_DUE":17653.220614293146,"DUE_power_limit":2,"Mslot":2,"method":"proposed-1","time":1117.687462}