{"NUM_UE":12,"NUM_RUE":3,"connected":2,"NUM_DUE":9,"MAX_LEN":2,"SEED":3,"sys_energy":1368.7097599979479,"direct_energy":2159.6879232276578,"avg_energy":133.39393753534139,"direct_avg_energy":171.14473735858132,"EE":3556.4099682235292,"direct_EE":2153.3133060886685,"model_sys_energy":8341.2227490364639,"direct_model_sys_energy":13588.682637234526,"model_avg_energy":827.24364384554826,"direct_model_avg_energy":1078.4229736272137,"sum_rate":8.9403890157554336E+6,"direct_sum_rate":4.6504847420851178E+6,"direct_avg_rate_DUE":84833.590733201883,"DUE_power_limit":2,"Mslot":2,"method":"proposed-2","time":5516.747106}