{"NUM_UE":24,"NUM_RUE":6,"connected":3,"NUM_DUE":18,"MAX_LEN":2,"SEED":17,"sys_energy":2585.2412963844895,"direct_energy":3207.9451867697067,"avg_energy":192.47033215572887,"direct_avg_energy":199.06213419141815,"EE":875.70862599602776,"direct_EE":659.13556256335062,"model_sys_energy":14914.610239872045,"direct_model_sys_energy":19605.482374204967,"model_avg_energy":1132.6696712520609,"direct_model_avg_energy":1243.3353138726955,"sum_rate":3.904853158846207E+6,"direct_sum_rate":2.1384990029263962E+6,"direct_avg_rate_DUE":17109.624437433446,"DUE_power_limit":2,"Mslot":2,"method":"proposed-2","time":8840.11735}