{"NUM_UE":20,"NUM_RUE":5,"connected":2,"NUM_DUE":15,"MAX_LEN":2,"SEED":3,"sys_energy":2294.7146834641994,"direct_energy":2895.5937609603902,"avg_energy":150.76467821013813,"direct_avg_energy":168.34986320350512,"EE":4035.934556456205,"direct_EE":3156.3856994607622,"model_sys_energy":13947.542740654655,"direct_model_sys_energy":18010.530596753397,"model_avg_energy":931.23162804329536,"direct_model_avg_energy":1059.7624138047629,"sum_rate":1.1098020474378055E+7,"direct_sum_rate":9.1547728167451546E+6,"direct_avg_rate_DUE":68492.864766331928,"DUE_power_limit":2,"Mslot":2,"method":"proposed-2","time":24111.181268}