{"NUM_UE":20,"NUM_RUE":5,"connected":3,"NUM_DUE":15,"MAX_LEN":2,"SEED":7,"sys_energy":2465.9170167846173,"direct_energy":3298.6232648369187,"avg_energy":98.63000731525581,"direct_avg_energy":108.48460428072708,"EE":1739.0010434056155,"direct_EE":1223.8655291031166,"model_sys_energy":14504.546538334987,"direct_model_sys_energy":20373.708854727483,"model_avg_energy":535.05303642690944,"direct_model_avg_energy":649.11826052647962,"sum_rate":6.9796690249830261E+6,"direct_sum_rate":4.1823551094108708E+6,"direct_avg_rate_DUE":116545.96053937395,"DUE_power_limit":2,"Mslot":2,"method":"proposed-2","time":4685.16821}