{"NUM_UE":20,"NUM_RUE":5,"connected":4,"NUM_DUE":15,"MAX_LEN":1,"SEED":34,"sys_energy":2152.6741635603958,"direct_energy":2747.1066402818051,"avg_energy":125.35627045045428,"direct_avg_energy":150.17151225237893,"EE":2818.2230027319456,"direct_EE":2166.3684007922848,"model_sys_energy":13015.277618946888,"direct_model_sys_energy":17196.225746283522,"model_avg_energy":748.467203571381,"direct_model_avg_energy":928.36933277276307,"sum_rate":1.015473090468738E+7,"direct_sum_rate":6.0774496457615132E+6,"direct_avg_rate_DUE":110056.57746332973,"DUE_power_limit":2,"Mslot":2,"method":"proposed-1","time":1690.343564}