{"NUM_UE":12,"NUM_RUE":3,"connected":0,"NUM_DUE":9,"MAX_LEN":2,"SEED":10,"sys_energy":2057.516300500688,"direct_energy":2057.516300500688,"avg_energy":182.71547350694081,"direct_avg_energy":182.71547350694084,"EE":454.16904776012797,"direct_EE":454.16904776012797,"model_sys_energy":12932.533236783585,"direct_model_sys_energy":12932.533236783585,"model_avg_energy":1151.7950129636731,"direct_model_avg_energy":1151.7950129636731,"sum_rate":934460.21894933877,"direct_sum_rate":934460.21894933877,"direct_avg_rate_DUE":50639.655852706586,"DUE_power_limit":2,"Mslot":2,"method":"proposed-2","time":400.548699}