{"NUM_UE":20,"NUM_RUE":5,"connected":2,"NUM_DUE":15,"MAX_LEN":1,"SEED":12,"sys_energy":2572.0353255393793,"direct_energy":2859.7525465733706,"avg_energy":154.17194014580051,"direct_avg_energy":174.30910498876415,"EE":1538.4891012579737,"direct_EE":1359.5423285733118,"model_sys_energy":15789.20399199384,"direct_model_sys_energy":17814.854216755226,"model_avg_energy":964.80476872863346,"direct_model_avg_energy":1099.094180085224,"sum_rate":6.4417703166899122E+6,"direct_sum_rate":3.9131736321630045E+6,"direct_avg_rate_DUE":40199.097822170261,"DUE_power_limit":2,"Mslot":2,"method":"proposed-1","time":1268.261823}