{"NUM_UE":24,"NUM_RUE":6,"connected":3,"NUM_DUE":18,"MAX_LEN":2,"SEED":33,"sys_energy":2785.718739577595,"direct_energy":3658.8340768011381,"avg_energy":195.12592907314527,"direct_avg_energy":208.05698328357778,"EE":1685.5105711871129,"direct_EE":1184.7331598320693,"model_sys_energy":16387.061960480067,"direct_model_sys_energy":22798.425591182076,"model_avg_energy":1134.119508071891,"direct_model_avg_energy":1291.4723254160788,"sum_rate":8.9878376973682642E+6,"direct_sum_rate":4.402201173863044E+6,"direct_avg_rate_DUE":83315.955879660673,"DUE_power_limit":2,"Mslot":2,"method":"proposed-2","time":10069.225077}