{"NUM_UE":16,"NUM_RUE":4,"connected":4,"NUM_DUE":12,"MAX_LEN":2,"SEED":7,"sys_energy":1403.6264307716356,"direct_energy":2242.2214296555421,"avg_energy":179.92847072500064,"direct_avg_energy":198.61695723687268,"EE":4094.5345687951549,"direct_EE":2479.0061540688134,"model_sys_energy":7546.8771378794945,"direct_model_sys_energy":13533.319071364853,"model_avg_energy":1015.6498779242509,"direct_model_avg_energy":1243.6890067819279,"sum_rate":7.4124124393771151E+6,"direct_sum_rate":5.5755058361845668E+6,"direct_avg_rate_DUE":27231.209770564677,"DUE_power_limit":2,"Mslot":2,"method":"proposed-2","time":11727.204159}