{"NUM_UE":8,"NUM_RUE":2,"connected":1,"NUM_DUE":6,"MAX_LEN":2,"SEED":34,"sys_energy":1022.1772696736742,"direct_energy":1164.7575926660793,"avg_energy":160.3768278932821,"direct_avg_energy":166.54489270104244,"EE":2255.2051922366209,"direct_EE":1957.9240552366755,"model_sys_energy":6125.5421220321678,"direct_model_sys_energy":7141.2152672705142,"model_avg_energy":960.7521716089077,"direct_model_avg_energy":1036.5050207330141,"sum_rate":2.639780289399677E+6,"direct_sum_rate":2.28599628649081E+6,"direct_avg_rate_DUE":151329.45056736007,"DUE_power_limit":2,"Mslot":2,"method":"proposed-2","time":550.081597}