{"NUM_UE":24,"NUM_RUE":6,"connected":4,"NUM_DUE":18,"MAX_LEN":1,"SEED":25,"sys_energy":2824.0934179309556,"direct_energy":3393.7949746544355,"avg_energy":131.96493899065217,"direct_avg_energy":156.97787782237097,"EE":1297.4701818015487,"direct_EE":1052.0184526539076,"model_sys_energy":17195.48229994798,"direct_model_sys_energy":21164.732162756758,"model_avg_energy":790.14645521060254,"direct_model_avg_energy":975.70603853813861,"sum_rate":6.2859260313145891E+6,"direct_sum_rate":3.6162429414153774E+6,"direct_avg_rate_DUE":59351.074863003785,"DUE_power_limit":2,"Mslot":2,"method":"proposed-1","time":2078.227598}