{"NUM_UE":20,"NUM_RUE":5,"connected":3,"NUM_DUE":15,"MAX_LEN":2,"SEED":6,"sys_energy":2490.4935651963387,"direct_energy":3413.8932702242255,"avg_energy":199.20568205170412,"direct_avg_energy":206.57242661030313,"EE":1671.5271787717206,"direct_EE":1172.9286365624221,"model_sys_energy":15021.281575196612,"direct_model_sys_energy":21430.131842735391,"model_avg_energy":1194.4076963687276,"direct_model_avg_energy":1284.762319923743,"sum_rate":5.39835221904844E+6,"direct_sum_rate":4.0345810647626151E+6,"direct_avg_rate_DUE":92029.8042137056,"DUE_power_limit":2,"Mslot":2,"method":"proposed-2","time":8468.406959}