{"NUM_UE":16,"NUM_RUE":4,"connected":3,"NUM_DUE":12,"MAX_LEN":1,"SEED":26,"sys_energy":2006.8982589696957,"direct_energy":2404.3488146295085,"avg_energy":170.550211487375,"direct_avg_energy":193.45402525910202,"EE":1438.3317135430389,"direct_EE":1164.2065267287244,"model_sys_energy":11921.090715215598,"direct_model_sys_energy":14821.234673013678,"model_avg_energy":1021.4181925295842,"direct_model_avg_energy":1214.8774032247509,"sum_rate":4.016011035939076E+6,"direct_sum_rate":2.8115921141435481E+6,"direct_avg_rate_DUE":63351.280508388707,"DUE_power_limit":2,"Mslot":2,"method":"proposed-1","time":1361.463197}