{"NUM_UE":20,"NUM_RUE":5,"connected":3,"NUM_DUE":15,"MAX_LEN":2,"SEED":33,"sys_energy":2584.2207747132152,"direct_energy":3173.6429665410078,"avg_energy":149.15594180093518,"direct_avg_energy":157.2480441932818,"EE":1433.0836494930709,"direct_EE":1135.2134788291435,"model_sys_energy":15704.614445412744,"direct_model_sys_energy":19950.114046328261,"model_avg_energy":887.72745982463073,"direct_model_avg_energy":981.6555395647523,"sum_rate":4.6260563728072047E+6,"direct_sum_rate":3.6525618274202594E+6,"direct_avg_rate_DUE":132524.13932763698,"DUE_power_limit":2,"Mslot":2,"method":"proposed-2","time":11778.105942}