{"NUM_UE":20,"NUM_RUE":5,"connected":4,"NUM_DUE":15,"MAX_LEN":1,"SEED":25,"sys_energy":1874.6221006883536,"direct_energy":2504.0147799608517,"avg_energy":97.912364168991473,"direct_avg_energy":133.33964825445076,"EE":1239.8160849017706,"direct_EE":878.22340374742816,"model_sys_energy":10976.2978567676,"direct_model_sys_energy":15368.801678629232,"model_avg_energy":557.61078933964347,"direct_model_avg_energy":792.99808567508956,"sum_rate":5.0058747766217077E+6,"direct_sum_rate":2.2691206314474936E+6,"direct_avg_rate_DUE":59451.708758675864,"DUE_power_limit":2,"Mslot":2,"method":"proposed-1","time":2581.326204}