{"NUM_UE":12,"NUM_RUE":3,"connected":3,"NUM_DUE":9,"MAX_LEN":2,"SEED":30,"sys_energy":993.81255424348035,"direct_energy":1907.878416706805,"avg_energy":133.42061832527187,"direct_avg_energy":158.63778243348406,"EE":3339.0896427995272,"direct_EE":1545.3727401342062,"model_sys_energy":5647.895055274852,"direct_model_sys_energy":11957.777287471165,"model_avg_energy":771.61323644764752,"direct_model_avg_energy":991.79548404931677,"sum_rate":7.5830212491532965E+6,"direct_sum_rate":2.9542625159530346E+6,"direct_avg_rate_DUE":52368.659897357393,"DUE_power_limit":2,"Mslot":2,"method":"proposed-2","time":2986.376221}