{"NUM_UE":20,"NUM_RUE":5,"connected":4,"NUM_DUE":15,"MAX_LEN":2,"SEED":24,"sys_energy":2441.8388076175111,"direct_energy":3496.1783459863891,"avg_energy":138.175341808626,"direct_avg_energy":157.49952307482778,"EE":1033.6921682522222,"direct_EE":661.30175210876189,"model_sys_energy":14382.989788748466,"direct_model_sys_energy":21890.87651452611,"model_avg_energy":798.61993029500479,"direct_model_avg_energy":983.49828622266614,"sum_rate":4.3591459913293943E+6,"direct_sum_rate":2.3426855130262091E+6,"direct_avg_rate_DUE":73964.705882381415,"DUE_power_limit":2,"Mslot":2,"method":"proposed-2","time":7027.95555}