{"NUM_UE":12,"NUM_RUE":3,"connected":1,"NUM_DUE":9,"MAX_LEN":1,"SEED":23,"sys_energy":1816.2069366050018,"direct_energy":1970.2775784074324,"avg_energy":192.94618782782354,"direct_avg_energy":196.51928648174979,"EE":1576.0689931480802,"direct_EE":1447.541025538058,"model_sys_energy":11225.8379141827,"direct_model_sys_energy":12291.376728279729,"model_avg_energy":1198.5717107748058,"direct_model_avg_energy":1232.0946960379504,"sum_rate":2.9423212983623515E+6,"direct_sum_rate":2.859043064782741E+6,"direct_avg_rate_DUE":45889.465269733686,"DUE_power_limit":2,"Mslot":2,"method":"proposed-1","time":708.080393}