{"NUM_UE":12,"NUM_RUE":3,"connected":1,"NUM_DUE":9,"MAX_LEN":2,"SEED":22,"sys_energy":1865.4607912081688,"direct_energy":2307.3021701907542,"avg_energy":172.99241956420329,"direct_avg_energy":204.6716949598048,"EE":5992.5389432699931,"direct_EE":4815.6493685421365,"model_sys_energy":11490.767419428037,"direct_model_sys_energy":14459.774812343945,"model_avg_energy":1054.8723800115524,"direct_model_avg_energy":1276.3382876613766,"sum_rate":1.6685937780355668E+7,"direct_sum_rate":1.1111158238915006E+7,"direct_avg_rate_DUE":246377.25659031267,"DUE_power_limit":2,"Mslot":2,"method":"proposed-2","time":4895.677402}