{"NUM_UE":12,"NUM_RUE":3,"connected":2,"NUM_DUE":9,"MAX_LEN":1,"SEED":34,"sys_energy":1468.1103017180039,"direct_energy":1743.975617913899,"avg_energy":150.47575132785244,"direct_avg_energy":157.14886290760214,"EE":2016.9143826028826,"direct_EE":1579.6691789386441,"model_sys_energy":8857.1059716913514,"direct_model_sys_energy":10765.598690054419,"model_avg_energy":930.77965892540658,"direct_model_avg_energy":980.92781526542831,"sum_rate":3.9896400307576214E+6,"direct_sum_rate":2.767121176873757E+6,"direct_avg_rate_DUE":117299.66030099468,"DUE_power_limit":2,"Mslot":2,"method":"proposed-1","time":861.799234}