{"NUM_UE":20,"NUM_RUE":5,"connected":3,"NUM_DUE":15,"MAX_LEN":2,"SEED":32,"sys_energy":2068.0001074569177,"direct_energy":2622.9351833766386,"avg_energy":139.23641894405793,"direct_avg_energy":158.2024124055244,"EE":1346.2329113099393,"direct_EE":1026.5814722599416,"model_sys_energy":12178.349426118499,"direct_model_sys_energy":16030.579085177356,"model_avg_energy":836.67684761507485,"direct_model_avg_energy":986.278582564104,"sum_rate":4.1483539415804832E+6,"direct_sum_rate":2.7189301654516039E+6,"direct_avg_rate_DUE":60791.306799224782,"DUE_power_limit":2,"Mslot":2,"method":"proposed-2","time":2935.729533}