{"NUM_UE":24,"NUM_RUE":6,"connected":4,"NUM_DUE":18,"MAX_LEN":2,"SEED":11,"sys_energy":2859.7176486793874,"direct_energy":3990.0053122314675,"avg_energy":157.13218532340969,"direct_avg_energy":172.10275322955707,"EE":2447.4899266328275,"direct_EE":1593.0213041449981,"model_sys_energy":16956.721464621296,"direct_model_sys_energy":25114.166899981657,"model_avg_energy":897.63929073473219,"direct_model_avg_energy":1084.7315590872192,"sum_rate":1.5301885196062487E+7,"direct_sum_rate":6.4178543980787452E+6,"direct_avg_rate_DUE":112242.01650312163,"DUE_power_limit":2,"Mslot":2,"method":"proposed-2","time":12904.914224}