{"NUM_UE":24,"NUM_RUE":6,"connected":2,"NUM_DUE":18,"MAX_LEN":2,"SEED":25,"sys_energy":2980.5165903752363,"direct_energy":3393.7949746544355,"avg_energy":151.22584219194718,"direct_avg_energy":156.97787782237097,"EE":1228.9159234721283,"direct_EE":1052.0184526539076,"model_sys_energy":18240.1212892806,"direct_model_sys_energy":21164.732162756758,"model_avg_energy":926.935181144076,"direct_model_avg_energy":975.70603853813861,"sum_rate":4.7059115440356173E+6,"direct_sum_rate":3.6162429414153774E+6,"direct_avg_rate_DUE":59351.074863003785,"DUE_power_limit":2,"Mslot":2,"method":"proposed-2","time":9114.628231}