{"NUM_UE":20,"NUM_RUE":5,"connected":4,"NUM_DUE":15,"MAX_LEN":2,"SEED":9,"sys_energy":1906.2929082311716,"direct_energy":2882.1941502536652,"avg_energy":98.3329020171669,"direct_avg_energy":124.82150893013427,"EE":2214.5086745208255,"direct_EE":1380.6627864560387,"model_sys_energy":11279.402541532987,"direct_model_sys_energy":17919.584912997041,"model_avg_energy":572.29655250317353,"direct_model_avg_energy":738.59085050159865,"sum_rate":1.0918864490589527E+7,"direct_sum_rate":4.040388536246228E+6,"direct_avg_rate_DUE":71279.890468268422,"DUE_power_limit":2,"Mslot":2,"method":"proposed-2","time":10292.604585}