{"NUM_UE":8,"NUM_RUE":2,"connected":1,"NUM_DUE":6,"MAX_LEN":1,"SEED":7,"sys_energy":1242.8712880703108,"direct_energy":1415.6299205812352,"avg_energy":156.53766351480232,"direct_avg_energy":156.61069172800234,"EE":3655.3442189271582,"direct_EE":3148.0045027878409,"model_sys_energy":7661.1221554292752,"direct_model_sys_energy":8882.904313568748,"model_avg_energy":929.45317995380651,"direct_model_avg_energy":976.969610955397,"sum_rate":5.5846929103125846E+6,"direct_sum_rate":4.4564093642709218E+6,"direct_avg_rate_DUE":117457.05666386888,"DUE_power_limit":2,"Mslot":2,"method":"proposed-1","time":567.416949}