{"NUM_UE":16,"NUM_RUE":4,"connected":1,"NUM_DUE":12,"MAX_LEN":1,"SEED":17,"sys_energy":2838.8049350300871,"direct_energy":2978.68958549944,"avg_energy":192.1122709609584,"direct_avg_energy":193.99801610409332,"EE":714.735282709971,"direct_EE":674.67632637256179,"model_sys_energy":17629.685698177153,"direct_model_sys_energy":18657.160182773463,"model_avg_energy":1178.5384272236229,"direct_model_avg_energy":1213.5950151710606,"sum_rate":2.2077361806566832E+6,"direct_sum_rate":2.0264109263610679E+6,"direct_avg_rate_DUE":61349.627504287426,"DUE_power_limit":2,"Mslot":2,"method":"proposed-1","time":608.21419}