{"NUM_UE":8,"NUM_RUE":2,"connected":2,"NUM_DUE":6,"MAX_LEN":1,"SEED":4,"sys_energy":1007.346530234033,"direct_energy":1306.1173872348977,"avg_energy":193.85835648013347,"direct_avg_energy":209.29645317895944,"EE":4057.7043017105539,"direct_EE":3080.7358613029132,"model_sys_energy":6058.0348993771158,"direct_model_sys_energy":8027.6255515057355,"model_avg_energy":1197.6226818847874,"direct_model_avg_energy":1300.5028109040431,"sum_rate":4.5334951661120718E+6,"direct_sum_rate":4.0238026739258133E+6,"direct_avg_rate_DUE":115691.64418115163,"DUE_power_limit":2,"Mslot":2,"method":"proposed-1","time":766.884755}