{"NUM_UE":24,"NUM_RUE":6,"connected":6,"NUM_DUE":18,"MAX_LEN":1,"SEED":34,"sys_energy":2023.7429795883729,"direct_energy":2835.45040399803,"avg_energy":85.4298730891926,"direct_avg_energy":122.6594973387722,"EE":1744.12388705272,"direct_EE":1204.088058248441,"model_sys_energy":11617.212738890539,"direct_model_sys_energy":17061.899562763781,"model_avg_energy":497.10841821303262,"direct_model_avg_energy":725.99671241482326,"sum_rate":6.6852348945178464E+6,"direct_sum_rate":3.4850853673211825E+6,"direct_avg_rate_DUE":54190.869188383338,"DUE_power_limit":2,"Mslot":2,"method":"proposed-1","time":3189.752905}