{"NUM_UE":12,"NUM_RUE":3,"connected":2,"NUM_DUE":9,"MAX_LEN":1,"SEED":33,"sys_energy":1263.1402675415657,"direct_energy":1592.2848398524566,"avg_energy":122.08449302131669,"direct_avg_energy":145.1736550269213,"EE":1787.1619510421601,"direct_EE":1400.3732743291298,"model_sys_energy":7508.7419135544687,"direct_model_sys_energy":9704.0770495046581,"model_avg_energy":729.10672885637325,"direct_model_avg_energy":889.12322799203366,"sum_rate":3.267866026512912E+6,"direct_sum_rate":2.2534836866080919E+6,"direct_avg_rate_DUE":113197.22104522247,"DUE_power_limit":2,"Mslot":2,"method":"proposed-1","time":1084.514932}