{"NUM_UE":24,"NUM_RUE":6,"connected":6,"NUM_DUE":18,"MAX_LEN":1,"SEED":30,"sys_energy":2297.0465669386681,"direct_energy":3130.690506425678,"avg_energy":126.45615486603351,"direct_avg_energy":161.88751054692173,"EE":1849.9351093190894,"direct_EE":1335.7621675065607,"model_sys_energy":13136.682849518147,"direct_model_sys_energy":19090.520062712083,"model_avg_energy":734.10932460026061,"direct_model_avg_energy":1015.0946581407288,"sum_rate":6.9954028302406725E+6,"direct_sum_rate":4.2041446013247622E+6,"direct_avg_rate_DUE":26368.048824391528,"DUE_power_limit":2,"Mslot":2,"method":"proposed-1","time":2639.886409}