{"NUM_UE":24,"NUM_RUE":6,"connected":3,"NUM_DUE":18,"MAX_LEN":2,"SEED":19,"sys_energy":2168.0914148604338,"direct_energy":3084.1122608450287,"avg_energy":105.72832502605631,"direct_avg_energy":130.43377999535758,"EE":2011.453471473593,"direct_EE":1312.2295719308404,"model_sys_energy":13093.817739159156,"direct_model_sys_energy":19256.975536290305,"model_avg_energy":636.96823201138693,"direct_model_avg_energy":793.79788878052068,"sum_rate":9.9320307604210135E+6,"direct_sum_rate":4.2720696889964845E+6,"direct_avg_rate_DUE":76401.34869166663,"DUE_power_limit":2,"Mslot":2,"method":"proposed-2","time":12548.284914}