{"NUM_UE":24,"NUM_RUE":6,"connected":5,"NUM_DUE":18,"MAX_LEN":1,"SEED":18,"sys_energy":2623.1919352958907,"direct_energy":3268.7503011651816,"avg_energy":176.00490048168862,"direct_avg_energy":204.8696887522423,"EE":2715.5372676591373,"direct_EE":2143.6293676554483,"model_sys_energy":15207.722861176571,"direct_model_sys_energy":19793.563283371306,"model_avg_energy":1054.4273236109727,"direct_model_avg_energy":1277.3861812742555,"sum_rate":8.79449746109375E+6,"direct_sum_rate":7.0385107341376944E+6,"direct_avg_rate_DUE":45954.689783314825,"DUE_power_limit":2,"Mslot":2,"method":"proposed-1","time":1999.535306}