{"NUM_UE":16,"NUM_RUE":4,"connected":4,"NUM_DUE":12,"MAX_LEN":1,"SEED":9,"sys_energy":1675.2889724876268,"direct_energy":2168.5313804158627,"avg_energy":154.29170761853288,"direct_avg_energy":182.31494541582143,"EE":3263.3793733116345,"direct_EE":2481.4268250775663,"model_sys_energy":9679.250800589718,"direct_model_sys_energy":13116.69677217432,"model_avg_energy":917.7168939746299,"direct_model_avg_energy":1149.35348291275,"sum_rate":6.8810182162292171E+6,"direct_sum_rate":5.3893206493691131E+6,"direct_avg_rate_DUE":26805.245407482947,"DUE_power_limit":2,"Mslot":2,"method":"proposed-1","time":1397.205436}