{"NUM_UE":12,"NUM_RUE":3,"connected":2,"NUM_DUE":9,"MAX_LEN":2,"SEED":34,"sys_energy":1318.7736534105741,"direct_energy":1743.975617913899,"avg_energy":145.75673130771312,"direct_avg_energy":157.14886290760214,"EE":2256.857360090768,"direct_EE":1579.6691789386441,"model_sys_energy":7801.17206793864,"direct_model_sys_energy":10765.598690054419,"model_avg_energy":880.115750522928,"direct_model_avg_energy":980.92781526542831,"sum_rate":4.4804360576233165E+6,"direct_sum_rate":2.767121176873757E+6,"direct_avg_rate_DUE":117299.66030099468,"DUE_power_limit":2,"Mslot":2,"method":"proposed-2","time":1771.233799}