{"NUM_UE":16,"NUM_RUE":4,"connected":3,"NUM_DUE":12,"MAX_LEN":2,"SEED":32,"sys_energy":1457.2294714101274,"direct_energy":2313.7704482546742,"avg_energy":113.82648501900705,"direct_avg_energy":141.70545624642551,"EE":1820.1960455912863,"direct_EE":1082.0777503258407,"model_sys_energy":8313.225261830934,"direct_model_sys_energy":14197.732865104817,"model_avg_energy":666.76290014514211,"direct_model_avg_energy":861.2138652538938,"sum_rate":5.4116576138221473E+6,"direct_sum_rate":2.5079050053885146E+6,"direct_avg_rate_DUE":91623.7550657073,"DUE_power_limit":2,"Mslot":2,"method":"proposed-2","time":6567.908308}