{"NUM_UE":8,"NUM_RUE":2,"connected":0,"NUM_DUE":6,"MAX_LEN":2,"SEED":19,"sys_energy":1427.9437954838054,"direct_energy":1427.9437954838054,"avg_energy":156.92782853169865,"direct_avg_energy":156.92782853169865,"EE":738.66204382062233,"direct_EE":738.66204382062233,"model_sys_energy":8948.67377155928,"direct_model_sys_energy":8948.67377155928,"model_avg_energy":979.30406240072557,"direct_model_avg_energy":979.30406240072557,"sum_rate":1.0547678824330447E+6,"direct_sum_rate":1.0547678824330445E+6,"direct_avg_rate_DUE":79754.332782357509,"DUE_power_limit":2,"Mslot":2,"method":"proposed-2","time":273.635369}