{"NUM_UE":8,"NUM_RUE":2,"connected":2,"NUM_DUE":6,"MAX_LEN":1,"SEED":31,"sys_energy":834.39003248923677,"direct_energy":1088.9229795226854,"avg_energy":139.41213173374845,"direct_avg_energy":147.6916393785034,"EE":4242.7957855451086,"direct_EE":3222.2894394375758,"model_sys_energy":4715.2505938849072,"direct_model_sys_energy":6472.4746293671178,"model_avg_energy":788.10333880287021,"direct_model_avg_energy":909.05344418636173,"sum_rate":4.597396537060488E+6,"direct_sum_rate":3.5088250172768487E+6,"direct_avg_rate_DUE":32484.111453915513,"DUE_power_limit":2,"Mslot":2,"method":"proposed-1","time":824.369957}