{"NUM_UE":8,"NUM_RUE":2,"connected":1,"NUM_DUE":6,"MAX_LEN":1,"SEED":21,"sys_energy":983.81388241709624,"direct_energy":1121.1490527898902,"avg_energy":125.20064371295881,"direct_avg_energy":137.4852544260003,"EE":1048.1891052526266,"direct_EE":903.74819306728432,"model_sys_energy":5687.8202863567076,"direct_model_sys_energy":6761.2061499286629,"model_avg_energy":699.26212618370914,"direct_model_avg_energy":826.77162332099181,"sum_rate":1.3122111135963642E+6,"direct_sum_rate":1.0132364306179606E+6,"direct_avg_rate_DUE":25700.822485970686,"DUE_power_limit":2,"Mslot":2,"method":"proposed-1","time":414.188617}