{"NUM_UE":12,"NUM_RUE":3,"connected":2,"NUM_DUE":9,"MAX_LEN":1,"SEED":4,"sys_energy":1412.5086756534345,"direct_energy":1641.3596016237498,"avg_energy":170.17755695769441,"direct_avg_energy":177.24947164148011,"EE":2343.6506369606691,"direct_EE":2006.8355874520471,"model_sys_energy":8392.2440190147372,"direct_model_sys_energy":9973.25665521287,"model_avg_energy":1047.875331217311,"direct_model_avg_energy":1117.8838015706117,"sum_rate":3.8993387799546327E+6,"direct_sum_rate":3.3038275126191857E+6,"direct_avg_rate_DUE":59470.4046285901,"DUE_power_limit":2,"Mslot":2,"method":"proposed-1","time":822.748173}