{"NUM_UE":16,"NUM_RUE":4,"connected":2,"NUM_DUE":12,"MAX_LEN":2,"SEED":24,"sys_energy":1804.0737675745193,"direct_energy":2290.4048272563618,"avg_energy":171.07363540858046,"direct_avg_energy":177.97833089106194,"EE":1072.1102855983888,"direct_EE":824.55206151432742,"model_sys_energy":10711.646526969906,"direct_model_sys_energy":13943.027924488319,"model_avg_energy":1068.6100030110915,"direct_model_avg_energy":1122.4808937560108,"sum_rate":2.386332314005788E+6,"direct_sum_rate":1.8916674390134898E+6,"direct_avg_rate_DUE":24127.076387419587,"DUE_power_limit":2,"Mslot":2,"method":"proposed-2","time":6809.752335}