{"NUM_UE":8,"NUM_RUE":2,"connected":1,"NUM_DUE":6,"MAX_LEN":2,"SEED":12,"sys_energy":970.29899210477026,"direct_energy":1276.0518431197002,"avg_energy":143.02198582366898,"direct_avg_energy":144.92293787534459,"EE":470.7818055502832,"direct_EE":336.26721105749317,"model_sys_energy":5840.4457893093568,"direct_model_sys_energy":7924.4901521418433,"model_avg_energy":847.89582741392871,"direct_model_avg_energy":887.12238031661025,"sum_rate":692124.98849325429,"direct_sum_rate":429094.39445063536,"direct_avg_rate_DUE":31917.507249116054,"DUE_power_limit":2,"Mslot":2,"method":"proposed-2","time":689.675366}