{"NUM_UE":24,"NUM_RUE":6,"connected":5,"NUM_DUE":18,"MAX_LEN":1,"SEED":15,"sys_energy":2404.645159378721,"direct_energy":3090.7791120830143,"avg_energy":120.2677003584336,"direct_avg_energy":147.11516411927303,"EE":1588.2048145298352,"direct_EE":1206.8326862308677,"model_sys_energy":14202.859888666842,"direct_model_sys_energy":19104.016581332173,"model_avg_energy":694.23928698906821,"direct_model_avg_energy":902.371936790836,"sum_rate":6.5292737774384711E+6,"direct_sum_rate":3.7884405501281754E+6,"direct_avg_rate_DUE":35933.338509833586,"DUE_power_limit":2,"Mslot":2,"method":"proposed-1","time":1580.355252}