{"NUM_UE":20,"NUM_RUE":5,"connected":5,"NUM_DUE":15,"MAX_LEN":1,"SEED":14,"sys_energy":1956.1123771633381,"direct_energy":2850.2077403359458,"avg_energy":95.282753029921963,"direct_avg_energy":134.43596100463375,"EE":724.80725942076651,"direct_EE":464.7602919035786,"model_sys_energy":11419.55003631145,"direct_model_sys_energy":17695.15174383928,"model_avg_energy":515.91251904157832,"direct_model_avg_energy":797.88489926291732,"sum_rate":2.9783914678387446E+6,"direct_sum_rate":1.3553593567035641E+6,"direct_avg_rate_DUE":43928.349198344738,"DUE_power_limit":2,"Mslot":2,"method":"proposed-1","time":3925.605196}