{"NUM_UE":12,"NUM_RUE":3,"connected":3,"NUM_DUE":9,"MAX_LEN":1,"SEED":28,"sys_energy":1122.859468084032,"direct_energy":1587.9687616744086,"avg_energy":95.114463418731972,"direct_avg_energy":132.74623155445366,"EE":717.83429829975933,"direct_EE":486.08754169001821,"model_sys_energy":6318.4127312470982,"direct_model_sys_energy":9483.6922121908738,"model_avg_energy":524.78477713304562,"direct_model_avg_energy":788.2296205365061,"sum_rate":1.5663067750541486E+6,"direct_sum_rate":773786.39702314057,"direct_avg_rate_DUE":23685.679977407191,"DUE_power_limit":2,"Mslot":2,"method":"proposed-1","time":1322.708771}