{"NUM_UE":20,"NUM_RUE":5,"connected":4,"NUM_DUE":15,"MAX_LEN":2,"SEED":2,"sys_energy":2186.0025591759427,"direct_energy":3121.3373087176433,"avg_energy":186.61394853033647,"direct_avg_energy":198.7497799221693,"EE":3652.878197578761,"direct_EE":2439.0249545682159,"model_sys_energy":12831.451214286295,"direct_model_sys_energy":19567.885903996084,"model_avg_energy":1104.5848091455259,"direct_model_avg_energy":1244.4181208514906,"sum_rate":1.0534985968962101E+7,"direct_sum_rate":7.651313670867282E+6,"direct_avg_rate_DUE":107628.93094011558,"DUE_power_limit":2,"Mslot":2,"method":"proposed-2","time":15170.342402}