{"NUM_UE":12,"NUM_RUE":3,"connected":2,"NUM_DUE":9,"MAX_LEN":1,"SEED":6,"sys_energy":1380.9451929321838,"direct_energy":1626.6456113271497,"avg_energy":155.85800822358945,"direct_avg_energy":169.60880050192543,"EE":1429.9701289960674,"direct_EE":1198.5688331661024,"model_sys_energy":7981.4787004774635,"direct_model_sys_energy":9780.3399581930935,"model_avg_energy":900.33589616128756,"direct_model_avg_energy":1061.0966423571952,"sum_rate":2.2575687623536433E+6,"direct_sum_rate":1.9523319373911975E+6,"direct_avg_rate_DUE":47030.3396301052,"DUE_power_limit":2,"Mslot":2,"method":"proposed-1","time":624.867057}