{"NUM_UE":8,"NUM_RUE":2,"connected":1,"NUM_DUE":6,"MAX_LEN":1,"SEED":16,"sys_energy":1200.3033775207227,"direct_energy":1378.1517675549715,"avg_energy":138.06135133614583,"direct_avg_energy":143.93818348169637,"EE":2304.6503668193495,"direct_EE":1978.5639532954492,"model_sys_energy":7361.428450931513,"direct_model_sys_energy":8593.9465232831917,"model_avg_energy":815.147086130615,"direct_model_avg_energy":879.23677178801154,"sum_rate":3.2112512796831708E+6,"direct_sum_rate":2.7267614094546754E+6,"direct_avg_rate_DUE":46330.196700683628,"DUE_power_limit":2,"Mslot":2,"method":"proposed-1","time":643.501466}