{"NUM_UE":12,"NUM_RUE":3,"connected":2,"NUM_DUE":9,"MAX_LEN":1,"SEED":3,"sys_energy":1758.4409980213766,"direct_energy":2159.6879232276578,"avg_energy":150.55712498453022,"direct_avg_energy":171.14473735858132,"EE":2693.4486477261294,"direct_EE":2153.3133060886685,"model_sys_energy":10887.733933255455,"direct_model_sys_energy":13588.682637234526,"model_avg_energy":928.28631867453362,"direct_model_avg_energy":1078.4229736272137,"sum_rate":5.9126266972382395E+6,"direct_sum_rate":4.6504847420851178E+6,"direct_avg_rate_DUE":84833.590733201883,"DUE_power_limit":2,"Mslot":2,"method":"proposed-1","time":1560.74751}