{"NUM_UE":24,"NUM_RUE":6,"connected":4,"NUM_DUE":18,"MAX_LEN":2,"SEED":23,"sys_energy":3091.3024949427195,"direct_energy":4118.2019037154841,"avg_energy":165.04936290926787,"direct_avg_energy":180.09120115090514,"EE":1032.3722485098481,"direct_EE":716.66957247804078,"model_sys_energy":18561.003462847639,"direct_model_sys_energy":25843.308868348391,"model_avg_energy":1006.042951281605,"direct_model_avg_energy":1135.6749206536938,"sum_rate":5.7999453793340586E+6,"direct_sum_rate":3.0285142848982E+6,"direct_avg_rate_DUE":57918.780846173162,"DUE_power_limit":2,"Mslot":2,"method":"proposed-2","time":4058.478656}