{"NUM_UE":8,"NUM_RUE":2,"connected":1,"NUM_DUE":6,"MAX_LEN":1,"SEED":3,"sys_energy":1126.6909834650205,"direct_energy":1294.7694197180895,"avg_energy":140.87632368485652,"direct_avg_energy":147.33397724462139,"EE":3432.9312813129231,"direct_EE":2969.3138899171845,"model_sys_energy":6893.9761066831179,"direct_model_sys_energy":8059.3709681431992,"model_avg_energy":833.04795651725181,"direct_model_avg_energy":906.24139700222713,"sum_rate":4.55826875528408E+6,"direct_sum_rate":3.8445768222089359E+6,"direct_avg_rate_DUE":51842.027019653826,"DUE_power_limit":2,"Mslot":2,"method":"proposed-1","time":437.969162}