{"NUM_UE":20,"NUM_RUE":5,"connected":5,"NUM_DUE":15,"MAX_LEN":1,"SEED":22,"sys_energy":1680.3881662914591,"direct_energy":2562.0996458628092,"avg_energy":81.617904099040047,"direct_avg_energy":132.71907696785965,"EE":2803.6967138801888,"direct_EE":1788.4665956122228,"model_sys_energy":9827.3147420201785,"direct_model_sys_energy":15625.825526583791,"model_avg_energy":476.97959650696066,"direct_model_avg_energy":788.01210133795632,"sum_rate":1.2714778206573104E+7,"direct_sum_rate":4.6219616105997991E+6,"direct_avg_rate_DUE":88333.712509113437,"DUE_power_limit":2,"Mslot":2,"method":"proposed-1","time":3910.674997}