{"NUM_UE":16,"NUM_RUE":4,"connected":4,"NUM_DUE":12,"MAX_LEN":1,"SEED":14,"sys_energy":1890.3923616280626,"direct_energy":2442.315313421147,"avg_energy":168.02303670032342,"direct_avg_energy":193.35154239082937,"EE":1249.8595135266228,"direct_EE":943.43068256996014,"model_sys_energy":10935.172775518977,"direct_model_sys_energy":15116.334211756892,"model_avg_energy":944.98463752787575,"direct_model_avg_energy":1214.2959955471752,"sum_rate":3.1317545605436135E+6,"direct_sum_rate":2.30969246385753E+6,"direct_avg_rate_DUE":33360.7181112527,"DUE_power_limit":2,"Mslot":2,"method":"proposed-1","time":2517.672617}