{"NUM_UE":12,"NUM_RUE":3,"connected":2,"NUM_DUE":9,"MAX_LEN":1,"SEED":32,"sys_energy":1726.6366463923921,"direct_energy":2096.7993867641653,"avg_energy":154.83276029713625,"direct_avg_energy":165.71530729908818,"EE":2548.1899443827438,"direct_EE":2066.8206739449247,"model_sys_energy":10690.750598462051,"direct_model_sys_energy":13180.510102334825,"model_avg_energy":956.03296705612377,"direct_model_avg_energy":1041.8138597003917,"sum_rate":5.0083424962674025E+6,"direct_sum_rate":4.3416579707807694E+6,"direct_avg_rate_DUE":204060.67435443788,"DUE_power_limit":2,"Mslot":2,"method":"proposed-1","time":640.326767}