{"NUM_UE":24,"NUM_RUE":6,"connected":5,"NUM_DUE":18,"MAX_LEN":1,"SEED":5,"sys_energy":2507.3272609494566,"direct_energy":3152.0077861634513,"avg_energy":121.53280362151996,"direct_avg_energy":154.03225322486364,"EE":1552.9128917217181,"direct_EE":1198.3939106811151,"model_sys_energy":14844.764804234084,"direct_model_sys_energy":19416.511908303666,"model_avg_energy":728.080971280393,"direct_model_avg_energy":957.78301242665623,"sum_rate":6.4781937617684258E+6,"direct_sum_rate":3.8288542815149552E+6,"direct_avg_rate_DUE":74163.54548718415,"DUE_power_limit":2,"Mslot":2,"method":"proposed-1","time":2403.177561}