{"NUM_UE":20,"NUM_RUE":5,"connected":3,"NUM_DUE":15,"MAX_LEN":2,"SEED":35,"sys_energy":2417.4121473196046,"direct_energy":3272.191139104983,"avg_energy":176.26271465310293,"direct_avg_energy":192.59739881432489,"EE":4406.92785686908,"direct_EE":3157.8369847139784,"model_sys_energy":14575.095552063816,"direct_model_sys_energy":20573.520812897816,"model_avg_energy":1046.6284055363883,"direct_model_avg_energy":1206.4806318964447,"sum_rate":1.424278440000749E+7,"direct_sum_rate":1.0447213441531183E+7,"direct_avg_rate_DUE":96221.998005701258,"DUE_power_limit":2,"Mslot":2,"method":"proposed-2","time":12448.26889}