{"NUM_UE":12,"NUM_RUE":3,"connected":3,"NUM_DUE":9,"MAX_LEN":1,"SEED":24,"sys_energy":1186.0216122348706,"direct_energy":1635.0352105956263,"avg_energy":101.86801346400405,"direct_avg_energy":140.37316413181276,"EE":562.394325816711,"direct_EE":391.45676754060332,"model_sys_energy":6601.4753097495395,"direct_model_sys_energy":9760.4700220276882,"model_avg_energy":570.49967742553054,"direct_model_avg_energy":850.37978263828461,"sum_rate":1.2513138392397074E+6,"direct_sum_rate":640045.59835483343,"direct_avg_rate_DUE":20237.610480083782,"DUE_power_limit":2,"Mslot":2,"method":"proposed-1","time":1282.428698}