{"NUM_UE":16,"NUM_RUE":4,"connected":3,"NUM_DUE":12,"MAX_LEN":1,"SEED":23,"sys_energy":1962.8817593531842,"direct_energy":2351.3059149741575,"avg_energy":133.60174075634134,"direct_avg_energy":158.60552392028282,"EE":1078.6257222513736,"direct_EE":876.75949370919,"model_sys_energy":11670.0934556049,"direct_model_sys_energy":14676.541786996171,"model_avg_energy":774.135438248497,"direct_model_avg_energy":991.56132005127574,"sum_rate":3.8476777647577031E+6,"direct_sum_rate":2.0978129866857273E+6,"direct_avg_rate_DUE":41128.237618096609,"DUE_power_limit":2,"Mslot":2,"method":"proposed-1","time":1972.665256}