{"NUM_UE":16,"NUM_RUE":4,"connected":4,"NUM_DUE":12,"MAX_LEN":2,"SEED":29,"sys_energy":1260.2216490696621,"direct_energy":2317.9350304373274,"avg_energy":139.13667569705817,"direct_avg_energy":185.904134910717,"EE":5634.2307422004042,"direct_EE":2960.85880614112,"model_sys_energy":6761.2605151139869,"direct_model_sys_energy":14374.832909916933,"model_avg_energy":772.10804588010888,"direct_model_avg_energy":1170.9971774403,"sum_rate":1.3981711282884566E+7,"direct_sum_rate":6.8885018725866526E+6,"direct_avg_rate_DUE":79579.56536957655,"DUE_power_limit":2,"Mslot":2,"method":"proposed-2","time":7560.218801}