{"NUM_UE":8,"NUM_RUE":2,"connected":1,"NUM_DUE":6,"MAX_LEN":1,"SEED":27,"sys_energy":1218.6245290625982,"direct_energy":1391.7855294325943,"avg_energy":152.1205433752707,"direct_avg_energy":156.3778231823253,"EE":4000.2806640036565,"direct_EE":3476.8801441600353,"model_sys_energy":7490.03579056277,"direct_model_sys_energy":8720.9111721678128,"model_avg_energy":909.55784998175284,"direct_model_avg_energy":975.25191913987919,"sum_rate":5.7296199800104033E+6,"direct_sum_rate":4.83907147221345E+6,"direct_avg_rate_DUE":63362.267656373551,"DUE_power_limit":2,"Mslot":2,"method":"proposed-1","time":470.241533}