{"NUM_UE":8,"NUM_RUE":2,"connected":1,"NUM_DUE":6,"MAX_LEN":1,"SEED":5,"sys_energy":1176.5444931940297,"direct_energy":1332.0445839008626,"avg_energy":160.98282317783185,"direct_avg_energy":162.14012902554663,"EE":2528.3580035190462,"direct_EE":2209.9545801209533,"model_sys_energy":7301.0435621560027,"direct_model_sys_energy":8349.5366287089782,"model_avg_energy":1006.6043971681089,"direct_model_avg_energy":1016.8819242005932,"sum_rate":3.1914992040253328E+6,"direct_sum_rate":2.9437580291170208E+6,"direct_avg_rate_DUE":163398.06721589441,"DUE_power_limit":2,"Mslot":2,"method":"proposed-1","time":440.679358}