{"NUM_UE":24,"NUM_RUE":6,"connected":4,"NUM_DUE":18,"MAX_LEN":2,"SEED":22,"sys_energy":2262.9152535661942,"direct_energy":3473.7710498755205,"avg_energy":111.05956626421924,"direct_avg_energy":132.90583759461279,"EE":2680.1945266362927,"direct_EE":1677.557576007096,"model_sys_energy":13172.501217530475,"direct_model_sys_energy":21524.560253147094,"model_avg_energy":608.88426926236991,"direct_model_avg_energy":789.509397388006,"sum_rate":1.0390556658245763E+7,"direct_sum_rate":5.86696767486052E+6,"direct_avg_rate_DUE":116818.9364837488,"DUE_power_limit":2,"Mslot":2,"method":"proposed-2","time":25588.293359}