{"NUM_UE":8,"NUM_RUE":2,"connected":2,"NUM_DUE":6,"MAX_LEN":1,"SEED":15,"sys_energy":887.6775952460323,"direct_energy":1199.4806974654157,"avg_energy":113.28279102307994,"direct_avg_energy":144.84244944654696,"EE":2080.7515806696047,"direct_EE":1513.0169422473653,"model_sys_energy":5325.5541961106546,"direct_model_sys_energy":7426.39835080134,"model_avg_energy":665.434542015619,"direct_model_avg_energy":873.343061456839,"sum_rate":2.9023882447190462E+6,"direct_sum_rate":1.821460952506949E+6,"direct_avg_rate_DUE":78127.439972006454,"DUE_power_limit":2,"Mslot":2,"method":"proposed-1","time":677.736515}