{"NUM_UE":12,"NUM_RUE":3,"connected":2,"NUM_DUE":9,"MAX_LEN":1,"SEED":12,"sys_energy":1365.6524043987629,"direct_energy":1615.2253638020311,"avg_energy":142.8317023931821,"direct_avg_energy":157.08592232953436,"EE":2759.2924041839324,"direct_EE":2327.2016955751346,"model_sys_energy":8080.7507005052375,"direct_model_sys_energy":9734.3000812553746,"model_avg_energy":884.06380624643054,"direct_model_avg_energy":980.46571877007648,"sum_rate":4.9480733044280512E+6,"direct_sum_rate":3.7620418503555357E+6,"direct_avg_rate_DUE":21359.392967054646,"DUE_power_limit":2,"Mslot":2,"method":"proposed-1","time":1137.661833}