{"NUM_UE":12,"NUM_RUE":3,"connected":1,"NUM_DUE":9,"MAX_LEN":2,"SEED":13,"sys_energy":1584.6649626237115,"direct_energy":1864.5196273370004,"avg_energy":136.55783331055869,"direct_avg_energy":142.87462841415052,"EE":1281.9627417614956,"direct_EE":1013.5835769269447,"model_sys_energy":9754.53868943629,"direct_model_sys_energy":11602.27446514745,"model_avg_energy":832.72365339848886,"direct_model_avg_energy":870.67489105735547,"sum_rate":3.3132126880356288E+6,"direct_sum_rate":1.8959935720529668E+6,"direct_avg_rate_DUE":90669.852931108268,"DUE_power_limit":2,"Mslot":2,"method":"proposed-2","time":3635.296734}