{"NUM_UE":24,"NUM_RUE":6,"connected":4,"NUM_DUE":18,"MAX_LEN":2,"SEED":24,"sys_energy":3198.7232632794689,"direct_energy":4258.650532677203,"avg_energy":155.25537970005806,"direct_avg_energy":171.54126033116924,"EE":1056.5653006849573,"direct_EE":736.591420203629,"model_sys_energy":19192.579444049898,"direct_model_sys_energy":26603.346175464481,"model_avg_energy":926.5912789852855,"direct_model_avg_energy":1081.0394647023943,"sum_rate":5.807328001338101E+6,"direct_sum_rate":3.2005609842894706E+6,"direct_avg_rate_DUE":82205.800650833728,"DUE_power_limit":2,"Mslot":2,"method":"proposed-2","time":15906.713818}