{"NUM_UE":24,"NUM_RUE":6,"connected":4,"NUM_DUE":18,"MAX_LEN":2,"SEED":28,"sys_energy":2793.9368564526048,"direct_energy":4013.0648366433875,"avg_energy":139.19124146720455,"direct_avg_energy":169.86106319305281,"EE":2324.6166222042625,"direct_EE":1579.6218209484009,"model_sys_energy":16700.439960807067,"direct_model_sys_energy":25276.432274528524,"model_avg_energy":828.16486857361735,"direct_model_avg_energy":1069.9000680639183,"sum_rate":1.1005483504919503E+7,"direct_sum_rate":6.3655988796603726E+6,"direct_avg_rate_DUE":71296.866836100089,"DUE_power_limit":2,"Mslot":2,"method":"proposed-2","time":14977.997671}