{"NUM_UE":20,"NUM_RUE":5,"connected":2,"NUM_DUE":15,"MAX_LEN":2,"SEED":10,"sys_energy":2410.6621492682962,"direct_energy":2774.6049045335676,"avg_energy":110.75813023083273,"direct_avg_energy":117.71127426228557,"EE":2046.2526686159824,"direct_EE":1741.2573081083008,"model_sys_energy":14771.670890443746,"direct_model_sys_energy":17373.881084442495,"model_avg_energy":670.87425291102659,"direct_model_avg_energy":723.76516486174728,"sum_rate":5.6893795977328382E+6,"direct_sum_rate":4.9741296021413226E+6,"direct_avg_rate_DUE":153941.09737498505,"DUE_power_limit":2,"Mslot":2,"method":"proposed-2","time":4500.16354}