{"NUM_UE":12,"NUM_RUE":3,"connected":2,"NUM_DUE":9,"MAX_LEN":1,"SEED":8,"sys_energy":1903.9515356757393,"direct_energy":2227.3670766375735,"avg_energy":163.08684498560208,"direct_avg_energy":170.98276026905668,"EE":1351.2142929803163,"direct_EE":1138.274832578523,"model_sys_energy":11521.474063602189,"direct_model_sys_energy":13954.256839319019,"model_avg_energy":959.54868273282091,"direct_model_avg_energy":1077.3519632237274,"sum_rate":2.9102844468294252E+6,"direct_sum_rate":2.5427239077631468E+6,"direct_avg_rate_DUE":117962.03336707666,"DUE_power_limit":2,"Mslot":2,"method":"proposed-1","time":593.356461}