{"NUM_UE":12,"NUM_RUE":3,"connected":3,"NUM_DUE":9,"MAX_LEN":2,"SEED":11,"sys_energy":1294.3071042423778,"direct_energy":1999.9896736413791,"avg_energy":112.34537737676062,"direct_avg_energy":139.00884237026364,"EE":2863.9755095404057,"direct_EE":1667.2600371562332,"model_sys_energy":7693.6503447166,"direct_model_sys_energy":12459.936225896741,"model_avg_energy":661.18918614226664,"direct_model_avg_energy":839.24071782848921,"sum_rate":7.6449744259656128E+6,"direct_sum_rate":3.3455483795871413E+6,"direct_avg_rate_DUE":147166.94783170367,"DUE_power_limit":2,"Mslot":2,"method":"proposed-2","time":2073.253427}