{"NUM_UE":16,"NUM_RUE":4,"connected":4,"NUM_DUE":12,"MAX_LEN":1,"SEED":29,"sys_energy":1744.0807852578239,"direct_energy":2317.9350304373274,"avg_energy":150.34545148797963,"direct_avg_energy":185.904134910717,"EE":3985.1578078469925,"direct_EE":2960.85880614112,"model_sys_energy":10215.893120470841,"direct_model_sys_energy":14374.832909916933,"model_avg_energy":860.56298176236021,"direct_model_avg_energy":1170.9971774403,"sum_rate":9.9086218793188948E+6,"direct_sum_rate":6.8885018725866526E+6,"direct_avg_rate_DUE":79579.56536957655,"DUE_power_limit":2,"Mslot":2,"method":"proposed-1","time":1857.459083}