{"NUM_UE":12,"NUM_RUE":3,"connected":2,"NUM_DUE":9,"MAX_LEN":2,"SEED":29,"sys_energy":1101.0924590393688,"direct_energy":1697.5504980732865,"avg_energy":116.0337361249763,"direct_avg_energy":147.49407014474122,"EE":3694.5346477568914,"direct_EE":2355.8444031469644,"model_sys_energy":6385.6307603683836,"direct_model_sys_energy":10282.503089956106,"model_avg_energy":698.63612701363445,"direct_model_avg_energy":898.91191806578524,"sum_rate":5.2687663546612794E+6,"direct_sum_rate":3.999164839945294E+6,"direct_avg_rate_DUE":78761.986489298317,"DUE_power_limit":2,"Mslot":2,"method":"proposed-2","time":3348.610745}