{"NUM_UE":16,"NUM_RUE":4,"connected":3,"NUM_DUE":12,"MAX_LEN":1,"SEED":12,"sys_energy":1648.0971194018152,"direct_energy":2112.243373914841,"avg_energy":113.498539309128,"direct_avg_energy":143.13326125563009,"EE":1838.7597860043386,"direct_EE":1392.9811721011256,"model_sys_energy":9525.8607382045666,"direct_model_sys_energy":12648.191689464082,"model_avg_energy":671.497201995608,"direct_model_avg_energy":872.76105396450816,"sum_rate":5.0593694109918093E+6,"direct_sum_rate":2.947080372700464E+6,"direct_avg_rate_DUE":25025.736343008579,"DUE_power_limit":2,"Mslot":2,"method":"proposed-1","time":1016.16816}