{"NUM_UE":24,"NUM_RUE":6,"connected":6,"NUM_DUE":18,"MAX_LEN":1,"SEED":32,"sys_energy":1857.6644680778293,"direct_energy":2728.7838678588678,"avg_energy":80.4215368997022,"direct_avg_energy":131.21381284790792,"EE":1727.1623121822843,"direct_EE":1121.533761257509,"model_sys_energy":10296.413210559203,"direct_model_sys_energy":16119.625963004217,"model_avg_energy":454.39829266588686,"direct_model_avg_energy":771.836738225442,"sum_rate":8.8890184835726619E+6,"direct_sum_rate":3.0937524180317796E+6,"direct_avg_rate_DUE":46292.899947413971,"DUE_power_limit":2,"Mslot":2,"method":"proposed-1","time":4247.541864}