{"NUM_UE":24,"NUM_RUE":6,"connected":5,"NUM_DUE":18,"MAX_LEN":2,"SEED":29,"sys_energy":2037.9530130899827,"direct_energy":3253.3041426595541,"avg_energy":127.54737948459199,"direct_avg_energy":155.7987962273703,"EE":2994.1597231605888,"direct_EE":1768.8455983729075,"model_sys_energy":11283.667432483124,"direct_model_sys_energy":20119.467828240562,"model_avg_energy":748.09003052349635,"direct_model_avg_energy":970.96787533924271,"sum_rate":1.2574529019952487E+7,"direct_sum_rate":5.8023070855078949E+6,"direct_avg_rate_DUE":69696.845451211033,"DUE_power_limit":2,"Mslot":2,"method":"proposed-2","time":13385.404139}