{"NUM_UE":16,"NUM_RUE":4,"connected":3,"NUM_DUE":12,"MAX_LEN":1,"SEED":2,"sys_energy":2299.1798806446268,"direct_energy":2898.480313804831,"avg_energy":159.31347300675066,"direct_avg_energy":183.76840849910741,"EE":1891.0465581593046,"direct_EE":1468.6219819032481,"model_sys_energy":14160.252176383192,"direct_model_sys_energy":18159.210460826955,"model_avg_energy":981.562012868714,"direct_model_avg_energy":1153.4508209152195,"sum_rate":6.9239487206089441E+6,"direct_sum_rate":4.2788944971234025E+6,"direct_avg_rate_DUE":67883.183045016543,"DUE_power_limit":2,"Mslot":2,"method":"proposed-1","time":1497.056498}