{"NUM_UE":16,"NUM_RUE":4,"connected":1,"NUM_DUE":12,"MAX_LEN":2,"SEED":28,"sys_energy":1948.9170289989629,"direct_energy":2154.4603134306412,"avg_energy":134.99179264180455,"direct_avg_energy":139.63467173657841,"EE":544.69517269736957,"direct_EE":485.21471092651655,"model_sys_energy":11629.768521293765,"direct_model_sys_energy":13033.602088315623,"model_avg_energy":806.56438379265842,"direct_model_avg_energy":844.3548269655073,"sum_rate":1.2116373376871136E+6,"direct_sum_rate":1.0517655218741256E+6,"direct_avg_rate_DUE":23207.3594169361,"DUE_power_limit":2,"Mslot":2,"method":"proposed-2","time":6119.016641}