{"NUM_UE":24,"NUM_RUE":6,"connected":4,"NUM_DUE":18,"MAX_LEN":1,"SEED":2,"sys_energy":2237.85605219907,"direct_energy":2733.4278060825404,"avg_energy":116.2176956546827,"direct_avg_energy":139.66384004981651,"EE":1686.7718285357423,"direct_EE":1365.8056542849893,"model_sys_energy":12999.421783300444,"direct_model_sys_energy":16358.085557621678,"model_avg_energy":705.38368121527276,"direct_model_avg_energy":862.25903678281111,"sum_rate":6.036264275303103E+6,"direct_sum_rate":3.8068774107653513E+6,"direct_avg_rate_DUE":35950.571306115846,"DUE_power_limit":2,"Mslot":2,"method":"proposed-1","time":1920.128674}