{"NUM_UE":12,"NUM_RUE":3,"connected":2,"NUM_DUE":9,"MAX_LEN":2,"SEED":32,"sys_energy":1559.0010807963838,"direct_energy":2096.7993867641653,"avg_energy":154.97341070849032,"direct_avg_energy":165.71530729908818,"EE":2857.269958360559,"direct_EE":2066.8206739449247,"model_sys_energy":9552.0943133479032,"direct_model_sys_energy":13180.510102334825,"model_avg_energy":949.9018611489613,"direct_model_avg_energy":1041.8138597003917,"sum_rate":5.5908102537711728E+6,"direct_sum_rate":4.3416579707807694E+6,"direct_avg_rate_DUE":204060.67435443788,"DUE_power_limit":2,"Mslot":2,"method":"proposed-2","time":1106.353768}