{"NUM_UE":16,"NUM_RUE":4,"connected":2,"NUM_DUE":12,"MAX_LEN":2,"SEED":21,"sys_energy":1480.44165917207,"direct_energy":2016.0678583085037,"avg_energy":105.28920474384608,"direct_avg_energy":133.99907555111625,"EE":1610.4550442123536,"direct_EE":1120.6259891286923,"model_sys_energy":8255.8749440849824,"direct_model_sys_energy":11984.349514790783,"model_avg_energy":584.1521839686045,"direct_model_avg_energy":798.32609831178411,"sum_rate":4.6066246866649408E+6,"direct_sum_rate":2.2660292479761029E+6,"direct_avg_rate_DUE":27260.586872771888,"DUE_power_limit":2,"Mslot":2,"method":"proposed-2","time":6944.057953}