{"NUM_UE":12,"NUM_RUE":3,"connected":2,"NUM_DUE":9,"MAX_LEN":2,"SEED":12,"sys_energy":1213.7159946781956,"direct_energy":1615.2253638020311,"avg_energy":132.22816752011155,"direct_avg_energy":157.08592232953436,"EE":3113.68504822151,"direct_EE":2327.2016955751346,"model_sys_energy":7015.8628639317358,"direct_model_sys_energy":9734.3000812553746,"model_avg_energy":789.71077194494057,"direct_model_avg_energy":980.46571877007648,"sum_rate":5.1458865235383157E+6,"direct_sum_rate":3.7620418503555357E+6,"direct_avg_rate_DUE":21359.392967054646,"DUE_power_limit":2,"Mslot":2,"method":"proposed-2","time":4373.480552}