{"NUM_UE":16,"NUM_RUE":4,"connected":3,"NUM_DUE":12,"MAX_LEN":2,"SEED":19,"sys_energy":1469.1073603313487,"direct_energy":2443.6128147789591,"avg_energy":108.9272751129628,"direct_avg_energy":136.9785279612463,"EE":1065.652416401158,"direct_EE":595.63309491850873,"model_sys_energy":8613.69922576353,"direct_model_sys_energy":15174.40363363361,"model_avg_energy":631.0976713033383,"direct_model_avg_energy":822.62309902502068,"sum_rate":3.3128673117274097E+6,"direct_sum_rate":1.4609918644668544E+6,"direct_avg_rate_DUE":45217.212473588144,"DUE_power_limit":2,"Mslot":2,"method":"proposed-2","time":11575.243691}