{"NUM_UE":16,"NUM_RUE":4,"connected":2,"NUM_DUE":12,"MAX_LEN":2,"SEED":11,"sys_energy":2221.1997978162485,"direct_energy":2653.1809060179653,"avg_energy":161.45502674384124,"direct_avg_energy":173.84532122861947,"EE":2387.8872416438976,"direct_EE":1978.2742447307578,"model_sys_energy":13612.115931777666,"direct_model_sys_energy":16691.067995289821,"model_avg_energy":975.730696157643,"direct_model_avg_energy":1096.0941333996536,"sum_rate":5.9134082910719467E+6,"direct_sum_rate":5.2646213220915673E+6,"direct_avg_rate_DUE":95918.409117530377,"DUE_power_limit":2,"Mslot":2,"method":"proposed-2","time":10231.792769}