{"NUM_UE":20,"NUM_RUE":5,"connected":4,"NUM_DUE":15,"MAX_LEN":2,"SEED":25,"sys_energy":1534.2163515400925,"direct_energy":2504.0147799608517,"avg_energy":108.22612294086397,"direct_avg_energy":133.33964825445076,"EE":1681.0740346531018,"direct_EE":878.22340374742816,"model_sys_energy":8669.522149113749,"direct_model_sys_energy":15368.801678629232,"model_avg_energy":598.645908247521,"direct_model_avg_energy":792.99808567508956,"sum_rate":7.4101846523682894E+6,"direct_sum_rate":2.2691206314474936E+6,"direct_avg_rate_DUE":59451.708758675864,"DUE_power_limit":2,"Mslot":2,"method":"proposed-2","time":16232.442442}