{"NUM_UE":16,"NUM_RUE":4,"connected":3,"NUM_DUE":12,"MAX_LEN":2,"SEED":12,"sys_energy":1385.5717145147159,"direct_energy":2112.243373914841,"avg_energy":107.81321048823474,"direct_avg_energy":143.13326125563009,"EE":2199.7602164395871,"direct_EE":1392.9811721011256,"model_sys_energy":7827.5989333043253,"direct_model_sys_energy":12648.191689464082,"model_avg_energy":636.777134613487,"direct_model_avg_energy":872.76105396450816,"sum_rate":7.5206053331297226E+6,"direct_sum_rate":2.947080372700464E+6,"direct_avg_rate_DUE":25025.736343008579,"DUE_power_limit":2,"Mslot":2,"method":"proposed-2","time":3698.305042}