{"NUM_UE":8,"NUM_RUE":2,"connected":1,"NUM_DUE":6,"MAX_LEN":2,"SEED":23,"sys_energy":925.68887571813434,"direct_energy":1083.5985596855533,"avg_energy":122.76272588595954,"direct_avg_energy":142.78775038855127,"EE":342.70456727730567,"direct_EE":289.33407468035188,"model_sys_energy":5390.1997265161826,"direct_model_sys_energy":6429.5772907800465,"model_avg_energy":732.08996395959753,"direct_model_avg_energy":869.97355341909611,"sum_rate":410115.61616457987,"direct_sum_rate":313521.9865915816,"direct_avg_rate_DUE":21460.727829911415,"DUE_power_limit":2,"Mslot":2,"method":"proposed-2","time":628.74533}