{"NUM_UE":16,"NUM_RUE":4,"connected":4,"NUM_DUE":12,"MAX_LEN":2,"SEED":34,"sys_energy":1283.0976472378672,"direct_energy":2308.918039507806,"avg_energy":139.17526584304662,"direct_avg_energy":157.58070268359802,"EE":2554.5054058141823,"direct_EE":1283.402355158446,"model_sys_energy":6916.2497453191054,"direct_model_sys_energy":14283.897700869666,"model_avg_energy":805.69273231995476,"direct_model_avg_energy":984.092396470076,"sum_rate":5.8590858395181764E+6,"direct_sum_rate":2.9749084173039957E+6,"direct_avg_rate_DUE":92365.551610573122,"DUE_power_limit":2,"Mslot":2,"method":"proposed-2","time":6220.657349}