{"NUM_UE":12,"NUM_RUE":3,"connected":2,"NUM_DUE":9,"MAX_LEN":1,"SEED":20,"sys_energy":1796.3452897463221,"direct_energy":2103.9302177630084,"avg_energy":151.95900794874004,"direct_avg_energy":163.03671908853667,"EE":3251.5576997032531,"direct_EE":2712.3780340627591,"model_sys_energy":10883.728546688095,"direct_model_sys_energy":13131.542235627761,"model_avg_energy":874.72656672038022,"direct_model_avg_energy":1013.7575470632937,"sum_rate":7.3952930361104691E+6,"direct_sum_rate":5.8064389230032945E+6,"direct_avg_rate_DUE":268397.81202766031,"DUE_power_limit":2,"Mslot":2,"method":"proposed-1","time":750.479966}