{"NUM_UE":24,"NUM_RUE":6,"connected":5,"NUM_DUE":18,"MAX_LEN":2,"SEED":14,"sys_energy":2107.2960243561984,"direct_energy":3276.9633611431695,"avg_energy":165.46074085851993,"direct_avg_energy":191.07368200989535,"EE":2968.5672348828825,"direct_EE":1840.6127913584849,"model_sys_energy":11369.770799664679,"direct_model_sys_energy":20271.554631874962,"model_avg_energy":908.64020822360771,"direct_model_avg_energy":1198.303089724983,"sum_rate":8.5340092346753012E+6,"direct_sum_rate":6.0654753876334205E+6,"direct_avg_rate_DUE":37055.844820910621,"DUE_power_limit":2,"Mslot":2,"method":"proposed-2","time":14598.301389}