{"NUM_UE":20,"NUM_RUE":5,"connected":5,"NUM_DUE":15,"MAX_LEN":1,"SEED":17,"sys_energy":1823.4713327919587,"direct_energy":2531.5909972748541,"avg_energy":105.59163476123851,"direct_avg_energy":143.10289531129385,"EE":595.19427181281742,"direct_EE":409.93695547987238,"model_sys_energy":10613.45055001334,"direct_model_sys_energy":15392.137514643895,"model_avg_energy":629.83076621229338,"direct_model_avg_energy":872.51625162740675,"sum_rate":2.0372623013724224E+6,"direct_sum_rate":1.0584352525904158E+6,"direct_avg_rate_DUE":21464.603988092978,"DUE_power_limit":2,"Mslot":2,"method":"proposed-1","time":1651.446255}