{"NUM_UE":16,"NUM_RUE":4,"connected":1,"NUM_DUE":12,"MAX_LEN":1,"SEED":25,"sys_energy":2397.3891522951972,"direct_energy":2530.4983325952189,"avg_energy":169.65113198530116,"direct_avg_energy":177.344186807286,"EE":872.68468253523531,"direct_EE":816.76154677393424,"model_sys_energy":14745.420432319879,"direct_model_sys_energy":15792.084367951496,"model_avg_energy":1028.5623652498198,"direct_model_avg_energy":1113.4927267301352,"sum_rate":2.4620427828573096E+6,"direct_sum_rate":2.0745297028724526E+6,"direct_avg_rate_DUE":70767.306856623574,"DUE_power_limit":2,"Mslot":2,"method":"proposed-1","time":572.881276}