{"NUM_UE":16,"NUM_RUE":4,"connected":4,"NUM_DUE":12,"MAX_LEN":1,"SEED":20,"sys_energy":1584.763062141514,"direct_energy":2226.6384190424783,"avg_energy":109.11012841770314,"direct_avg_energy":132.98290235054714,"EE":2437.9740118924933,"direct_EE":1671.0183404550735,"model_sys_energy":9274.3225312389841,"direct_model_sys_energy":13662.189617685179,"model_avg_energy":623.48198525111843,"direct_model_avg_energy":790.12808365241472,"sum_rate":5.4095159699019408E+6,"direct_sum_rate":3.7549463520195028E+6,"direct_avg_rate_DUE":104409.2830655009,"DUE_power_limit":2,"Mslot":2,"method":"proposed-1","time":4645.976097}