{"NUM_UE":24,"NUM_RUE":6,"connected":5,"NUM_DUE":18,"MAX_LEN":1,"SEED":17,"sys_energy":2651.9388695813927,"direct_energy":3207.9451867697067,"avg_energy":174.68663495117246,"direct_avg_energy":199.06213419141815,"EE":818.01576508187145,"direct_EE":659.13556256335062,"model_sys_energy":15032.567851754166,"direct_model_sys_energy":19605.482374204967,"model_avg_energy":982.78886623121309,"direct_model_avg_energy":1243.3353138726955,"sum_rate":3.4476133713545222E+6,"direct_sum_rate":2.1384990029263962E+6,"direct_avg_rate_DUE":17109.624437433446,"DUE_power_limit":2,"Mslot":2,"method":"proposed-1","time":3011.842833}