{"NUM_UE":24,"NUM_RUE":6,"connected":6,"NUM_DUE":18,"MAX_LEN":1,"SEED":29,"sys_energy":2430.6233965540305,"direct_energy":3253.3041426595541,"avg_energy":122.23148318309677,"direct_avg_energy":155.7987962273703,"EE":2417.906531284917,"direct_EE":1768.8455983729075,"model_sys_energy":14067.306613338535,"direct_model_sys_energy":20119.467828240562,"model_avg_energy":700.68092578870619,"direct_model_avg_energy":970.96787533924271,"sum_rate":9.9436782872553244E+6,"direct_sum_rate":5.8023070855078949E+6,"direct_avg_rate_DUE":69696.845451211033,"DUE_power_limit":2,"Mslot":2,"method":"proposed-1","time":1597.60469}