{"NUM_UE":12,"NUM_RUE":3,"connected":2,"NUM_DUE":9,"MAX_LEN":2,"SEED":35,"sys_energy":1257.4106528721375,"direct_energy":1678.9655141075518,"avg_energy":153.5158576733597,"direct_avg_energy":175.9667028878564,"EE":6737.2397651078572,"direct_EE":5032.5252499727958,"model_sys_energy":7256.1925681309685,"direct_model_sys_energy":10109.928553111888,"model_avg_energy":912.70045106655107,"direct_model_avg_energy":1102.9951721791317,"sum_rate":8.7886401069832463E+6,"direct_sum_rate":8.4514095863012336E+6,"direct_avg_rate_DUE":44598.17152079619,"DUE_power_limit":2,"Mslot":2,"method":"proposed-2","time":2697.928569}