{"NUM_UE":20,"NUM_RUE":5,"connected":3,"NUM_DUE":15,"MAX_LEN":2,"SEED":22,"sys_energy":1777.7028600395306,"direct_energy":2562.0996458628092,"avg_energy":115.50170017262971,"direct_avg_energy":132.71907696785965,"EE":2633.4808627885186,"direct_EE":1788.4665956122228,"model_sys_energy":10306.475355111934,"direct_model_sys_energy":15625.825526583791,"model_avg_energy":661.44339639742748,"direct_model_avg_energy":788.01210133795632,"sum_rate":5.8515811601380194E+6,"direct_sum_rate":4.6219616105997991E+6,"direct_avg_rate_DUE":88333.712509113437,"DUE_power_limit":2,"Mslot":2,"method":"proposed-2","time":21256.104952}